-58.1593928076486,-37.08452266980181,-59.53524107136195
-56.695483188427225,-39.79787883087593,-438.4389761903198
-57.27078866868798,-37.538592782142125,-94.26728381862497
-55.99196950622964,-37.09569071648256,-123.5676249533704
-58.52532621603334,-36.7589903048774,-123.27393988552828
-56.81697003265781,-39.691895994669956,-423.7420673665501
-55.44201724230502,-38.68810462659911,-253.2108888342558
-58.51900194132578,-36.51307987674147,-58.592393203367905
-55.1717111872743,-37.38222825647942,-404.64843137178104
-56.95528206165229,-36.05150034782428,-166.51062207454606
-55.45552540608552,-35.95307228372784,-229.8187895764099
-59.37897063477417,-38.03573985597872,-89.33433718991984
-58.186721739125964,-38.72139042423787,-413.2191691668038
-58.18451872139085,-37.3986283450609,-179.5402730855244
-56.399053853083196,-35.34595230224788,-356.98526280481593
-55.3760575810842,-35.844106433096584,-233.5104493586342
-55.91134959562614,-39.229440896186716,-172.59783929081343
-56.55935752905981,-38.317418864489355,-415.76216865098
-55.10938032447368,-35.20010038834098,-496.3042192350579
-58.52912463257432,-39.9005958242298,-293.2608882699664
-59.58839534202375,-35.91461441408678,-379.9051903603418
-59.77882227505115,-37.61967946454092,-384.4153679074776
-58.03380774972453,-39.669301639444335,-197.0726491609915
-59.871147942257004,-37.82568382340784,-238.17629346046004
-59.50797537544194,-37.47165209392014,-225.40174031642795
-55.66879095838073,-38.40582794208683,-254.24041937808866
-56.62669053304475,-35.191666127441096,-239.49760588075463
-56.72722694671817,-38.15235771494655,-255.38268363428216
-59.247570284536295,-37.528855193973946,-172.3278991302288
-55.302565019763165,-39.47261717936434,-82.134485119083
-57.93604396628329,-36.01412922564746,-100.65271223759294
-58.681059213487266,-38.48460094376567,-490.58818258758436
-59.502708323726665,-35.05881053616927,-477.0654316484678
-55.639556718086624,-37.30017017058488,-231.71960100159353
-56.82878215946763,-37.96771794469711,-206.91908295992914
-59.06257096152793,-35.115372891840146,-433.2754716689281
-59.41314170658535,-39.583051158027224,-418.95035395452084
-58.49021543283872,-39.59372732810749,-373.2617104698134
-55.51276197927786,-36.31942906988087,-264.0581659716623
-55.9027251555804,-39.298495100078256,-232.00477793362515
-57.21283646441436,-38.57653227592666,-406.5017978196415
-56.08733646232754,-37.45505244892174,-134.3844018485098
-59.99963819317949,-35.63477189313868,-451.9680301092697
-57.04760659309243,-39.48611241746539,-73.91315835240736
-59.508621921997346,-38.621731802294434,-323.8656279150119
-59.38858882175473,-37.426445848836245,-453.96312980895783
-58.672425603709094,-38.02233095751611,-335.0881581578789
-58.88464267360692,-36.24621471876888,-407.92690469416357
-55.198703728665755,-37.76859394596737,-407.88938904006693
-58.23645596407207,-36.97083173898054,-246.8547078932537
-57.90716475446544,-37.85116980971483,-266.8743612242223
-59.63057337074152,-38.18106317099224,-82.27618149638597
-57.6329959699401,-38.61732282405804,-65.12261360065739
-57.068453022774996,-35.586563748158795,-346.2776806099174
-59.57107171634748,-35.06859187721494,-272.6559732093777
-59.26767233925953,-38.78272232028276,-412.8772902397265
-59.80387171594052,-36.58905080355145,-402.1317660876884
-55.9409507609622,-36.53189886681357,-355.2951692445076
-56.152768078083795,-39.924682075533966,-83.9059679889171
-59.01218393532863,-38.10954911814745,-401.98196711958406
-56.69160564898212,-36.485495473008044,-323.2552385959091
-57.78661321873,-37.049227149226,-315.6265763267039
-55.84264529633636,-39.955059176072425,-433.7131435454148
-57.05349768967477,-39.01311571508412,-213.5435452256878
-57.84871199300305,-39.853960167817505,-453.6713365933388
-57.86902243132976,-37.9648614839794,-352.97849491331715
-57.053534340160354,-39.24694387923448,-383.9772575431287
-56.089769901259515,-36.99335983723947,-481.6843396263146
-57.22326893780481,-37.06490487255984,-102.8968755177179
-59.15260918569694,-36.91764127109948,-414.20925090675894
-56.25665226608816,-37.84349173980507,-342.2305109603518
-59.98360697499278,-39.64472695025543,-150.21609700592734
-55.19583072348632,-35.38284145085344,-407.16054287947225
-55.134753954107225,-37.62528972367529,-460.89279929380433
-59.196822662386836,-38.93015692938856,-125.52930918971428
-57.14257453079672,-37.2977079485341,-332.1626461698058
-58.378525290007715,-38.464932303753535,-227.1394837076413
-55.544373873092866,-39.3305569754088,-375.3080911305393
-58.08292487270345,-37.4687434086252,-399.292775067961
-57.89179416121147,-37.993696109567466,-485.3735799672606
-57.7397926801808,-39.73438081197,-247.18705460055682
-59.37672262192672,-36.64722698009954,-107.02010100575863
-57.27134729691713,-37.40360699651156,-184.55433721982936
-59.25670061464059,-38.44821613475872,-193.2297757223426
-59.975450567601726,-35.635104981854745,-134.39472337398342
-56.496197410985864,-38.53033614510362,-400.898838219412
-58.72454460009887,-39.60479247934895,-114.40437277585879
-57.4069731057634,-38.056454594976564,-409.5262613832811
-56.05886263712678,-39.973007872361244,-167.63214434804988
-59.75951982167979,-36.71004660497782,-483.1302316125198
-56.19934135536245,-37.481705007330234,-165.0649218762982
-57.468150661794844,-35.01677265243052,-403.26498048451015
-56.281746398513654,-36.791879170989624,-168.72491035032533
-56.61778332295195,-37.263176175672164,-255.3475677706406
-56.64785807312879,-39.71045422049847,-495.0178495284232
-56.414218923790884,-38.62068671752478,-155.28290279140117
-57.04419048098534,-37.76516234542715,-294.75428176084756
-56.959379365660276,-37.34630207050806,-49.91947097221227
-58.79439547506112,-36.46240051656547,-429.15324769003576
-58.2459746790031,-39.920743453780524,-480.3810939535835
-58.68361559049103,-35.615245100612945,-219.81900325128828
-58.714113353669774,-35.72944105225404,-161.54499962295876
-59.25027965948942,-39.18389468799292,-359.4309586114255
-55.299308574387375,-35.5228204415489,-399.69651334979443
-55.34362846434908,-38.748473152570725,-285.37271665913784
-59.184163015219625,-35.780475692382645,-464.48105377935383
-57.62346732571382,-37.98470201327271,-265.3580214757385
-57.46283636302563,-37.799549097647606,-197.8465346171703
-55.01342690841223,-35.92307270724932,-460.4157443307694
-58.58019872589888,-38.789292026704246,-424.46918238416026
-57.20981826964798,-37.58939857281226,-453.08783289463355
-57.02884168979806,-35.20078971324495,-440.7311230935627
-55.581748832917434,-38.44314522042988,-69.44522695498293
-56.43754651686575,-37.61023862239108,-360.4624944642419
-59.90643842852552,-36.86069430329419,-156.08686577763632
-55.18064842684119,-36.590096573612726,-503.083387882287
-57.938786126382034,-39.14674322814746,-177.65123105277834
-58.63842509151299,-35.248895447195814,-325.8482866372632
-55.26907470954653,-35.51707359686254,-83.7113926595458
-57.32752950702097,-39.74754028847965,-180.5478640477209
-59.793671878688414,-37.968737669831796,-430.13047496320564
-59.55142872069499,-37.37124888742326,-196.34719104977364
-56.44099556518514,-36.92775192964574,-288.73731675771563
-57.0969177370392,-37.30820761209087,-134.8522367168727
-56.83371343968287,-36.6287276825871,-372.8294439186957
-58.28701298050032,-38.07775848002906,-424.79444140949795
-55.635495038514314,-35.9550719416709,-354.66884693588514
-59.53983583224305,-38.472050438521585,-378.14061189482806
-55.3300516229447,-37.76934713424957,-339.0886987107242
-59.092875312932854,-38.02138541194057,-321.5522682371385
-59.475978181508935,-38.66072171904914,-341.70791871473295
-55.97854007250589,-37.744155134285954,-257.70646757744566
-59.71050164541107,-39.64075098650597,-422.17921474980983
-56.80046628879668,-39.892868194696426,-102.71899426270298
-55.01466523720676,-35.79793659833073,-300.0572483403036
-56.45617534566481,-37.60128420577204,-329.0290951973525
-55.7790452865818,-38.04674918268141,-433.2529781336069
-58.40792827538978,-38.7506255625969,-215.3507936337493
-55.147613350118604,-39.56414275631946,-170.0173086464518
-55.71110056573505,-37.519214337930386,-346.619286269273
-57.41907567747033,-37.90772230003453,-483.41108375049004
-58.972228942023285,-36.07758334869525,-224.6314688283539
-57.4880415032943,-36.27541727268777,-377.0830367317727
-55.57643401325207,-37.73622883464151,-195.04133452879412
-56.34465303395087,-37.05747131890887,-373.8778403091545
-59.86190105149173,-39.74700285631973,-233.20589008731574
-58.26518911426755,-35.53358659452329,-206.24182240558852
-55.072964787167805,-36.004644091816594,-328.37936682947117
-58.300794238367814,-36.02836091191797,-122.92266318241782
-57.577304231631416,-35.58025362217907,-60.44906830515482
-58.54954507117327,-36.143489230924544,-240.08630603851597
-55.49772877411532,-37.357892370683416,-367.6957730907435
-57.01402951291143,-37.93087766031921,-489.57481320598333
-55.65160725996799,-35.12074056028018,-468.4178637686386
-55.14755809779672,-37.031736208190054,-81.49526057966575
-58.68701092301175,-35.43022896680924,-243.68885643808713
-59.36958959786292,-37.11378303066046,-178.42657383084162
-58.69658632167382,-35.37740134892115,-148.5416715013835
-57.49746165842895,-36.074761293207374,-201.0300609497641
-56.51813089966824,-37.722248995422895,-233.57025833114534
-58.616055867892065,-37.42752208304109,-323.9094653955958
-55.58775817999544,-38.87127768309076,-275.9560343377099
-59.990107581605386,-39.317448530468035,-148.381852414277
-55.48905600092763,-36.05120032973604,-193.39044573821946
-57.72032583826084,-36.819636476753836,-70.08441119387128
-55.28152731362452,-37.2564412732443,-486.78721837438553
-55.61530749784224,-38.69669016967105,-67.43521319286306
-57.878406412308394,-38.845056502828314,-130.31946256811267
-58.65927043311649,-38.5062676341931,-172.41430194047038
-56.510685385065614,-36.16968199582587,-447.9455044547492
-55.920369041596686,-38.62113436886855,-333.7108358731482
-59.80964766200121,-36.05306530104846,-88.24654523771126
-58.39462422876304,-38.40828204409235,-304.8296320224483
-58.158404033290346,-36.804445201167226,-45.13660302412899
-56.775435174029184,-37.63166140827829,-176.25083391756658
-55.780186931446195,-37.96537900033006,-214.3085427366928
-56.664626897016845,-35.38463702945853,-84.11670466014363
-59.77076910963498,-35.811864949708045,-370.99437485808915
-58.357233835031025,-38.47319448790584,-431.30207391146956
-55.103215465944686,-35.78280321766152,-74.80888806820163
-59.84193171603454,-37.45654819781332,-337.8834951783065
-56.122654453041505,-36.134444977640214,-255.06531804767275
-56.78787957040131,-35.65372332175189,-101.49088849520422
-56.32635128841911,-37.33311614896084,-278.59622827872414
-59.618242086087356,-39.81766689936807,-382.695875591447
-58.05945058996792,-39.81681456707498,-375.117916917002
-56.08187028753902,-35.24163537654958,-453.6136343708378
-55.509216916526086,-37.017814249215014,-341.34492633466516
-57.48884830509913,-35.71276772498898,-149.6285557926425
-56.40931120375499,-36.22053362562313,-334.51162854092405
-59.678481091853584,-39.850100126923955,-170.10441580978014
-59.6738165536831,-39.09381546235349,-204.64331578883431
-56.395449022821936,-39.866736822162956,-272.8434108543653
-57.19481163429466,-38.10546415891547,-430.6388706973094
-59.22983181806323,-38.91993470886621,-399.452459568279
-58.334074942113574,-38.75893022518427,-128.09969016396505
-57.853414188066225,-38.676905150714965,-269.1987782792921
-56.262495391556385,-35.72406688310331,-241.84718786044823
-57.24710801055287,-35.038821973111865,-483.0711407988913
-59.89831424913384,-38.59445475519223,-271.46814543706296
-55.29345716922727,-36.89752239909371,-88.6643247580028
-58.36301150980367,-39.30047485428474,-394.1760244122405
-59.43143947169314,-35.914866921283334,-98.1885423051706
-57.34556715640357,-35.445323149815415,-263.9715917398437
-56.394698517893985,-36.24986889213153,-98.9105846765526
-55.08877562790127,-39.8254455207211,-452.3304794395879
-57.242917737215734,-39.3284259512885,-447.4234385587904
-56.039308686338764,-35.745271836972684,-404.9953103065025
-55.59627210791265,-36.0509476997586,-476.96875940033345
-56.20014878042699,-39.683256710673234,-431.3318574223495
-59.919325557419526,-39.2080665540194,-207.96461807058174
-56.12899464085398,-37.12236709949033,-332.68672352425654
-58.28166566577131,-39.70211759122795,-80.5764445516941
-59.70183852328151,-37.92370934924046,-127.63223867528819
-55.385089580138505,-36.173243140090875,-360.3083386338424
-55.70443769546597,-37.6632395176277,-379.95383000143374
-55.47048091885001,-38.96041007662844,-64.1492983272891
-59.21217204495311,-38.44231136623318,-96.90294148964095
-57.77005963924046,-35.527951394633696,-429.0390500732471
-55.132661653248284,-39.508311562188304,-447.3475851309325
-58.06847807473553,-39.15872933946026,-253.54250537257934
-55.79781099346083,-38.98871081123682,-284.0942009453074
-55.542511465249376,-37.04254251824819,-124.23281696356908
-59.8966219065088,-39.76487639296031,-142.57440515134792
-55.909813881983155,-35.91819249697227,-120.97430396989974
-55.381678304733654,-35.395109774582025,-434.28962909069253
-55.678848915637325,-38.524439424109325,-352.564770734841
-59.14244061921531,-35.90266670504525,-92.36366472636105
-59.479048140992916,-37.85936670606266,-85.7109753297525
-59.701370076637325,-36.302351625221085,-443.44753883915195
-58.56956255671814,-37.67806774594437,-101.82972816582992
-55.6153838017805,-39.47357045218401,-130.6782968940992
-59.87591112583387,-35.36834817581604,-313.6988336091143
-56.83368262806629,-38.64267977251367,-60.44033904642746
-59.844736207097384,-36.920875734630904,-485.1453672866553
-59.37824652153327,-38.782497146094414,-47.59022736249311
-57.08441070061543,-35.91460252470982,-180.3646035351498
-56.669517981773616,-36.195551734141254,-144.70365958092555
-55.44370280126829,-37.79280298918228,-439.10094881602976
-59.13098154001214,-35.97137439689722,-333.71461815174047
-55.08389674391489,-38.94522467104522,-174.66742216631906
-56.48248618097539,-36.11904186067553,-159.8053695834952
-57.375277561778915,-35.09631280054663,-399.658052073601
-55.78776173364541,-38.84298894802216,-185.37859190150857
-56.86302928477397,-36.810689958059605,-340.5808709591841
-58.92201338304019,-36.95706712142299,-482.05038116948634
-55.29246451226061,-35.14820352734241,-327.8792966851177
-57.73900623131077,-35.54674758444362,-359.2041548680003
-57.32425637812013,-36.64724087851147,-455.1105063234226
-59.98267195092308,-39.451892497281385,-296.8802592964649
-55.98659976728213,-37.561874219138524,-127.73359949987116
-56.28700677666026,-38.018879707288455,-288.58378302193023
-55.21448334597628,-35.66495443622753,-154.84551861577043
-58.09121767946478,-36.058820932990265,-456.48300715749366
-56.25546815962354,-36.24854645926629,-339.237538179796
-55.88205393647007,-37.707570968629256,-477.1719304216459
-57.715879081879,-35.16258190523424,-326.1013962565194
-58.750776535870415,-38.72699281835545,-440.4878786461656
-56.45349922663948,-36.47060399799413,-492.09521290801524
-57.98594949601091,-39.60918081365879,-469.02921395923175
-56.61910705657463,-38.67829462458346,-452.61011663668853
-55.97840235353468,-39.45691337555809,-461.0412724968723
-59.23014615115779,-37.77109773757112,-252.23269363114036
-55.90096925233235,-39.436111189078844,-367.5337833974892
-56.925158345013514,-35.901169447556455,-450.33227743423913
-59.0879346295228,-39.1405200088283,-322.6688475072265
-56.30655538236587,-37.70043249774542,-461.24257839434273
-57.3671907688887,-38.16908979342247,-266.08476922978275
-58.46638891579032,-37.924845228238965,-230.49679686250667
-58.70876193535338,-36.86709371107796,-60.69253149245977
-55.44997321240134,-38.33475014819669,-82.0895274409409
-59.587542555969854,-39.558517538651,-433.61558682736654
-55.478763591797055,-36.49086821162747,-236.95383458692334
-59.75295609571522,-37.346683991478876,-135.96735872302781
-58.09408678639461,-37.40456667403962,-395.37369859869983
-55.044737267894206,-39.28907520758777,-349.41116182585694
-55.37460176979853,-35.368351317478854,-167.49053252006848
-56.69563970766118,-36.80336379855518,-411.3997640416607
-57.11300147993976,-37.13071158033419,-137.55987965517332
-58.57111285761142,-35.64067131499083,-439.9278184626701
-56.96390792074177,-37.258043675358316,-216.79474202733388
-59.62280060634624,-36.159204009224815,-361.67592206484767
-56.84595318606733,-37.76103576628354,-200.65610643712125
-58.98850173882165,-39.38300842598605,-307.9745041604164
-57.31305211596248,-39.27521464705959,-53.081936799077994
-56.862797577396044,-35.3259095362899,-111.7912330247781
-59.08344577625644,-38.09356470188656,-54.434269999669695
-59.49452899186009,-38.67713843604339,-404.4358836165051
-59.51897142314746,-35.4502074005206,-239.73313788637935
-59.38873963618407,-36.72194991253883,-346.4321535644002
-57.33511248006625,-39.52022756366413,-388.7904837873868
-56.08073888197383,-39.30123172052252,-253.34175828829564
-56.13395269645859,-35.72325020699425,-215.89749715764816
-57.73453641796059,-37.724504408270974,-192.86637166625897
-56.757856904228504,-38.411869310423874,-354.455854537634
-59.56511343941449,-36.17854499386858,-144.28929824614275
-55.866526495842876,-36.564893329667996,-117.02557620988519
-55.36317873905951,-38.74579504876333,-137.58887187041003
-58.33981482720762,-38.26444170736563,-426.2702441013578
-56.15707711333381,-36.10065282254572,-464.9737160643476
-55.28764974450212,-35.02793078798964,-479.92839065165475
-55.8693449467521,-38.93527315145367,-495.9491683443299
-56.20537437364196,-38.1078771313695,-354.6261181253415
-56.19452247431262,-38.4737690850353,-260.7366241276676
-55.23729694436308,-36.02455840917873,-332.69994695689104
-58.87477844916509,-38.76376254318644,-140.98611935125132
-56.90388198085573,-39.48066141543967,-174.4792987782218
-57.20719637407947,-35.07193257586996,-309.9336605249967
-57.30614385626923,-38.19167319617099,-86.08799107223119
-59.49789971637684,-35.882909481809044,-386.8697574909287
-55.099786826626186,-38.70547900576367,-332.13418701875395
-55.550966943351625,-37.08714432651588,-439.9582460411762
-56.914478492865605,-39.18138980116357,-461.09518959585307
-59.00163496765128,-35.53954989115227,-315.2170881339789
-59.79567279094221,-37.9286978934924,-274.14114198551584
-55.01611289719545,-35.99774571837714,-502.13169825171514
-56.07133870333047,-37.45119902531475,-488.2483472106258
-57.885572716458235,-36.25441134348585,-380.6133765446546
-57.85855662082196,-38.68967593383666,-193.9139974776519
-56.32951764591291,-36.662129243346186,-321.1880980513527
-55.7993584111691,-39.70351758367731,-195.5771205616825
-56.717230881453645,-37.90525361928799,-90.08385428719298
-59.600596832343754,-38.464547803326,-497.5470803328784
-56.87457435206096,-39.54804791935666,-435.5083165278881
-58.771324221171035,-37.64015985274039,-333.5831153361623
-59.470654793439444,-38.81599093793331,-219.53931945521296
-55.644155329648555,-36.91444300434225,-77.7528269317405
-55.281645189056796,-35.571552431637734,-317.1948255668883
-57.23922238453412,-35.65267209491564,-465.4011244370497
-59.57109520466263,-35.6231639498764,-248.3121249308623
-55.62047398398663,-35.875234403004974,-438.6856102142599
-56.5718135402088,-39.07705363743711,-293.988756929706
-56.48631283614928,-35.8988444187527,-471.227331707921
-55.51062439870851,-39.96402748973919,-108.26047606871533
-56.89897320126042,-39.09504535916941,-297.5517906166017
-55.46405207186842,-38.24162127441093,-426.3541041034443
-56.953729367767245,-35.275838994184056,-353.30560976741106
-56.43925537118254,-36.71445089749405,-77.62877784663891
-58.959082455153705,-37.64770560879636,-143.9300183004565
-59.604069463227944,-38.37331804751544,-145.00929058761753
-57.50460635377075,-35.00123704255561,-158.42360110637887
-56.24447602573854,-36.85531224025573,-213.4664747492702
-57.241178887677385,-38.861941921394745,-417.22803538694905
-56.582483867768836,-38.9479195854607,-171.28160600339203
-55.04843529782269,-38.75602119516145,-488.15211300573054
-56.069326171494836,-36.008258435127644,-494.8394844361843
-59.717545691542085,-38.86577389868384,-64.88955959384957
-55.22427448257599,-38.23669689375795,-389.18911296204715
-56.4573085510788,-39.03905765734239,-472.23287022431504
-59.33413983358539,-39.30623435428201,-158.3135161115896
-57.91738671801848,-37.60332985012855,-209.89807990466218
-58.49593725343017,-36.89780415634319,-466.8919418338721
-59.25969483811038,-35.027458940500466,-226.83729198907082
-59.5305015997285,-35.17768004046693,-124.39904121807746
-57.740810682100395,-37.09865993570267,-364.8197217809664
-55.80372697166471,-37.56926466837315,-300.1343948469004
-57.8878351400257,-38.27331543382675,-92.34231890266472
-56.6683201431122,-38.95581089399601,-57.64829156357743
-57.39481152681031,-35.79967477901849,-402.9018436745806
-56.60717368639504,-35.9760058118212,-327.58467420289077
-58.20503290336861,-36.430668361313344,-52.523642000597384
-59.23889838803268,-36.497280349395254,-429.2780029344073
-55.463869972895246,-35.441888773918706,-332.0698110795838
-57.85192083026089,-37.77857578604994,-86.80954180627188
-59.0556383992282,-37.91833525518938,-300.22850942916557
-55.37288667826989,-39.88221669550292,-86.61447465605262
-59.04293315938578,-38.26919337005328,-487.537926576181
-59.781696816213184,-36.21267372835599,-140.53674074375613
-56.96684414918089,-38.72055026166506,-74.07111958734015
-57.22625361987969,-39.342850011417454,-114.06346724661537
-56.66305243611885,-39.6154830592717,-236.84227632972934
-59.382940365317225,-37.38715619649375,-409.7046940889048
-59.914762374125615,-35.272183272641676,-415.00328049806654
-57.59455719404717,-39.187779176984044,-310.6864438663884
-55.917957394025905,-35.72553519265784,-277.45658627385916
-56.705968104590525,-39.25967394908588,-404.4077801893079
-55.21133354878715,-35.03625923675985,-237.32288359969883
-58.35811233685038,-38.80465128263487,-335.21424986600437
-57.29434281313693,-38.34280545658948,-224.81810242564455
-55.07029015935525,-37.95053306687186,-183.15574663447794
-59.41413246831918,-38.563179618408704,-331.4572494406315
-58.92623814184819,-37.13573530186975,-236.82164051901987
-59.40520012657631,-37.96879824671811,-297.50080892180216
-57.494554545407006,-38.636219229780835,-90.03509295419173
-56.29462653417127,-37.213018866367065,-389.3293507456291
-56.8729542346651,-39.98749361541986,-148.96242230969622
-57.43945039784059,-39.16694911174741,-204.14914044377383
-57.20750858900756,-39.354281816399784,-66.11114234475647
-58.058101833072584,-38.86682385702305,-325.58073672808825
-59.5566395206177,-35.65922084595769,-330.2383484641494
-55.478494502474554,-37.72745556388984,-227.25713075735027
-56.59774183301205,-35.78840144032379,-276.623273924609
-58.55633823014884,-38.7195962324743,-131.49727033694558
-57.02059836288143,-38.62810811168055,-282.5254037262334
-55.605843898388194,-37.14969481884013,-371.34054472718157
-58.160357832539184,-39.47213598285289,-357.6941399776188
-58.87725741574484,-35.85206327525227,-413.925312333015
-57.327956659063105,-36.13239340378146,-142.42592945936374
-55.68992548666426,-35.82156246128582,-202.26144503927821
-58.58123743398714,-36.51201865690899,-217.52345483071102
-58.600951932354924,-35.10920826430693,-333.649612604683
-57.54304548737982,-36.497100865696396,-302.6857539311535
-59.76100693123143,-37.782119963066904,-327.05492118988695
-58.350326605190844,-38.43999894492408,-89.84172851429882
-57.75158902200014,-36.88210816437087,-108.65386114154023
-58.151675441915785,-36.109017189349295,-41.618580755887294
-58.73302091057115,-39.362287099167375,-130.47188043787693
-58.28835129867698,-39.836314631188586,-70.72592972808683
-58.60674803333363,-36.83934705497351,-398.90249197527396
-56.093227623771014,-36.033648482926516,-332.41853834273263
-58.09934870360084,-35.406327989563366,-145.5581304045577
-56.48080810426856,-37.31095477552942,-324.0786709410845
-59.53302282358477,-38.65100068262923,-275.2302986965741
-55.641280746505856,-37.62715024006691,-420.2861475819905
-58.457958117323145,-37.513413336793164,-324.86882816416545
-55.144244200463575,-39.33683239277398,-323.95643678116585
-59.96055912422868,-35.75221026837743,-454.9534355377394
-55.04602160272413,-36.06139948116292,-365.2276963739174
-56.07412086357341,-36.9132401453728,-448.70238184461414
-59.86174278399075,-39.29475700413842,-130.46951994143524
-56.63949223337168,-39.43815100939702,-167.47222750327242
-59.57180920759766,-36.07034631465005,-385.61070458993703
-57.157285072683045,-39.033014850516736,-208.12704705944435
-55.477302975145754,-35.476144408221806,-390.3910771969382
-59.94752913841342,-35.497729758600336,-484.3495731811156
-57.596637423666934,-36.144987958190185,-399.0924248003547
-55.773071875031874,-35.2675962339953,-269.9534620677743
-58.757301644094255,-39.75781040733355,-319.30915189371603
-56.06538169021127,-35.053157877651536,-277.80325640138307
-58.85067992784545,-37.51913996235276,-342.0889942718872
-57.95278291834357,-38.7658961756507,-198.27649966052795
-58.10475269625529,-37.34543619014108,-277.58530629614467
-56.22638423082927,-35.069763037844304,-408.28631220265817
-57.316654821207045,-39.5325648983842,-270.00856089730104
-57.222859372531886,-37.26916102145733,-49.156741349068824
-55.95123072123296,-38.31450053616958,-226.62224773338062
-57.59342763681906,-37.11792402264311,-276.4818340813149
-55.31642117061038,-35.69496385410808,-159.0867246406448
-59.253751480822615,-36.30109729670244,-128.82877893863053
-58.57407865374081,-38.20234238806333,-318.56243025885004
-59.78043748067103,-36.282581139251434,-434.6925656827794
-59.53129871564749,-39.72764058692051,-180.55998145747571
-58.102380429763706,-37.57107203507675,-146.7676437742885
-56.54221182986984,-36.716081727583266,-263.4485512184449
-57.18884751466072,-38.52537715625064,-348.34707645200496
-58.51065947225243,-39.20286371364799,-190.6280429156242
-57.03084361832596,-35.807486494754045,-171.0435798649994
-59.50173269537637,-38.30912457620741,-367.79421009507104
-57.62036123109146,-39.48813632671133,-337.9998245240542
-55.49655198920909,-36.63804829322924,-70.99223999994138
-58.537259582195745,-38.068984269697545,-364.25033387460144
-59.600574310662594,-35.12807881121144,-230.61032945909255
-58.95640828790648,-39.01067013887942,-53.36619798164884
-58.69641286354193,-37.372011456534175,-483.4444264043448
-56.564268312908965,-36.12206385713165,-378.1578537361059
-57.34566622269688,-39.264100020903406,-304.94687089166786
-55.47566015435559,-36.209170089661505,-265.9601212822086
-59.80322663031068,-38.581038689710894,-219.68247952790142
-59.669298935203564,-39.63651914623616,-499.29294471261267
-55.464852838586935,-36.384457561938675,-450.3265087037142
-59.488915456543985,-36.94886028822313,-246.39949383882873
-56.98092435749795,-37.70470255954151,-390.1546626995437
-57.065095881049665,-35.938716678109344,-114.51989548115944
-55.76853545430947,-37.25024746835264,-360.93699505250765
-59.22994491360226,-35.21473502419108,-160.2172396632786
-59.23440750717481,-39.86105306825408,-246.5193861394402
-55.257168918540636,-35.51523961386911,-210.25767339642476
-57.75072852539899,-35.19495197796676,-323.8309694862114
-56.273658860864316,-38.254641580260376,-145.97015002876012
-56.83384907869442,-35.53706915298778,-143.5523258947358
-59.67998703875346,-35.62969087745189,-295.41065094588186
-57.34279482760571,-39.11709499251522,-89.08427784159578
-55.93229013066928,-38.26430102343453,-399.5296982702804
-57.60026839665818,-36.63842894528568,-153.69637910398262
-56.7239015507206,-37.799688218510504,-237.86163848626197
-58.10314401613314,-38.02505432205031,-345.1796733448332
-59.09575328862727,-39.030513317616936,-98.41836335125157
-55.7013362537559,-39.90858822765024,-226.63889680918575
-57.14825314134379,-39.95385278304831,-85.17886120735501
-57.4025141904424,-37.295711591051585,-298.44219635029816
-57.84076712469977,-39.19231750686088,-233.01485251495558
-57.13231245722336,-36.27632663644894,-259.124823425386
-59.09753079228018,-35.4867192102235,-348.3793978444584
-55.04355447694159,-39.07413788652956,-75.34594006721142
-59.159433374813595,-35.49901802043309,-493.29498065698465
-58.2347531044746,-38.92718528571025,-115.7480042902829
-56.975737749123056,-38.60525231942825,-222.98486132722925
-57.70689223096359,-38.6579788567263,-229.84980193074315
-56.31257232559481,-36.148408119429504,-362.91005647492744
-57.35877386897383,-39.4267196105855,-379.23172226345156
-57.47831681918557,-37.256820153440415,-376.1136632637577
-56.61056340752326,-38.3986972629516,-106.2287280122841
-56.05746282306123,-39.71895241011964,-416.591316540328
-55.500265177928895,-39.05789125543652,-469.43360326707074
-57.87169576708853,-39.575962626119896,-41.018094975563585
-55.36347853874652,-35.6501329162725,-61.46350781773141
-58.582476783290346,-36.04496973255161,-85.39083287037246
-59.530797318918516,-35.059776894756894,-414.7750709970172
-58.96579378628194,-38.37641830151777,-193.17683262840217
-55.80956284427231,-39.18129224785231,-179.3344903338679
-59.250836992246825,-35.4395513381743,-248.8741478315264
-59.63389342563165,-39.98699671517734,-310.81855109794924
-56.17222985978478,-36.832347615790084,-109.7264298862644
-56.01956679308022,-36.84049393979639,-340.31282502824473
-59.64726779325003,-37.62844793423131,-154.94958375461349
-58.63399843886393,-36.51136331456594,-296.67955373803375
-58.936467043220745,-37.52596228958967,-224.0431495509835
-59.0978325803994,-37.338323318077144,-89.00220915671257
-56.390754018152606,-39.725432156405866,-322.90475752002345
-59.19955107760197,-35.38426443091495,-120.15597064867623
-58.40820870711241,-39.301403873658856,-230.45791061528377
-59.076571711974815,-39.669920082691974,-246.30773317830204
-58.17501581335611,-38.782855007918265,-152.8800277667812
-57.17042465780605,-35.23731870004835,-220.74470999443807
-57.633045297448334,-39.814780416816596,-411.9673684286485
-57.68682289094967,-37.96273481365771,-327.90716808042765
-56.88681734635765,-36.22719695992174,-441.41895558290474
-56.92004737406933,-37.26980135866479,-124.23883068059402
-56.38027074241356,-39.83240647874265,-176.5255963622763
-57.935707896070355,-35.99786492293968,-171.73862846580775
-59.530063734543596,-39.317864662952154,-466.02217196955803
-55.32322578416917,-36.69679408915844,-280.2362277833832
-59.995897654840476,-35.434457036091985,-235.26491642991576
-58.650093235281496,-37.91467832679981,-486.9601170313977
-55.35071326830575,-39.85224418434178,-120.87759725571807
-58.40001367583998,-35.238888143999226,-138.54476237277726
-55.413328960493466,-36.57869429319801,-374.9983214206241
-58.41216033103535,-39.83346484853448,-89.21750909934748
-58.96769568119388,-39.19716822042984,-251.8095345973608
-55.679001807882855,-35.34102200357708,-451.5497519577593
-56.739036305809286,-39.772636790492285,-289.80025711228006
-55.39175615886842,-37.81172194100288,-360.36069085131595
-55.96735043728822,-37.42647800888849,-392.7641769533713
-56.28549617538716,-35.56002769560278,-472.71071137350106
-56.878907321885904,-35.721611287888905,-457.19666905748227
-57.11979551555781,-37.00020146052072,-121.54454843219973
-58.15584569326851,-35.560949618420594,-408.4581008433379
-57.666098667328114,-37.020017245475685,-347.2107398704285
-55.73370951573854,-38.1052034203466,-162.80198603134522
-59.50815625400644,-35.50977142338554,-453.0542131424733
-55.67517883393666,-36.984063958155744,-427.7029140329084
-56.73814759247304,-38.07492162658429,-168.5926753756524
-56.762995347839,-35.90767411616407,-343.79909440705217
-58.69076331923532,-36.53300621904963,-223.18527779963046
-58.1067505132486,-36.73603927543925,-173.6754311850208
-56.45075896909859,-35.60000069272536,-54.755478159785376
-55.68050270795593,-36.82680241336929,-178.83582918929685
-57.993087565983295,-37.38868529859873,-482.92310455861
-58.242814319607994,-39.29536709392541,-136.24353317540164
-57.04110123136026,-37.852059707689214,-286.13933047330664
-57.65856518142257,-38.58382761107539,-130.31966118708846
-59.754370871004035,-39.5245739796584,-199.04233519066796
-58.72549991733961,-39.750707579102624,-56.086998059521186
-55.111809227337716,-39.176485992175834,-232.3829892209309
-57.868182528195916,-38.46828941711834,-438.81266106407674
-56.284649447223586,-38.50630390835009,-322.5259895240622
-56.80616323234638,-35.501268338096494,-148.5322234513517
-56.72298232880821,-39.9895113942814,-376.2735072685288
-59.682896562770054,-35.65317575058361,-227.14897160791864
-57.94588280694308,-38.68682315024938,-42.57941125623702
-59.79657569427666,-39.74398262908299,-376.8970827056236
-58.47912643649584,-37.902866526969284,-89.6512298609334
-57.62323059589234,-39.28884128694212,-421.87258997167635
-57.402119606485385,-35.663032222477064,-346.16164815138956
-56.38524752779808,-36.00689182791663,-126.73410396030776
-55.8705454582455,-36.45863875561742,-156.86444919598054
-59.06354196616007,-39.592540497144334,-450.31428722875484
-59.89893989680143,-35.48994316748266,-54.8246909457225
-59.98076815776092,-38.93245354745827,-325.86518743423744
-56.50128240435387,-37.90878399610005,-334.35973898047774
-58.17033146478074,-37.82198225814409,-312.7533889029479
-59.0552264868257,-36.84121810143526,-79.51654922192228
-59.340881214429444,-37.07029961580507,-325.99963249931955
-57.04998783964311,-39.17795278560236,-273.76776698453284
-55.313335821668915,-37.15032086088013,-98.15650219170428
-57.32909305087647,-37.63016589414886,-198.73021078324248
-55.02075737563176,-39.704723891837105,-374.9620953022545
-55.21304856582798,-35.27539133058398,-501.9716562271402
-55.691740070289626,-36.15396540112667,-330.8314421140183
-55.68234979828779,-35.160615410817165,-197.11688247699286
-56.3672371680107,-35.12726270923686,-256.41252064440727
-56.7396912487128,-39.029647551600654,-403.7157389656388
-55.087130312577244,-36.91583500045678,-462.4793983654955
-58.53210976512397,-37.59344026455708,-188.96386531698104
-55.19857724467371,-37.02079671142584,-498.45112098017313
-58.27681617478241,-38.206349464947756,-128.91138819798473
-55.5126117744571,-39.068492782119044,-396.2622492301698
-58.29320297742606,-38.770498550606234,-292.4415818348787
-55.278825806460866,-35.36734505079271,-485.5446797579733
-57.29734442954993,-39.70203293734907,-329.2446632620369
-56.062736937375114,-35.635434142552285,-120.87017715311266
-57.671379242983704,-38.896776493585904,-147.7541349095062
-59.27753763845687,-39.07731969287623,-168.96238452279738
-55.32438231561126,-39.32173108419377,-380.4902328433152
-55.711999283940024,-37.09548692919998,-281.54237267558375
-58.3090086230428,-38.609305173207424,-360.9176664686264
-58.92078644278739,-37.36602726720451,-199.2814965815669
-56.12597810273325,-38.566845470646655,-162.9370177845395
-56.15737633659117,-39.49389570091107,-251.0393460957668
-56.61071318417203,-36.15749600431991,-148.06390353344443
-59.54061073806711,-35.301604469781616,-57.828672433810965
-59.20277686789602,-37.89945216988036,-255.0584854833627
-57.7841065324386,-38.83568271853799,-100.37260489399387
-57.54838605652763,-38.2444230289924,-198.6361104289403
-55.60920488796517,-36.25754892168194,-223.9143250736079
-58.079362822113616,-38.82795094830704,-65.80936864676741
-55.960028325942424,-36.49019500623724,-76.084968122646
-57.76638702624195,-36.98865661400741,-403.02145797702497
-55.2763947598371,-35.64632888560348,-150.82730559372177
-58.86427555360128,-35.818166790588215,-480.0780190671944
-55.09631579897806,-39.85601126513905,-449.9963847707166
-56.56502631011212,-35.43513993892514,-346.9293124100715
-56.90052406398956,-36.03156975630797,-201.02024292645595
-56.46464990643895,-36.18670863249615,-449.48464590193163
-55.6843131679782,-38.71539486347624,-443.9395572419212
-59.98400383691253,-38.783501823467375,-469.08788293359265
-59.57057518787023,-36.612609474713715,-184.15835014267523
-58.392906506604945,-36.89712806593511,-142.51311002879206
-58.6842030669269,-37.054786550524305,-438.2999760676227
-57.10072310023631,-39.658738587264374,-118.13331484439513
-55.05376624877757,-38.33150190381932,-220.73234079411853
-55.71447600868969,-36.61244213958718,-280.8105128433481
-55.310016786372074,-39.61942360220121,-375.5324442355444
-57.382323301584265,-35.960931427970046,-325.64798047991513
-57.903205981195256,-39.25710152933112,-92.42186441281383
-56.18205569183402,-35.156573571925456,-89.0864454623651
-58.12937742897825,-37.61899710089718,-180.9555812480392
-58.61730579007176,-36.64892275527081,-303.70803789808997
-57.75857942815846,-35.08446221763834,-408.5735352282126
-59.43742368907357,-35.87046770588527,-239.98522211961065
-56.41439268680244,-35.310097650511274,-223.65288966453792
-58.892246125746205,-37.03674568596592,-123.38440105551615
-55.0460383758738,-38.31062671481442,-447.26959922036184
-56.02354298184558,-38.62729950886138,-504.8559382621002
-55.354634950415154,-37.248544107388156,-396.768040552289
-56.263999347500516,-39.61246449209482,-67.13139765923836
-56.235531536398845,-36.79184736469271,-486.3105932372404
-56.16830023914911,-38.70457419766344,-125.95808258655016
-58.706962550809344,-35.76844820155174,-237.82529666018598
-58.193803078407996,-35.6046650897144,-441.9230861520625
-55.17958976728597,-36.458881885596824,-462.5471333757672
-58.18736099653973,-38.70953377150557,-47.093488312024895
-59.414160913034,-35.46817720443938,-348.3645731616477
-58.10277368113481,-35.18437725253958,-422.76479872296466
-59.82546135722195,-36.63821459855848,-493.7902795281473
-56.0212873174019,-39.581028527627375,-57.40139959053788
-59.351246293896324,-36.61947852006819,-56.443582557209254
-59.35885234986575,-39.883316076857014,-426.550023652213
-58.49941749891032,-39.011046662728134,-278.6023761451907
-57.0613554235708,-37.773830521018866,-129.05616908669109
-59.163879892884346,-39.84306413432963,-489.88024947177234
-57.67614701832613,-38.7385421968806,-411.9093979314267
-58.91032684314048,-39.66191025695662,-63.51121287141592
-56.427629338179216,-39.786005432200504,-191.89487750497827
-59.711342288264895,-39.30217563810811,-88.67539912100588
-55.76537460792334,-38.216201003316975,-336.41335991207575
-56.77427502777147,-39.07356921262002,-167.81691492951924
-58.807510160370825,-35.635838992525635,-224.4331165363743
-58.517331752616776,-36.57357917990408,-329.5465664157625
-56.20396946163511,-36.17938563407132,-77.38754091122009
-55.5795572363557,-35.785925761145585,-144.86263247224713
-58.526901280763795,-35.07790718850514,-471.0916233490354
-55.476270922675184,-39.92957829645895,-273.3178092218873
-59.03539590731715,-36.74725557914078,-244.60553487559864
-57.25981781463072,-37.20438875618143,-64.83960696859322
-55.43133212300041,-38.10573522125907,-416.7266594764634
-55.734782149168666,-35.57702865021028,-450.16902817505445
-57.68471065482666,-38.49643525011794,-134.42253413201362
-59.39188717754833,-35.287748550534964,-158.0187129898444
-57.736734817194055,-36.70342065692479,-209.90888448446543
-57.37093728156161,-36.98460613533039,-76.4595156637173
-59.41010863849663,-36.31711417111512,-438.03858170397194
-59.312622914933115,-36.46465598926361,-296.6201037612383
-58.90997363287424,-37.065998046107886,-464.21311283682394
-57.963224430309985,-38.86150391585332,-332.7158059710313
-58.514784484962874,-38.18217512520317,-455.3821095207755
-55.43342457453723,-39.73178670326814,-313.129420492089
-58.71454500020719,-35.90557817569854,-356.65890683445343
-56.462129144356695,-39.46481096359777,-280.9785447755262
-59.453511822072386,-39.398312209272305,-266.12898928274114
-56.433133136471234,-38.90592995838752,-448.7521634295551
-57.090870101177885,-38.724931129363206,-278.12906159493804
-55.385017346698746,-39.523819646672614,-124.82320392231615
-59.35327625421906,-38.81904060451724,-417.37000242352184
-57.412925958898434,-36.898654578513266,-415.62699157120795
-58.3054714642349,-37.0641479880343,-435.065969235869
-56.771620947028175,-37.87274465818586,-233.6301940463961
-58.35579798630283,-38.450499927132405,-250.84881015649967
-59.13261040530983,-38.72599736463128,-256.79588027220086
-55.105035472060194,-36.27355101078311,-353.71513373868186
-55.114327302938555,-35.111313340086944,-204.79195425242236
-58.99365742920654,-38.79423690883261,-457.2840792708389
-55.08401727348473,-39.54123277085119,-188.379024649455
-58.98924795930586,-37.93075566021353,-321.2434083603676
-55.72117135609888,-38.14322079117883,-160.12327719501545
-58.07987080802604,-35.91410603405828,-381.12038108441016
-56.400076404495806,-36.429354206840934,-246.80927153026474
-59.33641990847614,-39.28361727336635,-389.63113359329316
-56.67942766300164,-36.09794351620362,-362.7609697156032
-58.05597022840496,-39.90137786466905,-479.5054059850874
-55.66535865932191,-36.58193686267667,-440.0288365551837
-58.20382936774828,-35.39163953281598,-477.2546991874048
-55.299457502470446,-37.38409651286334,-186.28390905460026
-59.126871450755395,-35.61463699831082,-469.32129781131033
-56.210790410312164,-38.703660423454416,-79.21689272782419
-55.9603659036609,-38.766374917367116,-312.5985872307521
-59.74893451424491,-37.13558067901896,-440.6860230247945
-57.30624155219841,-39.64532802172964,-195.95670396933133
-58.56764482406172,-39.272570273264556,-297.06599479270824
-58.17448414660457,-35.82147964718341,-273.22876527412785
-57.80622716901751,-38.51875582066952,-468.5508028170164
-55.88870364547664,-35.19298911738606,-263.5607183128993
-58.73070657940512,-37.10755008986016,-455.2642383962439
-59.35014622200747,-37.23724566285752,-218.2527028151985
-57.06190009997052,-35.15002277528125,-368.56575270432063
-58.82634790355694,-36.33376589201636,-479.5453225037278
-56.252451230400034,-38.68127038396176,-76.7914126637296
-56.58938335680347,-38.36569958213817,-411.3319381375941
-59.104727755561456,-37.71839265451945,-118.49785429721108
-56.49385147599916,-36.88486012828792,-312.2857187189841
-58.150549469271525,-39.68268501965654,-214.0066698244934
-56.18669717682262,-39.72925195416552,-284.076648580737
-56.315433971395926,-37.76517173536433,-258.75975400824285
-55.26816285719058,-36.63811503337736,-70.24639563364887
-59.15270500492726,-39.77635802684341,-232.73077496371099
-56.922299236657416,-36.78979446541932,-396.6706475643857
-55.61338100429962,-37.60309984022058,-191.07614495486544
-58.179790223252,-39.17747484799499,-272.7874935046562
-58.36909025234558,-36.08165135303986,-429.42862442732195
-55.57268710163544,-37.30135182356014,-496.19002624118156
-58.49258671056994,-35.55719966529162,-199.98591836967566
-59.00680294471144,-36.91850207583567,-69.04364567924495
-57.42233683436522,-38.144910463125825,-214.83587285321573
-58.576338702015136,-36.35833000509543,-241.7857733149182
-57.96712524824299,-37.78985715889081,-474.4633224140591
-57.317355137415426,-38.51931662995971,-113.50280321824846
-57.534024961518135,-37.03082268184127,-370.8832121818161
-59.05812248806125,-39.801438792867295,-203.4514629354884
-59.18983384978431,-39.90339900136337,-374.03734078701984
-59.43309677956263,-38.40422218578177,-210.12524086782832
-56.061929770438006,-36.56144846259402,-124.7729152906042
-57.58049891016803,-37.32641283314773,-233.53310951350878
-56.60211085099168,-39.321955318868156,-464.6565279196538
-55.5646617699346,-39.58077727629924,-380.95259411859746
-57.478008617820784,-36.14999775397471,-473.06963007738847
-55.416326232217976,-38.72706476678367,-378.1755581834309
-56.6632690418839,-37.41799227192968,-287.8851693054866
-58.91813066917683,-37.741756185927755,-455.7094107097971
-58.05793561974518,-37.823951237536285,-96.45585038961228
-57.53846287623121,-38.43380544818263,-234.12185926565974
-55.71952240493272,-39.4134376719653,-485.60706789640165
-56.412593042797646,-38.5142889506832,-139.7238454036564
-57.31395020068409,-37.60439089012896,-414.3719989725035
-56.572304824020314,-39.853837216308975,-87.56945287966971
-57.1983705507102,-35.817025381877876,-446.5554793720151
-55.41159674981496,-36.77914150052281,-365.23242206724217
-58.3531434456774,-37.56503985134987,-349.07636468363796
-59.07989317847959,-36.091291293547684,-95.85168222220445
-57.96795107960059,-36.56877277190254,-120.23443635843861
-57.11836868705952,-38.75206414184678,-273.4140441280784
-59.69480922793413,-37.31243158073751,-158.24312292980642
-57.884492352448746,-36.75143502645323,-90.4612088582038
-58.716689814521175,-36.0545208293147,-427.94199004910564
-59.762359769818985,-36.01704106984382,-158.10075744740286
-58.315114042309176,-38.21577778794145,-355.47305844206545
-59.24083150929706,-36.000674548473256,-460.39499834165855
-57.77027069378964,-35.644310755052025,-359.610437039276
-56.469019978193366,-39.65104397782115,-349.6894030236208
-57.25915486886662,-36.62028492491072,-338.2451312755478
-56.63286530175483,-39.1210489322784,-498.71170703165
-58.20226256093389,-35.28459616361928,-243.54296872843582
-56.12530201027225,-38.69676336036203,-254.8129243093712
-57.18733074056466,-36.159884769673155,-250.84927620958473
-56.21656004858214,-36.27651386381517,-67.89378178695706
-55.04060992906167,-38.13361909359874,-115.94832839748543
-59.63091007225062,-38.77688687677836,-411.4964525690073
-58.153335099966796,-37.92917430462099,-439.1035860389716
-55.05503520327894,-36.07113977788935,-319.334608039929
-55.558559795352124,-38.70478018698189,-351.67301168649936
-59.670787036689305,-37.14651517934051,-432.8414752646485
-55.57939816632492,-39.380153279574074,-209.88089824856812
-56.72624140239021,-38.97239401834753,-455.10985776884434
-56.97490962600514,-35.12348676043518,-101.41629454057883
-59.45142685266322,-35.28637425081355,-381.51966644731147
-59.0435827776654,-35.40894649914932,-353.90246550583254
-55.004572768656814,-39.645442601078685,-315.38651468940026
-57.345704576223454,-36.30508034640163,-268.5510415424316
-56.249872422878795,-35.865250679256356,-78.56991839979332
-58.61642385144357,-35.473045262911924,-345.2211278101231
-58.8759415489728,-38.127557073380565,-373.7122980158664
-59.75757103074228,-37.87642156951999,-432.0315981419771
-57.108608837281054,-39.800537586129906,-382.45776300904015
-58.95295139008549,-37.8488344757656,-168.2262294794954
-58.97700034029545,-38.75412555568234,-255.28064474663887
-55.54118377014284,-37.071638016837596,-417.1580564796131
-57.41812771316078,-36.68706227960911,-233.81498150629827
-57.630092226951014,-35.729847814660395,-253.51003737032343
-57.64037269097023,-36.84316138617191,-253.16791100111786
-58.19304053627615,-37.19560149378368,-113.38627116439709
-57.34193644173065,-35.95869194399735,-390.77588600339243
-59.030368828119904,-39.099131311110476,-397.94102497429736
-56.222735831282094,-36.54945346911038,-236.4513598671524
-57.03599594669842,-38.0702553035564,-72.33233910250976
-56.91045726554809,-39.07300670435414,-120.81504232907724
-57.599871944824244,-39.24307150944568,-44.80051868321179
-59.94984427493072,-37.36244126275996,-442.7352896674577
-57.01365636355305,-39.05685785196754,-298.1900088839227
-58.87773216653987,-39.98024238428386,-156.2413726072439
-56.6955727960489,-35.09625118047332,-193.57976399604644
-59.631865189462445,-39.110063380268514,-188.2822983655141
-59.11960010664129,-36.81085725886996,-404.3192504921651
-59.776837416732185,-36.37934263291897,-430.08421378882866
-58.277787967824594,-38.28306278606988,-231.58595738832722
-55.40637507203245,-35.607021965681604,-190.59739933706817
-56.13953398131927,-38.06656286669076,-270.64964414943034
-58.73042572803357,-37.89648359814632,-187.97825159930284
-57.52579976874805,-36.31376326813254,-64.42379860216275
-59.9419458367392,-39.096168469460686,-323.15309563267596
-58.876510308085074,-35.00965922285338,-245.0144834702854
-58.40995404137906,-35.139241476017325,-429.8447980474568
-59.73238369903148,-36.8315370137641,-124.94645368703173
-55.31409326775786,-35.057086749658644,-161.18407344446487
-57.34945363426764,-36.024542845575915,-160.86325612838348
-57.19956252344294,-35.67091183631824,-134.79931266249054
-56.797651370158015,-35.27975524732495,-155.07327553085267
-57.655817345150865,-35.678629008765725,-218.34586085066502
-55.10972356011967,-39.75852479415373,-199.60940278415498
-56.59350045227475,-35.253507744755055,-246.12225070021094
-55.91375848947906,-35.70058096556774,-416.1419211475882
-57.50215268530839,-35.601419000869086,-406.61436731362113
-58.61630003721464,-37.05878029635081,-413.93876509421574
-59.178592978470476,-38.32987141959554,-205.16896720205204
-58.70184599525872,-39.17662285767068,-459.5985207591741
-56.69718706302345,-35.82901345801099,-303.3487995756188
-59.02594126863723,-35.32942480343693,-412.876290514432
-57.43680785559824,-37.267806231830356,-476.96236630041994
-56.46981939903415,-37.630234157944955,-357.76058571658893
-55.94387061174966,-38.585558189654506,-104.20162332294957
-57.334132655917394,-38.289647152201255,-222.52032060641068
-59.52630077916038,-38.07356806662996,-99.65386574598682
-57.13385712855162,-38.87925807652808,-127.88143665393538
-59.83326631040893,-39.423234691028206,-482.66178399703887
-58.57979618679959,-37.471142656021506,-138.30560305639165
-59.82212259998739,-38.74160903629768,-185.74878601281972
-59.87748865777789,-36.68350331618275,-84.60591260933859
-56.46666791700711,-35.723476441750186,-308.87515325114884
-56.004708522480456,-36.53433324246812,-357.0894567142713
-56.25069148977308,-37.153169053816185,-486.17018055293556
-56.982786717723904,-35.52738330734499,-214.8695401295163
-57.48498583080163,-37.397577866349806,-453.8340727433129
-59.908304716462155,-37.45700727214913,-93.49493489337314
-59.14586455164738,-35.73169526152935,-454.53144418265606
-58.936163350256955,-36.09995542267737,-295.8827213726454
-57.250368572105586,-37.97297904782335,-95.76377275942298
-56.999464247708005,-38.858291030636984,-113.59920828632556
-58.43395674240188,-39.10196973862718,-268.2133582417028
-56.040415216698314,-35.02689958545869,-196.95236129372114
-55.119165836267506,-38.323219554012326,-212.5067612343785
-57.558928861866555,-37.22763809780118,-163.12714630093518
-56.85180662771475,-36.43903526735814,-256.88574950242895
-58.38917738191377,-37.11173693001615,-486.4006467952612
-59.45792357652513,-35.33678973894509,-283.11217248745436
-59.054246794176294,-37.90237249138332,-310.90232563373
-57.82831177206518,-39.447802873478,-135.91586942832788
-55.88965229426156,-37.80316290874193,-141.93411239110156
-59.00227379667693,-38.22539837601046,-228.36690722363988
-58.43467358182838,-36.62477236556738,-212.56652509368882
-57.316502812612356,-38.12336807285347,-407.5368045936852
-56.402038784918936,-39.66638904988103,-270.7815550691558
-55.448865838413056,-39.14872159689702,-107.2853117522578
-57.86620235313616,-39.54370003189013,-199.2662018382106
-58.26320059921593,-38.37523147478395,-437.53390786785644
-57.353163741710574,-37.567901520475864,-283.17874562977283
-55.71987336539602,-36.02713470110226,-472.96291157183157
-56.186486033088684,-39.85547476730077,-206.77632949782063
-58.7360314795637,-37.53269943392925,-370.0262497459018
-56.1637976153656,-39.84386547978354,-406.13219312715904
-58.290145041042265,-37.715711083360716,-140.13690637380975
-55.707632847013485,-37.260791684421875,-134.02552168011758
-55.53570021154648,-38.0493792200112,-151.67193298245988
-59.8013480332159,-36.97808341855825,-365.0775437762353
-56.5126057996021,-38.34203048394561,-486.40275183109793
-57.7886555459942,-39.32032556096514,-197.11798366753857
-55.750757278198954,-38.67676914427795,-382.86280812228034
-55.81619343194795,-39.548013373412985,-249.63396868868233
-58.47482379274744,-36.21322682016021,-161.89027955916788
-57.15136415511405,-36.11102447647044,-337.71076571986157
-57.41786274277294,-36.69020153815251,-224.00102633581736
-57.42897033782561,-36.201110912594885,-246.04548205279096
-55.88025291470782,-37.955039326414344,-319.66328253988024
-56.75189655766526,-38.247511534825996,-482.5021432634887
-56.78096446873258,-39.49826948638201,-182.1476622838846
-56.223770629982596,-39.38833624451231,-347.40191528703076
-57.61317005547254,-35.92873266826784,-275.38294324741173
-58.88048762658695,-36.914111979471784,-401.2679911564205
-59.414536028671066,-39.711347141654066,-341.2452737225696
-59.02097269349568,-39.023996315163224,-339.979544796981
-58.52153352490231,-35.25471651234494,-105.11485785210463
-58.21756962278295,-36.478223885985344,-81.03861953195006
-56.39717515826961,-35.39517854551096,-455.9074944231532
-57.43473977478231,-35.49795151820156,-202.10502989531707
-56.94770333965604,-37.80768228699154,-88.90003769476726
-55.16170489090429,-36.38774373145066,-131.93508746833405
-57.10076219936796,-35.02693291667753,-476.77396667942253
-57.14625568607186,-37.9524537869709,-310.80859742362225
-55.33140188549844,-39.906752012209644,-78.20525304429052
-59.96679160075108,-38.936387618467094,-183.34509310353027
-57.96586754568638,-37.033425988107886,-187.4534980910975
-55.3591216177219,-39.877983975458854,-203.8923403069478
-55.081359645941355,-37.64700425650776,-85.51231861215477
-59.65693051445382,-35.611594364519036,-245.74115199476802
-55.557597738763434,-36.71172120504254,-485.1720533836864
-58.73471182849435,-36.58555114380593,-82.90102064160817
-58.64235659276469,-37.686552883824554,-308.31279470885823
-55.480100114858345,-37.75987966247968,-145.05555824681733
-57.764849959450416,-35.21332299560487,-402.104132865391
-55.73641641893195,-35.477552702740326,-450.7126093487245
-58.55733104379775,-36.69162592977477,-312.96856198098044
-58.38128152174294,-37.91539914683218,-319.70635665615526
-57.837734432051015,-39.92415923882134,-412.10824162551205
-56.22352605181566,-39.08279912217949,-105.36207045404035
-59.69037134231404,-35.4897642517236,-125.32244957664291
-56.170670236763115,-35.09700534057456,-187.99287264291644
-56.15561729926766,-37.90857959044788,-312.64394728265796
-58.48364727687565,-36.56419361540069,-84.18536907236957
-58.70211019368031,-37.83104667991295,-360.20213466885326
-58.06355686673344,-36.525370512724365,-475.075011376371
-58.2080577815828,-39.07348652880894,-155.28250436717468
-55.54946402732111,-35.378124750174784,-225.03365553186646
-56.35566976974951,-38.29522662472044,-409.8540622885827
-58.23568975761408,-38.74068142649513,-225.3799918711531
-58.0044568247734,-39.60514973207721,-128.8379912868902
-56.63404027084226,-35.53800276595869,-477.1407424598323
-56.02961457555924,-37.84999716921541,-105.51258992814017
-55.555539722910346,-38.13316263080555,-383.6105463455811
-59.05414366732386,-37.0020088903029,-332.94861241515474
-56.21628529496767,-38.60003756930286,-385.6083836236594
-57.19465172446369,-37.40828299947083,-277.88716070979086
-56.90289130217588,-35.741141904522365,-156.20009782197928
-58.13849459844404,-37.1582137787924,-124.75245411677373
-55.39484859016907,-38.667810197006716,-245.52484856105718
-59.70344703171953,-37.91280356841922,-93.22338515245495
-57.45140072855497,-38.80318328893117,-275.73787946582706
-56.25992368020904,-35.70669869846312,-444.3476729816291
-56.37117350000428,-38.29847320242318,-63.10958312514453
-58.00953969868676,-39.96650758020673,-220.42336974741693
-56.67387198018908,-39.06163873147892,-299.81443174201877
-57.11481158306593,-39.427129583918436,-239.03336488230653
-55.78701659113928,-37.8436151705229,-416.4747357312016
-57.119892455708325,-37.21211364459197,-325.01904246089754
-56.84087958145389,-38.15989037304112,-259.6067408073523
-59.619354272566795,-39.57739855724906,-279.9535541166498
-58.8532387982836,-36.60686239420667,-488.2283274126395
-55.4626181841925,-35.80205051181638,-76.94832799791023
-55.583723300207744,-38.96749236227426,-161.23447026751958
-56.09966464360991,-35.03258504931573,-71.95902074581666
-56.19215602535391,-37.042126760885346,-141.65068998719357
-59.80196971671788,-38.269515444019,-223.63912736628444
-56.916608891657944,-36.962275316830564,-431.82482427308236
-58.512648784822524,-35.43454778409966,-236.36031499464573
-56.46465228422741,-38.180984751112995,-429.55711356061516
-59.14522521334505,-36.63778059489086,-417.51440863355896
-55.630603255199816,-39.74548032166599,-206.41890792752005
-57.77252575417845,-36.80107754416771,-189.5521204062963
-56.322949348944036,-38.92749476624761,-306.8300098449778
-58.34611109893903,-37.288400417797966,-274.51929138165326
-56.87159438234106,-35.47329302966199,-297.81049311587105
-57.68797766350017,-37.82852762874876,-338.52057329366454
-55.259222152767926,-35.45070492817775,-398.2746598680836
-59.81531615236715,-38.825915476854995,-372.28970026361884
-59.44587931476441,-39.5016763233048,-285.0503494600762
-57.35846920350774,-36.978273070471445,-463.2678003483302
-58.851072271469576,-39.343389548988846,-426.88910745766236
-58.72411612542472,-39.51244942038703,-397.4236425999598
-55.51231895756844,-35.93569162458341,-185.5324966128877
-58.14631514226916,-37.09909185736761,-416.04835516423606
-55.574237084583984,-35.09378346661881,-424.1584897164734
-59.35216456433615,-35.70223972159696,-382.42014220591756
-55.69894223070479,-39.55422744302811,-193.521537071222
-59.95049718437838,-37.87589184541219,-196.02616158261944
-55.68076328260304,-38.14706563408197,-149.99890675437976
-56.95410600381565,-39.49473400975605,-305.16544650393655
-57.586103644217204,-39.20276473147474,-331.63477080263743
-58.20022556088197,-37.74406960108913,-123.98445433196359
-57.39510786403047,-35.609607528993465,-335.07527200230123
-58.476752645217736,-38.29288932867082,-259.4445637912842
-55.52097278386526,-35.989121507906816,-180.33191890356844
-55.624128694702264,-39.49190323647202,-336.3989204827552
-55.142878728776054,-38.731304702968195,-224.00459565308594
-55.577668253040734,-38.657320668642086,-175.48145239621942
-56.22188656392153,-37.64323907541196,-112.05181647838938
-58.35130885922124,-39.6304520366898,-271.8034342931006
-58.87134363565311,-35.602062213650996,-64.89031451766195
-58.420727625288386,-35.64609366847002,-97.01277700842356
-58.747480147903666,-35.416855533393004,-330.33524172312036
-55.18718549425268,-37.49755410791302,-234.22513779413964
-57.5564432365779,-37.95749821257732,-372.21797834902776
-59.53424068542854,-36.52077456188931,-355.86842071032027
-58.66760459110868,-38.29006873572622,-137.97852177208838
-58.268296361003024,-37.11121675522706,-359.27206496244963
-56.212071130166564,-39.48806975213777,-169.00017296632987
-59.25165709664668,-37.46671786896585,-264.2477152678625
-55.22991971454586,-37.78862700269622,-441.32195034268153
-58.06705137620222,-38.35235269388208,-259.7606930749774
-58.15488381786737,-36.01264491942509,-278.3043969734249
-59.92809952579905,-35.56592890608655,-261.044830308182
-59.97920281139815,-37.53352495160915,-337.53135111498494
-55.216471021255565,-36.54200543731064,-122.01657174134668
-57.54494712502508,-35.931259818048886,-113.60902318001902
-55.808749155926066,-39.533485382112644,-480.17853100078867
-57.871095115238155,-38.15739313334317,-456.9028186274545
-55.40108586210104,-38.61037778852528,-98.038658517424
-55.75892711561857,-38.79512077792667,-91.1280679984727
-55.617720483768736,-39.53748235186634,-267.9618530375422
-58.47386623094634,-39.008998449158454,-190.69634226789472
-57.54777427354283,-38.29790268179676,-80.43622385639328
-56.01457391584882,-39.58160239005212,-367.69237278955495
-58.111740268432705,-37.17923005881908,-64.48267195082917
-58.23514411621585,-36.68473177634312,-173.05845654368878
-55.122734941234256,-36.049432822571504,-176.03126431374662
-57.307579050725046,-37.74719769924001,-266.9530324206487
-57.93817691680991,-38.12135988363016,-433.1302758228879
-58.98515942277645,-35.53829589342572,-465.87416855075037
-56.464342512714765,-38.59169379090507,-306.63168396094926
-57.77677763855092,-39.4815148757237,-392.3825154102467
-57.47892539506526,-36.91581113030248,-211.63310709355818
-55.776425061891885,-39.19141633223651,-212.45154438711486
-55.879109914930616,-36.12971607268895,-390.74638322422044
-56.277251378132966,-39.18984427102575,-214.7538334255257
-57.03513096369975,-37.53380746456452,-114.06170063878014
-56.46754190612774,-39.189601933365815,-72.18695974656093
-58.41842377714684,-35.663843791663325,-214.46274062917573
-58.48824821583908,-39.99247982162199,-439.9605689951823
-58.21045771596259,-39.31196995327486,-457.1570852610766
-56.18715179772091,-39.684390303906056,-121.16137892089641
-57.31085432047121,-39.269322134575,-65.27577308844772
-57.49831095686406,-35.94452793206452,-80.98146071978827
-57.2854217504062,-36.65903796359163,-465.1318688087993
-56.049889474577306,-36.27048506038157,-245.5516046389895
-58.24702275058923,-35.96733926176164,-290.9907490316379
-55.203459668257786,-37.997929820191914,-242.90465004282032
-57.869737242493684,-35.118814209996266,-133.53361187432677
-55.614872196017636,-39.60965650784362,-129.53491790215992
-57.653968289065446,-36.420672164445776,-413.92714037262203
-59.75809292053838,-39.54221611386151,-171.69748135318994
-56.090986273572085,-37.60278658534092,-200.4556542893291
-59.944516663925505,-38.42797512554699,-461.78388770237217
-55.817013871742574,-37.67321658720586,-245.7806009263349
-58.44028899431928,-39.01762449869971,-354.24185416228454
-58.51300781632477,-38.8703827784653,-50.996788439177095
-58.32705720798219,-37.06898426296998,-238.31155984129927
-58.45120864470503,-38.53455643832184,-58.93554050950658
-56.85222304408877,-37.86919404845318,-220.83910923535072
-55.18203667841151,-36.25922685935668,-349.8824530504256
-58.843017954629445,-37.99791679491222,-220.08110585222232
-56.952734620996374,-36.53216160610127,-361.5334920618049
-56.56091881832916,-35.16906982079029,-120.09219456411697
-57.11527540482514,-38.18013117012336,-221.75326662714576
-56.73212894669555,-36.419938367473996,-291.5249136317851
-59.357746950960575,-37.36378027272461,-353.699828534321
-56.5601652001816,-37.84458589926566,-295.964176995672
-58.400748698798296,-35.60488400785443,-41.50194199449027
-56.24551781941369,-38.928697329957636,-487.64968683885064
-56.64734421643517,-39.76538959695603,-453.2727394968475
-58.864128153744076,-38.07161917762221,-318.3062652815482
-59.86865040240805,-37.292822861974194,-433.8972037986986
-59.852657396283995,-39.00725710715764,-187.52287992289973
-57.30176252342675,-38.62632656048097,-322.70041268726004
-56.25202028771251,-39.052314000132405,-326.1349174680935
-56.70939771559503,-38.44964398424282,-232.33906412830092
-57.038059339593985,-39.59142078866394,-110.02416874581795
-56.524456893140965,-39.784868001401186,-354.83640138456224
-56.62016468391974,-37.9658740195848,-174.85799460257604
-57.08850281929024,-35.150072445051876,-318.5631570956429
-59.962342384429014,-37.036786550784235,-262.59154583183897
-57.30909313124044,-37.723859983561304,-290.6701836762581
-57.0265563322748,-36.72881201647605,-117.96948470461192
-59.81808218482745,-36.03969615078647,-470.5265096119392
-59.46407906729799,-36.479018701928375,-360.08074441734266
-57.76117881611209,-36.39269540336896,-227.61567580318004
-59.84963488620324,-39.669442824579185,-491.81354102589904
-58.594398356460275,-37.800062298875766,-152.52000522470766
-58.01342572938479,-38.730920645117465,-224.7953269730576
-56.23005615311429,-37.55949567214786,-390.8639631298052
-56.7975081424006,-37.368089757165436,-258.9814211816101
-55.86414680588586,-35.63252129334103,-152.4944240655308
-58.12631504447854,-35.271495837402405,-259.1035724870402
-56.64154443317369,-35.35529644185047,-109.33577232205666
-56.131700375059175,-36.94986967208444,-85.46761521488753
-55.11214992200288,-38.48686888797173,-491.54192731042843
-55.14285900047391,-38.45053595549988,-142.6793017304978
-56.6919482271141,-39.749867532268986,-173.41493032111313
-59.80516935948756,-36.84625046678401,-184.82113923693498
-58.98900180679379,-37.193702343345116,-204.56876870890602
-55.2299417887573,-38.838300685209795,-300.93695945822134
-57.850204432584825,-36.68681680952159,-272.3914149437884
-55.02456520824037,-35.32414119320826,-466.09014030040714
-59.78118559168831,-38.78037312099432,-68.84559385112672
-59.65703296208824,-37.4475608868755,-247.70495613090367
-55.14892323289573,-38.538698209959186,-170.69442394138215
-55.618349354400095,-38.14656497922011,-502.6909542272171
-59.23547268361228,-35.39149929816488,-227.8101570922577
-56.76871476122762,-37.22460653884171,-61.017824259927316
-55.11914342327813,-36.46873465359405,-329.7923711095491
-57.34237572757771,-38.07986749905422,-389.1786896187401
-57.39399936454191,-39.372621657112006,-136.22097657982135
-55.05861462967159,-39.354459705221416,-406.99657694388156
-55.28772423388644,-38.1556902064197,-412.1059170952889
-56.120571697126074,-36.1677134007052,-224.75167983825827
-59.08858074804357,-39.172579178748265,-265.19545487325047
-58.42983049840045,-39.13535607882867,-430.4046483487711
-57.479260594960984,-36.19138323077019,-444.5283129735902
-57.711844021825286,-35.52706415200208,-324.7068554647647
-58.86615300918032,-38.856508489418076,-45.0685184206573
-57.74395893891953,-38.988803596012545,-271.94042196147205
-58.2531408866097,-35.94555486403697,-110.81600361068251
-57.99592905726397,-35.66569581826292,-42.871441494538296
-57.703174706421,-38.66203299336832,-186.4529366457558
-55.8806257018488,-38.31940455316984,-113.59604225446907
-59.8738666152549,-35.020500983830836,-320.368614206522
-55.61220763608584,-36.26564333366563,-375.9281855317114
-57.79340402242893,-35.340430257000385,-194.606354328796
-59.805173638957555,-36.10252706982529,-246.72161333515464
-58.9829000197167,-39.04008423832483,-416.2923064337068
-59.42240405860137,-39.9176543234029,-63.67881659016973
-55.99526974492565,-39.55688838365706,-217.72314208773602
-58.86782712292301,-38.40284768678686,-231.03679493751756
-56.39646842596214,-37.717874386943095,-416.0371324422829
-59.041293125751395,-35.562877609003124,-62.630310464336645
-56.39458054857286,-36.66160656564469,-144.4887485038397
-55.89592958033465,-37.573805692275975,-122.05601198049001
-55.75239021583266,-36.58479495438846,-374.6010865704043
-58.82385759875192,-36.70163575326658,-138.1795194576261
-55.64687268087012,-38.071127890321044,-147.94702328529993
-58.93725051682462,-37.72160773886772,-181.94988775303887
-55.979793587148215,-39.21731228155259,-477.7837647530474
-58.65851960304318,-37.383493462615306,-174.2625576358844
-58.39792977787751,-36.15695686458582,-129.2704695625231
-56.673552944179136,-36.093442901904034,-318.8572749816256
-59.57964293022308,-39.77889901813147,-230.26830502141576
-55.967523270929185,-36.954906754610825,-164.26451087431292
-57.72301564747551,-38.15156534678384,-205.65668869389143
-56.41334582442773,-39.76225739420991,-327.77272902812126
-56.41429311154978,-35.93275123293749,-215.9713221416534
-55.62336691065576,-35.16968603231739,-257.1298177762544
-55.28468866567361,-38.51313627095948,-156.9757005681992
-55.05639999503411,-39.30294873604496,-334.60224475237237
-58.20604203005472,-37.890967856068656,-100.74008230717459
-55.78794607987327,-37.60978458830388,-398.4762165846277
-59.76003992114664,-35.278249559121434,-124.08324465975737
-59.39588770826565,-35.049408296034514,-225.41950317747845
-55.25371941414632,-39.0004105338396,-481.4437203770551
-55.68313546227231,-36.81556487841032,-490.0758885557296
-55.25418157012657,-37.922660220104504,-399.5826540343023
-57.25816775848322,-39.40452733122239,-182.63808551271458
-59.27804248087085,-36.33045436666026,-103.81249316708607
-57.20449135680451,-39.152399046330515,-242.38506920052913
-59.23791809788795,-38.34811580691535,-161.27195083913404
-59.000629311814514,-38.50012913226042,-85.58917290550892
-56.66816772147972,-36.75750938909829,-351.87771898235764
-59.3673330825992,-36.6992955001834,-476.0412587089387
-55.612392911474565,-36.831768084347004,-161.89447518638798
-56.152018906585624,-38.22961937780289,-367.2942405293395
-57.051263716335505,-35.62807681852892,-371.2211469914339
-57.27879454616767,-35.43242096503808,-252.2713901474023
-56.955511746561164,-35.729667414152445,-422.7472341546773
-58.366824933489944,-35.32016974576803,-452.8998849091938
-57.47531919741902,-35.10271295910976,-63.39895975653234
-59.86714598561529,-38.98735115156943,-371.2391950468278
-59.64402218578945,-35.504590701722435,-447.7582338839693
-58.41100480316887,-39.22109361314316,-120.92511118028344
-56.06371562441014,-39.271262452459204,-55.59417091096409
-56.59711652209156,-35.24802448063367,-126.23727225400509
-56.885031846655885,-38.918395920421055,-385.2608530520078
-55.341605310212174,-36.53793786502539,-64.24570753281269
-56.19490564247881,-35.4722605639137,-233.6282612184639
-57.052487646702126,-39.24923098559878,-268.55907959404044
-59.700842698511686,-36.33868329032499,-336.20349029103613
-59.025055740994034,-35.07404734799497,-122.80375639797512
-55.453856472700785,-36.33667705899693,-223.19402530306462
-58.00303692793369,-37.406557895575276,-371.79995718203446
-56.00303575695707,-35.77109434390726,-337.8958069154451
-57.79462853001445,-38.02392178199784,-437.05297590115833
-57.94110747860411,-39.78466972603533,-305.1074726945778
-55.52286710348128,-35.286037106099066,-484.2418445621133
-59.72806493188078,-39.845047887870926,-73.11284572829759
-57.668481985072496,-36.322937313246314,-133.12642230120662
-55.9086028053307,-39.19874975608866,-389.4197762597514
-57.70070125899893,-37.342352587807866,-223.36684551999997
-55.935378602294406,-37.99080824111207,-419.0755400541352
-57.0092788342641,-36.317853252241235,-83.34741433905953
-59.00992122653975,-37.11252101146564,-326.0189423123791
-59.689385302631784,-37.454082960557415,-191.70479934802867
-58.326806299426394,-38.986957979158085,-207.47180699262296
-58.57869072090837,-35.347623094113885,-60.41064384363392
-59.08749380136068,-38.83205450363912,-126.93640444999137
-56.589785423668836,-39.29045692588549,-214.56265544783662
-57.82942651049902,-36.89365116500859,-108.88118399455527
-57.83814133682167,-38.68006117619626,-182.14170539493182
-59.72831007786276,-37.56517107747818,-365.30808038948976
-58.89670150166161,-38.27824034784229,-326.9075846214769
-55.59029147616693,-36.652621189484705,-321.6493741043765
-59.36042304959124,-35.05802645753585,-380.5158950327656
-58.799752798080355,-35.83364750292856,-273.09414394886
-55.42689501387097,-36.835103907868564,-122.34461042355186
-58.22711919494247,-36.441571052968456,-419.98379425801073
-56.68751930679293,-37.00195668272988,-291.04630358993506
-57.61084215785211,-39.95490225627222,-479.90603764347554
-59.38481352716207,-38.30725416061837,-335.63794005772274
-55.830623923614596,-36.55622492492013,-357.46760131121425
-55.77549595716921,-36.24055813167947,-71.93480321052388
-59.560417694718225,-38.103664061359886,-265.8490102264671
-58.14561107067448,-38.56502129874599,-175.88656855090017
-55.81838100696424,-38.7304687046248,-254.12705202424195
-58.75408423910229,-36.39472348442197,-215.40435004514995
-56.44675418388565,-39.025059583321394,-321.73813332629106
-55.30566151979235,-38.71734473927992,-204.776778494525
-56.066871752595695,-37.74026846133852,-202.96828901182462
-57.87222147504686,-37.859422853403444,-98.80132407717889
-56.8063971974095,-37.3969554797678,-439.29760237856016
-57.62352184364186,-37.99136779996768,-423.585677553577
-58.058636168517516,-35.5084920840482,-380.83014395001175
-55.168564125723094,-35.39317923684329,-369.85969253755013
-57.36504801892484,-37.58723590011765,-361.40434563553936
-58.45219861687755,-37.5404468544461,-132.85146115612991
-55.65684930389588,-36.152962131907586,-461.3991290187681
-56.324037802421905,-36.149523160808855,-65.36648467525642
-59.31117830632575,-35.094828603028134,-462.9698797929091
-57.925206208473284,-35.010401909669866,-280.83865978376815
-56.27196507050612,-39.85099467168914,-245.3644329145733
-58.5872946372687,-39.329216511996876,-318.614200985728
-55.98114697191803,-36.152855480979085,-359.68245385278794
-55.26405013771444,-39.06854875957314,-270.668232138325
-58.16698698070135,-38.936187413716944,-97.27286286906161
-58.67478332225692,-39.36283515797333,-417.26895372322554
-56.23916717611499,-36.65958328137086,-130.33935160720281
-55.6123631601274,-36.64868308507071,-76.81993263162656
-55.10612724339875,-37.46782929678979,-114.1402249096819
-56.985828137118965,-36.24322238827754,-234.76449041725303
-57.29729618381018,-39.863825202286314,-100.50958812745671
-58.88323902217571,-36.478345567462874,-301.7708746445859
-57.405148783733054,-35.496798144862396,-422.0493322771197
-58.40582921624516,-36.118071616400734,-91.73441390694286
-59.466154221602956,-38.516076381561,-48.597546224591454
-56.00857236114855,-38.17273954387317,-446.1781302441815
-58.36261846037256,-36.64854708543562,-425.1787903728918
-57.19569895566008,-35.56659965956637,-80.49516355854743
-59.39854265984659,-35.7043027280144,-492.4715270983189
-55.614244567429516,-37.28506501487507,-226.36410992998296
-59.13064384348365,-39.35743314065452,-357.4596639765344
-58.68584140761763,-39.63465084212462,-311.7430716106596
-58.274986495837666,-35.22451944677433,-51.24552367039992
-58.38430478787002,-39.11086490514539,-288.2979225880957
-58.079217756203924,-38.73270020541363,-464.4624651404005
-55.936955916545706,-38.160033172568234,-384.99900331119255
-57.99370826018885,-36.15697597579952,-125.64852923868604
-58.177412119706716,-35.438929655366664,-309.36999912841554
-57.45249957779329,-37.31696609477642,-423.33719375203776
-57.43319800610917,-38.57852912683852,-182.53521862161102
-58.66322390974541,-38.60693720720814,-297.32048422093874
-56.733361363320256,-35.893587061093704,-414.45672642227896
-59.90074590096417,-35.53456882918202,-72.72216874194257
-57.80626200535216,-37.58023888956231,-263.73295306288446
-58.516076114030064,-39.56216370244166,-467.3882290513889
-59.145773962655205,-35.41881920727219,-272.4644227878971
-56.036179735947485,-37.742048001010176,-263.260297759809
-55.33236051740326,-38.29392637929241,-508.27399898562385
-59.11791764862111,-36.507184156417146,-70.7991385133295
-58.32706961381268,-37.609238761081926,-388.73473996644026
-59.77454831805232,-36.43762624259938,-417.8974082986411
-57.73520602062825,-38.9042220240914,-428.1315419728397
-55.62947995104693,-37.09419835160681,-298.1961631406633
-55.87013762382872,-38.08215038675539,-69.05402368928206
-56.1399438540267,-35.465563441339,-108.338163279187
-55.72722332633326,-39.669947307998655,-244.72802428867166
-58.36722762778726,-35.87075696606167,-276.6579058090338
-57.55636384735454,-39.69532716982307,-247.16287789335993
-56.217485570859004,-35.31827826597995,-199.58100446677435
-57.72792085970795,-39.14199834909289,-203.2588663071218
-55.933834576277675,-37.599982391795,-483.40365696385356
-56.051534085046875,-37.15182146559634,-220.73599746860808
-59.23269594701729,-39.135225446681744,-191.6849645291452
-55.68309008330624,-36.03616313837147,-462.7076538957673
-56.08666983609366,-36.986842936504964,-173.57089825242753
-59.654533355962116,-37.217276633866575,-323.9007636799592
-59.744673160040946,-38.57048510209703,-158.47294690908544
-55.59149870117757,-38.37786749679427,-246.39577185101172
-58.99532888397699,-36.417678945952225,-391.005861107845
-56.53384823586983,-35.933756942352886,-51.945801094357286
-57.656707693093495,-35.98879896747327,-118.79880412855992
-55.893532552085404,-39.29478607267057,-346.4231346555038
-59.65939504717746,-35.46420588616434,-357.6250207962317
-56.51803539712747,-35.59614799014285,-173.1541639815672
-55.32538062332163,-37.0251867161411,-256.16848973344844
-59.57879730895414,-36.47344835690853,-143.50018445562566
-55.73032955187071,-37.342748485304575,-317.6735898793679
-57.61898564378139,-38.377005540468446,-456.50336746682655
-57.04409160855528,-36.01263701405335,-294.1784495077049
-57.33572080275016,-39.461862382876525,-171.13594441872883
-58.98343476519082,-35.76562992624865,-257.0645516858082
-58.09365661569639,-38.658629861324066,-485.83296848737524
-56.959816421462,-35.626707788409455,-271.9618132431156
-57.75466360486004,-35.49715477134235,-233.45945190982516
-56.910942659075545,-38.47288866321159,-398.7946266594616
-57.12317461058952,-38.94338845188887,-386.4326100877373
-59.11367017605327,-35.00735152565599,-393.41233510470624
-55.73212390562364,-37.86282701977069,-255.080621289443
-55.70793917691192,-39.517071939619214,-370.40851649918795
-56.20423431586135,-37.5939641721416,-163.36391874125823
-57.99505606946322,-39.10502773938802,-110.06730442924874
-56.589526299090195,-38.04923862264075,-469.37255211913725
-58.826595138160926,-37.92494123227943,-62.35133299613349
-58.80069554902092,-37.93421860898786,-109.55515397025005
-57.42805900566783,-37.56649949634764,-89.83097966964021
-55.95943485376685,-37.62713423283763,-415.09560929463197
-56.27659227402631,-35.60856495514132,-211.83970720344857
-55.18945275894552,-38.11113316862785,-163.20136237865555
-55.08724119053985,-39.82256317077425,-178.80295556428834
-58.85951061487098,-36.16040599870052,-118.75278566520178
-57.69389421144898,-38.10955547141471,-93.15521914579823
-58.718912831380756,-35.28029961516409,-197.43406043525064
-59.06183553592069,-38.19695387285491,-49.60005762327701
-58.54422046376339,-38.64860368347402,-374.8440645477227
-55.44732651367879,-35.306782608679114,-490.2561613958571
-57.74901363625201,-38.22252111654126,-323.6748477588639
-55.56476221320131,-38.998841568712386,-102.91971029458776
-58.11705383181226,-36.629980262779156,-413.85655525186945
-57.301098490192445,-38.444721535782406,-70.62001509687053
-56.241761096461474,-39.048468529348355,-158.43135806792924
-56.851048208231916,-36.921615462841196,-376.9988471341186
-55.0503968297878,-39.59618805716439,-153.93884089366136
-56.01624869553099,-36.95222252878578,-441.09157703457805
-56.95624999092351,-37.24014904355086,-411.2099474061171
-58.425629636809255,-37.57327418194679,-345.3016106112927
-57.35558971300731,-37.47955310962371,-163.1785400343932
-56.16692863162109,-36.48795028220049,-466.1552885696078
-58.9476949494037,-39.134058045997065,-46.15745703788584
-55.29436438811916,-39.8548976503462,-264.0463457302539
-58.33296189042587,-39.61723822703765,-61.54841811307961
-55.12340175875401,-38.27650402085401,-104.03082824221347
-57.903279729224444,-37.31439563999231,-57.69195427818206
-55.81819950421297,-38.679206395175186,-463.0784523434615
-58.59723175365254,-35.566290076125355,-85.1819597001034
-55.63886884130178,-36.96256613428496,-204.29285250443337
-59.66183725943002,-37.505858594307846,-406.8402998408363
-58.88385287113836,-38.09101583441711,-337.3759800124261
-59.55720095331721,-39.76985440246984,-230.98842073592755
-56.216086472292496,-39.33339923280971,-214.8973343971474
-57.82353796298834,-36.693794333328796,-182.85268570184186
-57.21812980998873,-36.60302491645262,-287.7366635649439
-55.468076663751766,-37.20934507163195,-386.9776393446815
-57.15710424273695,-35.95437795470317,-132.54660254048002
-59.02986076509147,-36.966504950669766,-96.77663310684169
-59.75186226503105,-38.83225935386727,-99.89662125724895
-59.512688521696866,-36.16037173546939,-460.7717658075698
-55.884293923946544,-36.55010083854739,-58.13972517241775
-56.76670379711746,-37.91608773591757,-240.1769509649037
-56.51463883407557,-38.60956647581926,-86.5895957945792
-55.10332402792229,-35.29022895208577,-67.44207490969794
-56.72133737895138,-37.99840550565016,-379.82584208277177
-55.84134606503105,-36.03868303204972,-245.4618804728964
-57.32606570061386,-38.41508129640325,-465.6638442245735
-58.92486723660013,-38.98850808432455,-275.1459810278069
-57.30324324102827,-36.19593216672244,-337.76239665591197
-56.428590978399804,-39.42009472836824,-472.7847573517547
-56.848373271668116,-35.11281935158455,-458.50217769582144
-57.69599905166417,-39.47279750245901,-227.753875660661
-57.01914665329229,-37.77370501729813,-439.54425794551713
-59.377785678430044,-38.798684921597705,-164.7358282811933
-56.772579799747774,-39.59766271514563,-136.72166849108365
-55.03274344842978,-38.12171451541493,-362.3266885989232
-56.64648874167649,-36.49666830664568,-367.5329000878728
-55.04141719519755,-37.754645842146175,-366.7725538442412
-57.7504578158832,-35.931333669609764,-129.80601195359793
-55.34314722316183,-38.46302359294952,-398.2977073845127
-57.23967772640849,-35.893437977941076,-245.5162449037982
-59.77863638783016,-35.6126141895347,-487.38056847833366
-59.91574505075848,-38.57934178875082,-298.7541713641634
-57.42678329596497,-39.67572281438706,-88.95119871671186
-55.02882004914997,-36.413599285222716,-255.78587301210464
-56.37800448490934,-38.00757919084602,-469.29414215605794
-57.58404965170366,-35.19407772890234,-403.40874876086826
-57.01336440203261,-35.56882302754209,-185.6377891529034
-56.28829747976976,-37.92431348000302,-493.2039317731228
-59.49191472068509,-39.099218421211766,-93.19591634208604
-57.40123847348534,-36.82951015201679,-365.18567212794017
-57.674983177565196,-35.59059314274378,-273.11073659262365
-57.08672640634389,-39.30615494189011,-251.97630335143236
-55.46771370601672,-37.628926828974706,-396.97287854798543
-58.6652479266047,-36.298260828207376,-117.98890885416776
-56.23455375273005,-35.31566407631363,-381.8096623439913
-59.312767653368,-39.40796005625826,-437.3481110552769
-58.312135006184825,-36.02791422864998,-257.81128729114965
-58.51241753092351,-38.928514502461084,-76.08132152648955
-56.57726937559311,-37.03834465326457,-346.7739173355495
-59.91126484098183,-36.6835955934907,-272.95570279423976
-56.635287266564475,-35.60390746409376,-321.9667167190991
-55.922293647052875,-35.38585696960613,-238.3682446886993
-58.396514621006915,-37.63594664339786,-416.57143640402217
-57.21701515618841,-37.74955437116441,-130.84965751098295
-55.19117724383359,-38.44542621732697,-363.0729771814844
-57.3458306617286,-37.53767693439998,-98.50337243203789
-56.07338097412935,-35.43406417005987,-385.3403881783044
-58.27377925148603,-39.77037766419329,-357.64296539223153
-58.28699188107101,-39.00940585300857,-343.8021359173322
-59.08541828622154,-36.29288636187515,-53.505866748123374
-58.00080951748463,-37.02719002191661,-231.93119207478975
-56.93686713328327,-35.46099265710488,-350.33506084307015
-58.94516562712345,-38.85666841738405,-206.49438796054247
-59.1832942374829,-37.29645446627535,-425.3161628487574
-58.48383718743867,-38.418806110076005,-337.58879159568517
-59.123314243516404,-37.23505822934542,-261.9520171939808
-58.565132057239694,-36.0531170722031,-248.86747464038277
-56.662429785394096,-39.73235903552982,-392.6033359687905
-58.5030774117592,-35.17675270489446,-132.44831599648106
-55.8516115576672,-39.219375359849195,-361.1943904449984
-55.647662891856434,-38.43244125615536,-418.0591501717682
-59.35634675968288,-36.83596681425346,-185.8990249651497
-56.7560135209588,-35.41788077544994,-106.88649190622866
-56.20301940657853,-39.73140634188466,-324.93109917897607
-57.4928818265767,-36.39028123444816,-289.24111409338263
-56.74849852257662,-37.157169816464965,-170.1937097748393
-59.66761648495059,-38.97949243649109,-201.39857467292873
-58.93637388125875,-35.672012185747505,-430.07105854212807
-55.14840681755304,-38.98131148324871,-257.6266333475645
-59.57843776608388,-38.49696289326427,-393.7108920452929
-55.13855448092392,-36.021432280472936,-135.30379852347264
-57.66896586455074,-36.72057657277614,-212.35191521353022
-55.46700362703489,-37.387974780965315,-186.87716189032673
-57.185171134974745,-39.66490192538431,-104.14725185240138
-56.53093955096622,-39.523469294905034,-192.51574455165562
-57.68033698414877,-36.15837686598012,-320.8464986464752
-59.85679005804967,-35.18493675736164,-257.0410473698906
-58.06218295220586,-36.58357068456933,-253.86566255434363
-59.73240389506702,-39.69658407410126,-397.05879267533084
-58.760163991977365,-35.16827966279608,-291.0846867343451
-56.0702741844852,-39.994414827318145,-82.90161642802346
-57.65606481801721,-39.35025751946034,-481.1273722699788
-56.013282973229494,-36.20021491186265,-463.6227218037619
-58.18075538205268,-37.37099178507129,-382.32279347672505
-59.98147779970096,-36.21200515990536,-127.38554667099989
-59.102667617704554,-35.63416633041622,-286.8597897924608
-56.98762122155446,-35.392061617053265,-58.028259716044865
-55.29311512523265,-38.46084696387402,-476.8633382680073
-55.27723179417968,-38.70310236889287,-176.626061524644
-58.865719237028195,-39.591206795524485,-314.00070033272726
-57.12146684512609,-38.188991370291916,-111.18596680035118
-57.61260835214694,-38.71817837775922,-361.4248268988639
-56.027046712785484,-36.11928282160686,-488.2230929838288
-57.09705565304774,-38.513432388633674,-387.65833902230594
-57.0713867220831,-39.974889967908,-82.47365532639027
-56.493348206718494,-35.71209331032262,-204.61332534721026
-58.05447682892172,-36.6090863563073,-272.6648050120687
-57.61972862993211,-37.77064677728722,-45.587467507699465
-59.137417217362504,-39.86372956746661,-190.9832610510051
-59.325698526852406,-35.87988726296487,-99.99957200595665
-55.37359377884794,-38.06597693768125,-114.54993123251931
-57.32811411737272,-39.86554448759328,-413.1133354789705
-57.40728695163425,-38.800169883773506,-165.16085004591977
-57.31277773932615,-37.43909940880032,-481.9211261823961
-55.70325055944549,-35.690044677664154,-176.9174588229795
-55.19811045386359,-35.36278181106365,-185.87460841206885
-56.014014301373194,-36.21066682810559,-482.49158061604544
-56.10553742922104,-35.704593093563275,-461.4584174105842
-58.87469950073832,-38.63241560606831,-331.79876859998353
-59.28195081418587,-37.4610455246365,-94.58746108783133
-57.33614591598767,-39.48471959630856,-131.24250211739087
-58.15107531674221,-38.397060835550214,-346.6332168658248
-56.53009652217332,-37.464195762198784,-266.2308604619502
-59.39583835920221,-36.82951130176712,-491.03122829896023
-57.49274154614818,-36.282282813783425,-360.33998160279674
-59.720186865536064,-38.222690790208674,-484.8456710047934
-57.077702324996025,-36.847809529725694,-145.8565130375152
-57.64270693881113,-38.64582599337662,-453.09038639837354
-58.25753101993769,-36.761800203037055,-66.02484859236729
-58.13879292101062,-38.16803242477131,-169.43114538063446
-57.33615055313744,-36.44585639130623,-255.53225114769697
-55.33532057598043,-39.56697171282701,-62.38981471389548
-56.321782657921574,-35.55980311336524,-418.740498059317
-59.44706359042746,-39.26928558762369,-118.15121412267891
-55.06103550193007,-35.89572074279134,-313.5131174552542
-57.24788265746766,-36.53456952763466,-445.36042982190463
-58.50119671239821,-36.620329055613,-213.155764825274
-58.56767519280672,-39.064299190176705,-221.57754896141114
-56.82994025061658,-37.0568301075203,-107.74602917826707
-55.372997743308034,-36.48090946604174,-181.15484033971651
-57.074211028729295,-39.21825000214616,-124.67384755584361
-59.597104152881116,-36.96330762573089,-209.11766693618026
-56.21564433726773,-38.31274643454703,-64.80524438117956
-57.991479564580075,-36.36056207516985,-429.34265385421105
-58.00950878536305,-37.27039522852647,-215.75148746232207
-57.016544556841225,-39.5832529457771,-368.2010650053521
-59.3395750419803,-37.23219750487212,-458.1020572029264
-56.28365109460492,-39.52276271088973,-266.11356078826003
-55.27633789505193,-37.93091459668583,-170.4771833767854
-55.01791813889566,-37.38908095142902,-143.0115654005692
-56.50228678332233,-36.7475548193182,-348.5461883652028
-59.99328541701128,-39.10650093898365,-402.06151591646767
-57.82669090520938,-39.160019904024644,-402.4585165365128
-56.88384859720804,-36.43128414151599,-228.9566090554058
-57.133483491483624,-36.699622280741146,-280.2970470601986
-56.71796288719161,-36.74034665181177,-417.6412678320233
-58.30253170335526,-37.95124764874189,-101.34640616871884
-55.87336507598148,-35.976607037641564,-424.5886566962717
-57.19204908938741,-38.04098962436741,-455.9857600741173
-57.6610188345316,-37.072413303490265,-337.12071983477637
-57.2965636336833,-36.315395267670716,-161.15348130514823
-57.53808097931398,-38.62407277853829,-327.74053354291317
-58.08976248919029,-37.89976573686146,-417.8768074085541
-58.53959894594531,-39.16608468320556,-74.09479605900161
-58.2698981804502,-39.54582850993569,-365.14058553700255
-59.38382110475968,-39.27414496914445,-404.4738959753652
-57.37042173631281,-38.72395695625872,-191.5859086955265
-58.11916025872662,-35.9000798778803,-55.607159291798446
-59.01069132263086,-38.673800073133606,-334.66977556855454
-58.46915950549413,-36.61282636678353,-487.8431068519422
-56.06277027851726,-38.81926730952348,-166.19444372416615
-56.11602810007458,-35.8483308852185,-398.9699100272793
-59.24662977598797,-37.77712615688203,-356.2829253412896
-56.879227283196016,-37.212275784557455,-376.878769963431
-59.00336171453145,-38.17901362035899,-463.1176169535735
-59.602572612353654,-36.67199898093285,-414.5734644193221
-59.80129500715312,-35.224520972333615,-138.18641138499592
-58.39407462569734,-38.04108123818307,-374.1199608069175
-56.707978948818074,-38.47447477782094,-251.92407261321122
-58.519231139426466,-38.39310732896888,-100.29368030814804
-57.564258606051894,-35.74813244482357,-248.81489955850017
-55.353121054481335,-38.15396026675426,-299.34615304640874
-57.58366433052122,-38.39136824244503,-485.14119481465
-57.068045704936864,-37.413323483164746,-493.759862099626
-57.68716893912987,-39.85593974155533,-419.7499034362557
-56.741523273311515,-39.174622378176736,-474.3453116278708
-57.22199566337175,-37.87017053956046,-91.05110491208919
-59.22947727008804,-36.42499114936837,-474.01382738507823
-59.39229669738466,-36.548329234510604,-215.1997947244979
-58.06187309066171,-38.28732964619043,-357.3669999613557
-58.937053656978414,-35.86470743586295,-54.13524146024341
-55.26416084834373,-37.356502298335464,-176.3369727250864
-57.986973022491824,-38.28103355552677,-477.0738835899103
-57.12258939542174,-36.997467707916144,-454.96467953768484
-56.628952420966534,-39.45987421929273,-287.1118392557852
-55.55669606485044,-35.515570628471224,-142.30666188303533
-55.72297088914159,-38.76888014421123,-156.9310677034873
-58.232897962704904,-39.64535159287817,-465.3033259262488
-55.42148089232711,-39.8593871792796,-255.446805173466
-56.31276649030627,-39.512823356195476,-169.98378374172412
-56.536755973540174,-35.52297783115238,-431.24829573114135
-58.87102502433235,-38.65296864455877,-422.8044600184094
-55.91541893883833,-38.570760418525246,-205.17897210099244
-58.37400550697555,-39.84499898147081,-229.56500655940474
-58.125133885303356,-35.94699042095465,-70.81841533714315
-55.28565805017175,-36.06765005961109,-120.3372120610656
-55.81766679535139,-35.502874548055104,-449.9344928129652
-59.94840717528282,-38.53964525331028,-343.00126321565233
-57.63284612338493,-37.3833534637358,-302.1698292793776
-58.606695572234756,-36.60750391557227,-261.80002830424445
-58.96280368556989,-37.87287864844212,-333.84825725707265
-56.375697558942505,-38.22116048163617,-162.83921654952417
-59.668345033470814,-37.64780356574061,-411.9397808136166
-59.03249358120243,-36.84834626414275,-275.82409884728645
-57.0394710261658,-37.77581369411562,-301.0211381564414
-55.84190283565364,-35.85415030260162,-431.4231021654754
-57.51271207676806,-36.013030507535724,-48.625360349395386
-58.31121639661835,-35.00496283314517,-213.98387016995068
-55.255407921879524,-35.61559673597109,-269.67283592462485
-58.30811480096849,-35.30157355139085,-411.50657284805163
-55.25332206584154,-39.03517423671442,-250.7355168142583
-58.868975733262864,-35.23225567627072,-75.14416399202322
-55.13521993306047,-39.420998450700694,-119.69531982107107
-57.19525120708793,-37.734973298214285,-98.38661661277791
-56.07421248318418,-38.39434713518599,-331.4711063248483
-59.44314089196862,-37.358739353153844,-399.2210776850559
-59.040544203210004,-37.03693011394094,-181.54640650318825
-59.87601811089113,-38.79853111166685,-466.4677417016735
-58.999828187214916,-35.86126363677583,-293.8260033045703
-57.15476328020112,-35.77009770277012,-282.8342871980531
-57.94550363561863,-37.23855828561384,-294.07698906870155
-58.051262844679336,-36.847863711630104,-285.1676120107778
-58.48695147623428,-35.64465134271379,-165.85416192054709
-57.6722906634873,-35.21610940384076,-328.54733837602726
-59.24451562345122,-39.520823994960146,-483.3068768144023
-57.546749498286395,-35.81157215779107,-178.03729503611052
-55.778397302709315,-36.03648951196418,-452.10670610805516
-58.51486309931744,-38.51426995383784,-155.85137421106919
-57.02440776604982,-38.795111822902584,-118.44129308756827
-56.16868927816058,-36.946858068944294,-423.3124308627604
-59.628791522846555,-36.816096815901034,-450.1808503533157
-55.62656772152191,-37.759701312801006,-174.94498340692118
-56.426431759528576,-38.11267827062932,-304.7493199456098
-58.12339715396227,-37.819476957970025,-357.3786249170113
-55.61592407846569,-39.09363601214868,-255.38848180374953
-56.813496200527396,-38.144395178023416,-364.2958753269872
-56.19982616204528,-39.1737698142846,-410.08685932126156
-55.123326972657125,-38.526207003664226,-189.5365969039465
-59.16778347491434,-39.32680690193043,-121.29849368623925
-58.13134189628243,-35.24820184452813,-271.2557122401245
-57.64825678561071,-35.81353028795937,-122.4017242837332
-56.438792109774205,-38.865948078506094,-182.4127418139186
-59.83743908839462,-37.151986924418885,-431.13737143468717
-58.714687704994915,-39.4101588812002,-201.04179902772688
-56.55767313245607,-39.05068672906932,-410.6461327079078
-57.77923364299771,-38.25782638328152,-340.53211324268904
-58.82177290393156,-36.767913195068495,-99.84882732431649
-56.40172409537147,-39.385200876292785,-54.22072374728471
-57.07117806080257,-38.4078877598038,-484.41271849375346
-58.2604557782053,-36.71676381541299,-219.6654832489273
-58.47089036421567,-37.028841071178675,-206.40248680099194
-55.2284731346759,-36.7733146086869,-169.84129190677933
-57.797702596130485,-38.11317274272072,-42.856348671814445
-59.39993075734955,-36.11507004372254,-369.5390959491159
-56.26767621590916,-36.491909051006246,-258.8176890646088
-56.19362150794671,-37.29610357427348,-428.6270109790432
-55.95852156082587,-36.26836036184384,-208.68089357331522
-55.47265587346205,-35.41715426400599,-137.2829361137806
-57.426708342276505,-39.565285055821775,-130.10131185859612
-55.83494718798555,-39.659682234446755,-405.6692059020163
-57.333256601566454,-38.55168133888356,-291.2177812381958
-57.48972867248426,-38.72641144599387,-291.7169076705073
-55.50554556634948,-35.39785087197244,-345.06163581602533
-55.05562854205747,-37.797883667852815,-339.6392777999878
-56.501722565019286,-36.414898383508984,-139.5651493640331
-57.85939105809371,-39.96807381674818,-266.61868540495385
-56.205783081234095,-37.2473588487351,-409.611993099885
-55.5529038706801,-39.17425477872697,-237.99329057171343
-58.101729791102095,-37.532473366552736,-348.4352098969953
-59.00354914556204,-37.95212240448605,-185.43528923252364
-55.66077232393631,-37.283962388550115,-382.8145008516712
-55.65637915544355,-39.49565009947298,-306.34270853534997
-56.20541254044266,-39.82336875767331,-492.5263114359425
-57.36423068698675,-37.61509011772157,-363.61378058092356
-58.8577767860771,-37.31806682303298,-86.64324279872567
-56.75932646881602,-37.90452335496381,-382.68886417481315
-58.142327573209755,-35.75114747813956,-145.5872637190083
-57.319754240777414,-39.09543654346316,-363.42464691964017
-59.411346022072934,-39.41312777363094,-383.7366541125865
-57.4678676041694,-36.35268092040903,-402.4841435801699
-57.533063208360865,-38.85138811015113,-51.34709817003675
-59.56098794397008,-35.15776448184202,-463.21608496590005
-59.94126430707581,-36.298916012370256,-491.7809237909189
-59.19047031511754,-35.13215419367174,-301.7440527682875
-59.64292983484566,-39.790985538084186,-185.30473134101769
-55.51791462634444,-39.91681865676032,-143.2122119136921
-55.0363078533485,-35.06976252275631,-158.4367039928741
-58.637252544368636,-37.388319427012725,-190.8055460560323
-57.00196226186354,-37.87956018550118,-137.62760092666886
-56.037660797570084,-36.7628855021353,-284.06400617391654
-58.490616752643426,-37.361787345244934,-155.420324482282
-56.83271020032984,-39.311444099829664,-317.8785998417448
-59.74270016596379,-37.667790211755765,-462.1640462984527
-58.825925099268034,-35.71582415327096,-122.3191867084417
-58.90579865309759,-37.01214378701259,-448.0674308973785
-55.28534418226714,-38.63080179575924,-210.97200480425394
-58.49976829983267,-36.216465327626985,-465.62725881871273
-59.087570874722346,-39.847218562524716,-123.90437702062385
-55.86182129939713,-38.11970783273493,-161.5440352424567
-58.18115848685335,-39.908425312126404,-176.4943641229919
-57.4348302644506,-38.96530180095647,-440.76320974755447
-56.72954204998711,-35.806680684689546,-395.40922793047326
-56.80323358718058,-36.447164077686864,-145.132488662205
-55.41476191320466,-37.64507705210697,-331.8331065706407
-57.12485792000733,-35.48304084028647,-57.546795476247354
-56.18799987485282,-35.597186408397285,-53.7702669635409
-59.323714603331496,-37.02408543259624,-213.60727036379728
-56.983643706098675,-35.864910995263216,-312.5431802040555
-59.95038679962851,-38.44872137986459,-167.1726662568628
-56.98857924335217,-38.63723900433141,-59.632337204118144
-56.01919216788821,-38.04083113754781,-83.54531010619026
-55.51623452180839,-39.72084222124543,-155.6211309386755
-57.629546743793114,-38.135751203113884,-107.91644035202211
-56.941101975520226,-38.63394167899346,-179.0876531951869
-59.925334753305115,-37.45581019511104,-116.11992386951336
-58.06766849177273,-38.035688130541686,-174.61468361382978
-58.15973296446188,-36.14852637929027,-410.08863672660607
-58.74655942568913,-35.226121068811096,-152.5285892975128
-59.82944157627156,-38.27394837531549,-362.40225804454974
-59.97783503581876,-39.461317617989685,-213.1679222806941
-55.510333883885494,-37.25312873396666,-300.5417520343298
-58.69357063455901,-36.98134441460609,-340.1808323439627
-56.74223762584202,-37.47455057582718,-493.7262284455195
-55.73286053990685,-35.32417237057909,-182.80104333256372
-59.71023179438681,-35.4208966857408,-166.29193791957414
-58.639571914590675,-35.604360768573045,-171.8430699176557
-57.91937454314512,-38.305948034838224,-184.91760463299582
-59.20069386595901,-36.06875477221746,-200.82163483524542
-59.447213007891236,-39.04638989743656,-138.10784220330518
-56.90383429090982,-39.817898049939856,-271.04384658365103
-57.087643217369255,-35.985932198224965,-324.52763047254797
-57.75221791202938,-36.5467808110313,-274.36991401079985
-59.663461236055184,-37.29213355712142,-388.0352665747034
-56.13028551463387,-35.69049432353401,-468.8189065867197
-59.29159138089207,-38.48339259511096,-317.9109075026086
-56.64019991511408,-35.68599869584867,-351.02160174895255
-56.162754400457366,-36.037333482559426,-407.7532569470904
-58.30401052418456,-36.49000019396662,-329.79028026426744
-57.04569609009719,-39.314484278562915,-276.6469744032592
-58.13945028281479,-39.059287889264105,-476.1668132987483
-58.37698288721327,-35.764960965472554,-369.14557694032976
-57.92387451880279,-38.47248868875463,-329.76276415651716
-58.73268051900816,-39.345918417273694,-185.64092012256953
-57.09577065136275,-38.973254602428106,-278.16277189694404
-58.604793158327986,-36.536803426198134,-87.78659334419186
-58.62940500307219,-36.381025084695494,-308.5812859487384
-57.52280697167367,-36.013762851383206,-91.14448167624433
-59.709446792710274,-38.0889434958809,-263.79360719083826
-55.863302511479375,-36.92591580464278,-86.10004508469822
-55.237276703126774,-37.093233331005074,-188.19962198928468
-56.71083165819892,-39.106306062703894,-426.5157930430817
-57.851265256496305,-36.51571776058042,-57.91381611799697
-58.575960007542875,-38.01926144120028,-230.80659362631636
-59.406853069011405,-39.157851152385255,-378.98359681874865
-55.24045416597867,-39.5746102589422,-106.00439894511884
-58.182327302547684,-39.35066442181502,-165.5133703436619
-57.98321545667021,-38.964182315090824,-326.44929099094486
-56.18211583905595,-39.28813216577211,-155.9814181663065
-58.91206241669372,-36.53465417942307,-198.33363288173615
-59.30329978665102,-37.81424829645884,-207.07282030439248
-56.54714800073192,-36.759992593630045,-420.3298936289441
-58.78873719199255,-38.32028173920218,-342.09602864720915
-58.13824200428345,-37.52752000963115,-458.3630427636099
-58.18700705098829,-36.56055852060115,-149.0736064553162
-59.319586398350204,-37.97067167810707,-362.16898269758303
-59.34443609658319,-37.79837048958863,-494.95321087518323
-56.87742302343581,-37.40160263325259,-258.91065431047247
-56.75274434477426,-36.69437616527485,-96.1489967846747
-55.04401525508425,-35.91378701397322,-161.41748697598518
-59.85997012913868,-39.10614738964144,-250.5675394093216
-57.03538544971533,-38.99822577980184,-303.3551844725269
-55.743060843596375,-38.827558465093205,-411.80509726699904
-56.85311644536662,-35.38475302564115,-179.66566162068352
-58.95858893446523,-39.93881887108263,-172.87708369415108
-58.53726267203315,-35.97955261752972,-278.2234419394553
-58.89332076592543,-37.128605999708256,-286.35032807409
-58.99008184011151,-37.60663629876833,-371.70373165915305
-59.673906423828356,-37.06042758030685,-310.3232881336106
-57.11699715894397,-39.088148724401734,-392.4016447249348
-56.80515726470309,-37.03564375353359,-358.224525092584
-57.124002976508635,-36.88720291601295,-236.96521614887595
-55.59647541231874,-36.836932732427755,-112.71744060619307
-55.202841308022435,-36.73306800438411,-116.43184684138294
-55.712824919331176,-38.767000335532856,-280.4765914930298
-55.069763182141884,-38.6591715267903,-78.22046915055698
-55.17000821373298,-37.339125014307,-285.0248149250831
-57.666789690234545,-38.46205095412953,-397.67437845961877
-57.91690441997203,-36.21110419920886,-337.08898653610675
-55.29481928780793,-36.51112484457915,-357.16125167174533
-58.616437235959026,-39.64076181467903,-84.58856054902549
-59.78580932026441,-39.45525756140539,-226.00437426257878
-59.451420352237285,-35.846353859767056,-336.0496290823516
-55.84719409013058,-38.34235793401906,-413.954926466985
-57.66337692402755,-37.51008578057788,-245.704840133384
-57.07186836370777,-38.741140071466376,-97.06674489814148
-56.44496548042389,-38.854863661294836,-418.28412156080515
-57.9695301028468,-36.2427099201013,-123.94656487624871
-55.088297289808224,-39.03167087659561,-373.5464235192151
-57.60933702285144,-37.27890056749109,-386.7470931682724
-59.84954066398295,-39.227677402084254,-343.1265041607589
-56.66481452331104,-35.61894922493852,-443.27812297887283
-57.62398882820614,-36.73668995922426,-297.05975682338453
-59.67881260410744,-38.5722083600875,-249.2212298492121
-55.21876908292466,-35.806206658417366,-114.20894932198584
-55.18151098798991,-39.187861570685705,-315.5852006606503
-59.5487897524784,-37.97133500789097,-401.0748089919101
-56.511234055599324,-39.58509048757706,-206.2114760236669
-56.17086602218768,-37.46389627667745,-431.6812732087374
-58.13983494261033,-35.76849848717931,-292.1540421228312
-56.51291726037306,-37.661701027827405,-489.73654884240665
-57.345965200614,-37.718602143239,-87.61157309846477
-59.164731261534776,-37.63775267023937,-343.5704427597502
-59.83649980046544,-36.96926601110797,-224.22963892093765
-56.06437004331014,-36.55466694502374,-120.27411546211994
-59.0421764660006,-35.261846659009464,-87.71503074234481
-55.82532373103926,-37.34532286982088,-336.03962307191523
-56.19645859186459,-36.921266704036086,-498.00356621130436
-59.11803935432493,-37.78762287906738,-201.2785764497992
-56.26556012291916,-36.62715814582421,-346.9139796738092
-56.52958594125736,-36.323251249036424,-290.8363104836006
-57.55268292243838,-35.75590056533639,-71.38374824629337
-58.52162992423751,-36.91614868558259,-293.2481899121188
-55.236289937393714,-37.91231978073858,-122.52653997419405
-58.319656415969526,-37.77864716052521,-108.6845489762141
-57.70824208470372,-35.28816258382848,-41.4557457693978
-56.030272141991944,-38.89529941043568,-486.2049430447074
-59.473025579366904,-35.76063488024269,-167.16200869175844
-58.36326925484641,-38.39579199038662,-267.8909039470007
-55.898440266583236,-38.98744845216878,-244.00698938417352
-58.91444886692874,-36.77084710431937,-268.521222697234
-56.69280092645175,-36.4008535867601,-470.5069705029957
-55.38997662660891,-35.205524413677324,-377.61718025346187
-57.65491485199407,-38.114466469824976,-363.88753964672975
-59.59706007892674,-38.32470207608107,-223.6515198750582
-56.47719510613591,-37.08594439068767,-479.0837661616746
-58.3704784939412,-36.08019768032701,-87.93525849713937
-58.19747300623869,-35.479190805588544,-88.73261980579194
-55.66523084870615,-38.18075307131494,-312.6063194503326
-56.92760103396409,-39.48808503693886,-448.5253376549643
-57.04193516234908,-38.19163604596889,-103.41010086145656
-59.930651195127666,-37.165453818594486,-330.2485079604527
-58.87284970559588,-39.71502370894758,-275.1080899153909
-57.36154629439057,-39.268909939490655,-275.9200945843772
-56.133949244517744,-36.88722484752605,-139.15657354462098
-56.18749798765199,-38.21304146794141,-171.94976849558282
-59.13194350123698,-38.7257104299907,-118.1750223881935
-58.51211873645189,-37.511811445139955,-240.21839590390852
-55.719401881583146,-38.583885399207844,-93.41019070495062
-59.07804818102769,-36.04338502035373,-98.37700321136634
-56.26922964317045,-38.70384398613712,-66.63868376885127
-59.83529591095272,-37.77267163277774,-256.2171027857062
-59.20816727595128,-37.93788300703685,-159.76109534944172
-57.48263383204882,-37.336298933663876,-199.18015438109555
-59.960335420372054,-38.208579373217674,-408.28890452843143
-58.522312015970286,-39.3864536351318,-389.3811071408639
-59.452128143022115,-37.70166537244175,-411.6866531251763
-58.88228893317086,-35.53788824406662,-372.08275511377263
-59.780315812062284,-35.04381369989874,-187.91092920688925
-59.257120228748754,-35.9949090476194,-87.0076558078758
-56.007540377013356,-37.69493238157147,-435.1544695319964
-58.03324566431323,-39.432212241076805,-469.8972025726367
-58.0835673636778,-35.00744367863774,-367.12486547700684
-59.60550085633343,-37.95470376138428,-329.3601909048063
-57.93086961946512,-38.489929422378246,-229.89793141265127
-58.208066559454224,-39.76820904044215,-199.4608016342388
-59.10051922236646,-39.457968462561546,-310.2036417462589
-55.308049391514785,-38.00109109277637,-389.11398610334476
-58.363567925385865,-37.67639124782495,-386.69481708749123
-55.75997614830319,-38.977193883024114,-112.67727803170479
-56.61752013662155,-39.92577989951476,-109.98314859747713
-57.70565576630635,-36.13462305574912,-88.09449236794502
-58.98827806212851,-38.32947611640743,-401.5026672090188
-56.4578728911715,-35.83310103153135,-485.02842484574467
-57.93407175493759,-35.04791492253632,-225.88456962821797
-56.58376247129805,-38.55510081871476,-339.73197868920425
-55.838421696623946,-39.99176229534089,-178.85257626988877
-57.900564644151515,-38.563253099063644,-397.77214633384773
-56.35708578917279,-35.41527418673978,-233.45865357311095
-55.74770779451094,-35.18701829088134,-455.5857255108835
-55.04906551893497,-39.166840115007645,-164.42493915178855
-58.7274797347643,-37.33199364733993,-105.94868078972883
-55.36060299979958,-36.12989695631533,-183.45325039658317
-59.59524120379512,-38.089477158225755,-250.56691806896265
-59.55246589361205,-38.30660681652673,-104.49119605505473
-56.820252365943205,-37.086508991650476,-294.1068597407327
-56.67690386533664,-36.5602696428929,-166.33149466777525
-59.73872936402351,-39.23233768919623,-476.6618525760018
-55.14185836977883,-37.696624913915024,-66.04154758023654
-59.64222139815106,-39.07716870111759,-83.59775106304542
-57.80950742083082,-39.882524423709874,-151.21273513415952
-56.67190747441534,-35.42600347065324,-335.26587042983186
-55.043558468442065,-36.123801310452976,-165.70959638680048
-59.10182761029672,-38.77259574186811,-228.26184485645342
-58.408867880339095,-35.76804410417045,-298.15383039883943
-55.100725471031595,-38.609699423883704,-212.36726817641645
-56.71492782536995,-39.043930577636765,-346.0607950909883
-56.49970386244443,-39.75128888234202,-377.28915440039106
-59.405552028136654,-35.12989805225308,-449.68728875614124
-58.16061324988007,-37.83019875693263,-98.77877287942134
-58.45450787221073,-36.87425802372948,-205.57933295031313
-56.33205660820489,-36.81472916409038,-91.81066772508872
-58.0657278169123,-36.004792754309236,-227.71629576568498
-59.87732328866169,-35.29517351839929,-396.1538340381007
-55.69250486067042,-37.08215017429413,-367.42675238600447
-56.37928926206166,-39.85234242223457,-170.22611561412234
-58.14893073349378,-35.38077430107606,-89.22107265792451
-58.060635874014984,-38.03602261764287,-150.03852571676768
-56.33822388004137,-35.01295364246761,-266.2588479122978
-58.23412067427764,-38.03529622856864,-85.77185191229184
-59.43459663700121,-37.66337221306499,-144.7993115788655
-56.82294323690225,-38.90814243922418,-398.16052150767325
-59.62301437985869,-37.72430160330985,-187.22864874333501
-59.09345710255638,-39.54850523529783,-293.32294718861317
-57.163276824914014,-38.79440547764391,-480.12408444145336
-56.35040986921888,-38.96785046287633,-475.5527163639698
-55.853073113004534,-36.79821384661135,-378.73104864027886
-58.14367651971485,-39.50483383551774,-103.3419522693797
-56.856436331883785,-35.2519866231308,-218.65587436498708
-56.00913267690903,-38.07866142523971,-313.57758371171946
-57.49142726732458,-39.248734985031966,-60.61474900790636
-55.63886956596126,-35.56877434806564,-191.7545522408515
-57.6987268675693,-39.404777835472295,-273.80167018362005
-56.64924310471073,-36.0934517943556,-338.0763968526547
-58.11312817352094,-38.778052346976175,-392.72110862600385
-59.19757710515797,-35.173816962489624,-284.7830577245017
-56.20383336938729,-35.994871807553,-314.24117943784495
-59.10719732475487,-39.14015994495686,-247.19734537796714
-58.66206399588911,-35.94686901761214,-373.9920706518389
-57.221226638399855,-37.98300833376798,-89.38057641868701
-59.587942756022485,-38.50484637982552,-117.96588848423862
-55.916184879902985,-39.800297607619015,-228.91922551153428
-58.23757015045324,-38.89789086464274,-335.225532275004
-59.049804590685305,-36.97675279312659,-396.2634133930182
-57.41512592826433,-38.71746257299638,-446.234415262315
-59.2743967355035,-37.98062516768022,-272.75218154604954
-58.04187669896653,-35.272989527526704,-306.4906544171812
-58.74544174819245,-39.2586121056393,-342.8400887332468
-58.87428195338092,-36.56616544622505,-216.48693470854457
-57.814657659137325,-35.159323474932876,-128.0634338895466
-57.66331266264507,-35.86991896368848,-193.94427092924911
-59.64247994200995,-38.53805142977748,-308.18374326059217
-57.29457182397074,-35.94284276529741,-251.666960776378
-56.24498236620633,-36.13329549970832,-134.8566729951408
-55.38306828823885,-37.11446516870164,-260.65273374242014
-58.03376720584189,-37.791666394236664,-324.303507813308
-57.048374256746264,-37.284267169557864,-83.6786345243967
-56.18551427652408,-35.259071011402014,-326.75282253060493
-59.663497547431014,-37.11984877327332,-67.58696246744762
-59.07467477892402,-37.49884323619821,-392.29778040786255
-58.47036499759312,-38.090012692647235,-309.0933522111367
-57.011898780588325,-38.27798849314474,-396.10028327378006
-57.58908499866375,-39.687486741151105,-365.15596375097834
-59.139110087088504,-38.094855398219195,-145.9965089052427
-56.17810478012301,-35.93089777316855,-164.5660439656944
-55.94241835676453,-36.38263497731436,-286.4908954878337
-59.383309100297176,-38.22174084549148,-487.1516295665147
-56.973659707769244,-37.59596816509062,-136.97213707435822
-55.623734565517246,-37.551934689345345,-126.47223009369759
-57.18890800491504,-38.02325898812649,-176.5066156001899
-56.61456232718666,-37.254311622359204,-235.0916976889758
-58.301971870825696,-37.38063210543236,-239.42565459797422
-58.347036626831574,-38.8707940304518,-237.31426589835252
-57.86776111382527,-39.816379208664586,-161.10514300406737
-55.07438062768892,-38.06421601333748,-263.03750578452207
-57.56255891433535,-39.67343021631166,-106.78516603725879
-55.619983978174794,-39.8609583159643,-136.59257983038327
-59.08250258615534,-38.407003974062334,-474.7921658361463
-59.98673886799363,-39.11463791403494,-405.09100406068654
-56.226627143058174,-39.722497262049295,-183.6894193905602
-56.37819739256611,-35.96971720554391,-125.87520342364112
-57.608909546380005,-36.62350174192739,-464.1369062576266
-55.15482159572003,-38.16496176577322,-482.36378978753953
-57.53338805128207,-39.24513173961917,-68.45900809012267
-56.99776707056469,-38.879274951855116,-209.0006559478688
-55.047961114051596,-37.54114797528402,-387.09064434382856
-59.766131285761126,-39.286076442438095,-490.7263263516577
-57.33707682795557,-39.10960316951208,-231.7106718253338
-55.39145034230703,-37.315510270859484,-387.5820648221705
-57.97987029472895,-39.386266074355085,-459.02487042182776
-59.54294178498489,-35.786134469586706,-165.6256047456423
-57.79245195375009,-39.34396845619339,-486.28475784672196
-58.93363977973863,-35.92636642351904,-280.0420274788908
-57.299005231062445,-38.51604710369041,-143.15231611937645
-59.9074489929571,-36.359082227481345,-435.1532340138408
-57.48182506712421,-37.50715555960546,-233.3969525104416
-56.29264141974845,-35.09867381220532,-113.01971127071904
-58.1754733722353,-38.83347592097141,-124.20285110797289
-56.92949379107503,-37.4937694542976,-77.12731004906789
-58.663375633204744,-35.671847991882345,-50.1475023883204
-57.87865138829721,-36.227960033939965,-214.31794700189295
-57.400487764640566,-38.973607527099745,-177.7538462241755
-55.37958356626837,-38.710137068699886,-64.4435452840335
-56.92662572861001,-38.901597420306125,-170.3594750590706
-58.18635540153132,-39.95661574673789,-103.73076568149622
-55.71842674916808,-39.36892602318085,-368.6647069163853
-57.61083322605854,-37.45490073101079,-356.70242790385635
-59.028509521687205,-35.978540061860876,-447.41853918662304
-55.392243591634994,-36.834972121390884,-189.02039242781265
-59.5079147694078,-39.917482827389115,-222.68920345006805
-57.84567041865223,-35.45047181206298,-174.14425329596835
-57.97868058507966,-39.1935878338848,-75.38744039240713
-56.40259404275506,-39.82702568008153,-235.5713095405354
-59.1717250353313,-35.15017130982224,-385.9385861873112
-58.732256796928134,-36.883224049695336,-357.75356642098217
-59.05457532581832,-39.96284426154081,-145.92257602964193
-58.210416896214205,-39.147206005898575,-488.3536778451084
-59.943341059366226,-39.80327427421757,-417.8033161184618
-55.97814275136132,-39.04884205481404,-158.88211495114743
-56.76303683150024,-36.922887859964895,-113.60629811769672
-57.306076649996704,-35.66066763131161,-105.91800557206943
-59.39141185353523,-39.12352235064904,-487.021657931358
-57.16904865505194,-38.5716986467724,-305.42432285076984
-57.24292213993953,-37.469437713965974,-110.01105993115353
-58.83696378422021,-38.37812388827741,-263.6459322584162
-57.28696169036953,-39.085600810714574,-58.27874959374328
-57.65729541522153,-35.08034390721627,-205.59600514705232
-55.82592267157679,-36.70112336363069,-384.7680007889227
-57.848272478548196,-36.68395995229933,-219.4444042822073
-57.353480235669615,-37.34500081389039,-128.58042441155456
-55.1629811211891,-39.993000221051844,-388.5906972302194
-56.08250214477359,-36.785313744069356,-474.8998441312895
-58.33404734151416,-37.07563488451667,-97.08901314572803
-55.07897496207119,-38.223234413837005,-149.85649913927296
-55.873306185670856,-35.21397893007754,-234.19366738016117
-59.89543320192041,-36.101562287675314,-433.02039782664923
-58.34180114042089,-39.73370344770345,-460.7315171545648
-55.35404495285949,-39.29527965361099,-420.69627876528244
-55.13369133169225,-38.3512664055576,-322.13716232627837
-55.516335354917665,-39.57568593743034,-486.1236645806299
-57.35591311096374,-36.75397784775788,-476.577783643997
-57.3276609543521,-37.592280911118564,-241.8699951347205
-57.01267985071499,-38.376088262084,-131.1666616110432
-57.295636733984416,-38.687777170594295,-198.22613168865786
-56.77933119250016,-37.48064167019767,-453.3897506725384
-58.13505842415352,-37.02684449197104,-198.02194864218365
-55.87635719556964,-38.45263355054951,-127.11993747075348
-55.49879741195361,-35.480974234557465,-221.52566042664438
-55.22983409794231,-37.68597269784023,-395.96772955662135
-56.42077027840927,-37.15855532396866,-105.61203996530327
-55.78445917486056,-37.79914070930856,-311.0907702782943
-57.879259771013864,-37.660390785539626,-438.921145445492
-59.13736892694968,-38.77118225115894,-290.0210747101415
-58.08636396743138,-39.37399601842993,-300.57436757882346
-58.5635594933568,-36.62214069019961,-400.3447552752687
-58.778678359941445,-37.43108428219353,-83.99656667327297
-57.71121089736124,-39.230178354322454,-252.26073922311352
-56.848279491219984,-39.129873597157626,-434.8248656823292
-57.353012806219915,-36.01665126592807,-450.8000404438541
-56.64304867071739,-37.84203542195307,-463.6589644545385
-57.770168065270276,-37.842205157022335,-94.80716898186363
-57.333698454874614,-39.604341041905855,-437.3593950500612
-59.49161706952369,-38.1334333449687,-461.1406818811817
-57.76928025044481,-39.352701811247776,-124.0396265616204
-55.68292173778745,-37.13584845800246,-381.48483653180296
-57.326989111549025,-38.10795047848717,-431.181027466918
-55.95012597953299,-35.304390460847074,-158.47318657091574
-57.42053558016638,-38.514339577398445,-112.19879134357781
-57.71643566305385,-39.3925902085361,-441.9720219095054
-56.013672072053176,-36.712664483389105,-341.9281209266255
-59.56687857284464,-37.40468770708413,-237.8393397183205
-57.24473021538572,-36.44150785495969,-287.99960530005876
-55.644586356229546,-36.37422405669339,-347.3092103920658
-56.533125378177196,-36.10452644962909,-219.68804747751273
-55.08609434720615,-36.03834622603571,-191.0795215944042
-58.41473918109546,-39.24032433062683,-361.54423270293853
-58.06986807368414,-39.53137822496276,-394.6723080991672
-56.34708563195994,-39.16892341387259,-305.420333706101
-57.981187339936675,-37.76277537710827,-144.2737519450017
-59.807665106649544,-38.736062841483076,-290.5196470223435
-58.54969408202149,-35.185832342169114,-357.2091498528384
-57.945606550206925,-36.47932995443055,-116.48853167480519
-58.70203045720915,-35.76652307014208,-451.3448013113065
-59.43802833169783,-35.6940749785409,-424.2781642682265
-56.49399525218217,-39.15659008003757,-351.93464220539
-55.89640311817875,-36.8904856553935,-346.94333104975755
-59.23436712245186,-37.30708436120401,-137.00116034224297
-59.514282260704356,-35.61854282601534,-91.87489403593776
-59.58752372044458,-39.94837826478602,-278.21170081978437
-56.672500296820985,-37.065332348232864,-67.63202639202999
-55.100741688298356,-36.66955097115094,-277.23831105891725
-59.20786595669837,-38.86581307002152,-341.6326664703936
-56.56065780470865,-38.76027847761377,-113.37218133951349
-57.45190737622505,-39.211175042924374,-136.18653988923384
-58.65387186985763,-37.42923396261848,-170.31463371455706
-58.10116106804892,-37.36314219800386,-147.79020578156553
-57.38587695238347,-39.02494231212195,-85.54127864659976
-55.59884989438676,-39.39263671310864,-68.20238725306177
-58.26056261278625,-37.739881127930495,-62.6704929080598
-58.431870378739916,-35.82467919760968,-391.6168601892183
-58.66478561814084,-37.66639920984327,-121.88107983010079
-56.194085000195805,-37.42911828268796,-172.27286531505152
-57.06651808427921,-37.37064105671572,-197.45992734272306
-58.00076950249789,-39.14467280329255,-160.03739751694343
-55.55794699260689,-36.241204630072666,-380.34522242594545
-57.21877027556705,-35.325265258995266,-227.75373368888268
-57.04693596862764,-38.90926243596601,-305.6402116407289
-57.604462660491336,-37.91364534428306,-400.3417504221386
-59.141177103383235,-35.5847428195964,-68.35675639739192
-56.15084157308511,-35.26600769527404,-478.9858308338407
-57.89776107877828,-37.40714901377804,-204.5086548588016
-55.91510903540867,-39.669196488811956,-454.3311836290049
-55.882506061920495,-38.652257059874394,-128.6857950784004
-57.749009321351025,-37.45870211115431,-149.4748976709218
-55.35227398487323,-37.691636368320864,-113.38900733514521
-59.67511594948662,-37.0323375040832,-193.9210182986433
-58.77514332670309,-35.07867063836092,-214.71461598222604
-56.30913062776802,-37.89022304818853,-300.29612405564757
-57.8428993146259,-39.89410688033909,-120.70582191936515
-56.328851864965614,-36.13477090270083,-328.7186732621239
-55.225618218399674,-39.13831639132972,-494.79032314978264
-58.07722538980447,-35.469589335663315,-447.9513738223084
-55.1290294046339,-36.45881237017226,-487.1836329913492
-55.56846748644469,-38.180365350241935,-88.73631186215992
-57.814714222407,-39.46395885695644,-276.75686654057233
-59.42824368829304,-37.259125446386356,-60.509332208834124
-55.22723947849018,-36.54247243980258,-161.0222364806926
-59.41683161969416,-37.42867810720239,-140.33440190405017
-55.46593891140082,-37.12861663087215,-78.21146632675932
-58.83849017029991,-39.525765607217245,-72.70046234357665
-58.4512854151909,-35.43675222399153,-235.64273461369623
-56.643519230437626,-38.181815374456654,-458.69181705992764
-57.98624297650866,-36.7424126892806,-423.32158680913705
-56.735877207270384,-39.64419121859098,-378.573697967914
-55.265596909420125,-35.02088837918773,-389.4809709721032
-55.101676818548924,-37.578600144819234,-320.20885444767964
-55.390603670615214,-36.14614788275461,-93.05053366220659
-55.883971629951944,-37.09885360129266,-177.31435956166297
-56.51976205326503,-35.94202050276214,-483.3548573964821
-55.24527895871069,-38.220790144603335,-77.44859353340642
-59.09933527514124,-35.56377462984145,-161.35260990811585
-58.23935770394321,-35.012500023900586,-47.01107536991438
-55.364792944683394,-37.748036692150535,-458.61757206942787
-55.59568062497494,-38.044946377816665,-502.8090616922497
-57.115635639373096,-36.522508912584435,-360.1160622164333
-58.678370784823876,-39.08527051974005,-481.48001815285187
-59.104417434271376,-37.083402913854606,-63.53941182904783
-55.96781902093578,-37.16340279531907,-107.505511684784
-55.76219084990556,-35.24707861194635,-295.28886738240635
-57.62550106391264,-39.27730788868976,-230.41372846610813
-56.448458857102125,-36.6976935361188,-241.12953677732227
-56.8828131348124,-36.53564295356554,-207.69448838398768
-59.23962051175847,-39.797827161577615,-216.08638860701984
-58.71208396968443,-39.52656615650536,-171.83285172597445
-58.187265915601714,-38.023641086807956,-317.8653756253254
-55.092972026483515,-37.9842197796756,-375.71403388037027
-58.38923133438226,-38.37317218670323,-271.3990081244135
-57.66882773392592,-39.679506677492405,-47.65353131076692
-55.8733088197292,-36.001243350340985,-428.6002369746368
-59.45933899633878,-38.54426119696818,-427.92026623882043
-57.805468304615744,-37.09839720646949,-59.12887415383642
-59.39587434416864,-37.36822393097483,-76.84805079342681
-57.490748816781206,-38.89876088368234,-468.0324274649662
-59.26743231552609,-36.03504072158349,-113.2022835929098
-58.88015398400099,-37.26601979603787,-67.78905455969245
-58.457440852982316,-39.01454988033087,-292.66619779409484
-59.44542900110456,-38.12558194569328,-366.8516746418678
-58.322680487894466,-36.76881756161914,-196.73375812483172
-55.9451771525142,-36.98551728619245,-196.6535600319164
-56.86517555152222,-39.11508502203753,-165.47809812050255
-58.68753729000772,-36.9699027570392,-225.15836290847577
-58.5628218283387,-35.12231201705639,-164.27425832912104
-57.81418946750825,-38.17840965461114,-464.7530132304119
-58.364332592724324,-36.56744342828294,-82.15097721000924
-55.07177317641372,-36.46721396719709,-349.2497837624854
-56.633114669040026,-39.19015637329274,-50.60674895878988
-57.52259726108174,-39.30418062618324,-479.9499269646418
-59.01605789896678,-37.07255259514667,-277.8150575916972
-58.9881070753625,-39.6344264097325,-301.37678912494073
-58.5508402925408,-35.33182034351489,-489.43849180793677
-57.81324475126022,-38.68592783550526,-434.82374268848577
-59.256530212560335,-39.31707978779238,-278.67939229009096
-59.37470730933074,-37.78444129872063,-391.506139853854
-58.421847804283594,-39.14969666066596,-486.3712041324715
-59.65799298537871,-37.89844440937583,-201.25478631555347
-57.14065208650908,-39.29996865602151,-305.09193908198944
-57.72833890586845,-36.66939236897675,-376.0528049223248
-57.17191894422905,-36.231253405688626,-239.2293426067108
-56.685408551261474,-39.71091986230862,-81.70959566169435
-58.74015356062037,-35.982998877277836,-456.6380300291046
-56.63820911726603,-35.12764793797436,-139.69593799997702
-59.661692133354045,-36.71846264897909,-227.34331063573785
-58.43268164764038,-39.28449174769354,-390.0267037599231
-56.74744291580491,-35.601935697446294,-466.06630914293703
-56.62642723472826,-39.48950633686111,-343.2478583477426
-56.6935054658387,-38.690194696030495,-394.61746719407176
-58.419829688289795,-36.39680328881447,-423.49522219471567
-58.80384305440618,-36.7816347072682,-226.76313491351718
-58.077477742632894,-36.950320269035075,-389.89372102190504
-59.96822970741159,-39.85637222818168,-290.0169510813842
-58.31106925754017,-38.6320102527244,-135.42901562892118
-55.797647464406616,-36.282236522315316,-368.56537782786245
-57.60592504043414,-36.436052372935116,-453.79258100181846
-59.55223901318577,-37.116840775326324,-175.84740903985113
-55.092022463933986,-37.78801445704639,-439.93768628243
-55.56651295508642,-35.13792972156757,-86.49344761687532
-56.592134859458994,-38.56253217975413,-263.0313266039911
-57.87048826368207,-39.7203604556542,-448.0297330736142
-55.19187686025107,-39.21933633486568,-116.10484808731695
-56.90864311411341,-35.23259613070749,-287.87678505585365
-55.32135850867694,-39.15753270582495,-247.62809421745746
-57.76702882695084,-39.22061045606689,-355.58656102974066
-57.61868102447715,-36.402153377778326,-322.7473028007936
-59.15473049350562,-38.78471202500195,-291.6270075199359
-55.857016449950216,-35.42997910730995,-315.19759265211485
-57.80333499069603,-37.908143525649145,-89.66819888420328
-55.14289396547439,-35.77060269131718,-85.2185413924536
-57.97014874974215,-38.76926587058104,-445.34358177050854
-58.12715814021002,-38.133900121880544,-321.72578076842257
-55.31346537881683,-37.18250660372361,-207.87940619416645
-58.16103848902022,-39.27980044830299,-283.5743719266643
-55.2564786867137,-39.48461283001628,-167.49764164038325
-58.003696763237954,-38.71941497451711,-403.8933792902614
-58.48562335862493,-39.04705536413217,-265.41882306131976
-55.86555341332783,-36.494278318924906,-475.4405199873453
-57.80630126794604,-37.39068701028738,-125.37605576102216
-57.30820851412935,-35.22847137642456,-316.05688119422103
-56.808221742565784,-38.73028184320258,-416.9723567702002
-56.313469545996526,-35.83412894599241,-388.0452596390499
-59.84937795123085,-39.63079581818064,-424.0869106227486
-57.01290776434322,-39.07626567670182,-265.5667678107206
-55.79803735449023,-35.205608384964236,-131.46005211942196
-56.51730731411375,-37.87664799948216,-233.18175618983568
-59.38348160225531,-36.691326039035694,-266.23089270275165
-56.45157863280596,-35.05190173678736,-271.7579202386106
-59.90709669859529,-39.239528976129826,-470.0332803590324
-58.99617845628822,-36.218107783695956,-482.12173362642557
-55.612276306739155,-35.11054398042951,-261.7871140372318
-59.26334314135389,-36.48424057532659,-67.6380729318377
-58.381363367371755,-37.73079754651197,-138.3946370969012
-59.84002947518355,-36.29786371509375,-382.7567941865898
-59.83187733042788,-39.081959607974966,-251.67818582810256
-57.122772999730394,-35.81803051722036,-64.35721660957905
-55.74904099791402,-36.629254630132145,-415.4268985274818
-58.249044859594136,-36.55628487451658,-196.82297344199625
-57.066766022007386,-35.703823022726006,-184.4995828873604
-59.504730970199645,-39.13801716757781,-221.9029056833477
-57.09106317982382,-35.84227290893434,-389.27877169793044
-59.236244731376935,-37.286436073922985,-296.4121713275024
-55.174162913577625,-38.69943818174696,-187.54623375557472
-59.95516992569313,-37.872385248998036,-435.5334541155696
-55.44312936792541,-39.388911946864,-412.27790055820816
-56.58269216077309,-37.430697603254245,-200.30169471305808
-57.98353028388994,-37.65946888323624,-474.58365642044
-55.0244638776575,-39.16459490152079,-104.69845276129743
-58.402967472979974,-35.671985919966424,-179.602051761844
-55.52442029234577,-35.55646227211843,-458.2772677251371
-55.546972915323174,-36.23461922214266,-337.6478686975604
-58.72832307720431,-38.1210241317405,-203.2574776118221
-56.89921865637125,-35.10663494096484,-450.3448571114564
-57.75080497732178,-37.23261410838756,-277.7184174635034
-55.27280768241638,-39.63542315119545,-146.74987335280107
-55.31432210314572,-39.92594773585734,-462.77084485241704
-56.12197196046144,-39.058594189208115,-328.2839885961083
-56.744627113754035,-39.97507726814262,-159.08986191959846
-59.62985825036485,-36.242756173388315,-60.51605723284616
-56.287743521662996,-36.90940791085647,-208.65457251847914
-55.75326094597218,-37.084337857529704,-485.5054091788818
-57.76875105370154,-36.801076227205684,-328.35940684748056
-57.17540772450152,-38.147480932414695,-442.1136386131293
-58.230083600388795,-38.87104719033903,-200.23059164505915
-55.84306089970764,-38.00603815742454,-137.31916432428596
-56.215965449478176,-36.70373240809314,-192.04832106712962
-59.33294356410839,-37.2038903414995,-331.3549015309406
-55.87372845393905,-37.58247285885693,-334.17081289266457
-59.298598890847906,-36.35131423817595,-112.73524583015586
-59.202238904081995,-35.409683288997066,-186.36507792503758
-56.58437680922574,-37.658613405384784,-404.60760837411004
-58.692462789188646,-39.663441230432234,-437.62911500934996
-58.47995831087717,-36.17531597769565,-401.17975954351476
-55.39586587788038,-36.979319500705216,-469.5356108737785
-57.46304639907788,-39.970061926527315,-313.3403853084226
-55.56164923732108,-39.45148997601455,-449.58077818811074
-55.89355327436415,-35.77849693207538,-190.4639819057685
-59.17174987824003,-38.313995286534286,-332.27714092044243
-59.806691603423054,-36.30987876609713,-359.2345745519747
-58.053919199065696,-37.572184663308555,-242.89473710165836
-55.02943611795814,-37.126450961899636,-213.9113469432166
-57.993062277343505,-35.10251116706314,-231.56141405875803
-56.91578028558814,-35.69372619618776,-469.98736724328455
-57.15860001521228,-35.60330181819935,-132.63980137816387
-57.10429183516748,-35.749333229327824,-309.0114976231526
-57.28125625431229,-37.18277015270094,-413.0307682637119
-57.44519731161655,-35.52471808932427,-226.57361268756165
-55.50590607045916,-36.19072774523884,-227.05339682322986
-55.15460004030481,-37.30542358666214,-317.07209736146586
-56.4358331738045,-38.935422558785824,-388.2107923038471
-57.15595128600236,-36.79488170512414,-150.5019149613449
-59.663886484663124,-39.15156528861932,-101.9887027300446
-55.656596994648204,-35.44154514827151,-156.07414118768097
-59.991999689916184,-37.02586286153049,-168.90750204203968
-57.950984221508406,-39.7235097559909,-440.1707677811055
-58.308522119565076,-36.98455660390791,-340.16356529666564
-58.941839813337566,-35.90766214687609,-468.0410005562239
-55.38761963421239,-35.24993466795633,-392.75704927321283
-59.902507449180916,-37.172085571940976,-100.09930744947377
-57.799364678998565,-35.043020888637415,-63.139430744422775
-56.199305854300746,-38.240840087688014,-371.2129449687827
-58.41966597171628,-35.78513626085202,-206.64653718491877
-59.286255094115916,-38.15438590329437,-106.40767213321905
-57.53075966014307,-38.10016142034012,-472.20561464452965
-56.30971848245566,-37.57374325332368,-170.98362843559968
-59.14754901982093,-38.72284104983799,-473.74311580766886
-58.48356218427,-36.29168636827169,-407.98357970575626
-55.55452850074189,-39.32063666424218,-156.02990532591292
-57.57229294121572,-36.25168166980047,-166.69570206281333
-56.52281830863033,-38.79609188226702,-232.76485128875373
-56.38363102541682,-39.22843018771158,-95.91194908846558
-58.15100047059224,-37.94065500989838,-229.06996669641373
-56.44693277180914,-35.48708833404591,-319.68781132355826
-55.924261909749596,-37.02477627848207,-371.91338934620086
-55.94303311895153,-37.117412941419836,-90.90485821206906
-59.54854256904327,-39.03650806578378,-344.154000864197
-55.09963879556181,-39.61191182105253,-125.46221846307908
-56.81966793724515,-38.87939844704833,-264.6544140393725
-56.42720587593216,-38.2067205991576,-130.51410825500255
-58.94954613643122,-37.02118108471438,-316.4380933886187
-57.83722922054142,-36.23094916106906,-291.9153725429873
-59.24984248439501,-35.74992946404528,-125.69885339182143
-59.09766165414015,-35.520621725916186,-62.26134968448317
-58.50743009435175,-35.638738112741805,-366.3595748537653
-56.734070563212285,-36.12322299741758,-464.5718558072533
-58.16132186437432,-38.084478746129534,-270.9499017866755
-56.40965860603526,-39.75825364819711,-214.81256116206572
-55.45128305753214,-37.68095474206067,-286.18809304203063
-58.19532685270398,-37.505158140098445,-44.75860673692755
-56.909822846432974,-39.217624985667136,-305.6214470817724
-56.070146284586414,-37.053311439680904,-185.48755816518272
-57.0006421941258,-39.68560510038694,-60.029831840102574
-57.45123848873184,-38.56855025367308,-223.9554375736297
-55.78407018998514,-39.45764437280271,-446.73963816704713
-57.57860914438908,-38.67525190696164,-88.775995836725
-56.00142105517817,-37.18552805304289,-85.27119272513215
-59.99232166053764,-36.299446427356955,-309.78243084249584
-59.07811903498859,-37.1603439933903,-165.02737225559736
-58.654924578701156,-35.770212649023065,-486.0085479265621
-55.53747902156694,-38.368702140913925,-501.0948554849726
-57.25294641316533,-35.05936133035615,-129.98184260408152
-58.57797026874801,-38.268615051621225,-220.73719701095712
-56.30424435976946,-38.3839599061718,-441.86696802683053
-59.950527152185096,-39.53429715027207,-478.50289740162145
-59.56594563764382,-35.12137976233897,-312.80489925143394
-57.69110168087469,-35.53455252010063,-81.20094032995733
-56.65732204353843,-36.739772302722,-396.64766367775627
-59.43112802189855,-37.98334104163911,-416.4275184188973
-55.586972943514375,-38.705394669504884,-415.64943077831
-59.96177674688043,-39.455272689088595,-399.2730031681461
-57.49123121119384,-38.690807358758406,-278.4063434661274
-59.503121237718595,-38.51981218587108,-406.39483713478245
-55.77306493591558,-39.74735006461163,-180.45997197680057
-55.439814212944384,-35.153380356301554,-84.35563985403572
-57.21429848311543,-39.65142101883302,-464.62763385996436
-59.701470633013635,-37.590324316292566,-56.79799408670193
-56.129142631162466,-38.4730010665229,-244.3901267045335
-55.450827040521396,-38.402377400139386,-508.8893759403233
-57.17236189630208,-35.44779189434652,-471.42165887784586
-55.76381674500546,-35.839279464730495,-292.3200741942234
-58.48228744916659,-39.44189316538565,-97.24636908275552
-59.495231780351894,-39.83498855380534,-224.04694450268275
-56.37619198428635,-39.64346359266236,-210.94147378695058
-56.10271699936606,-37.45634347050321,-387.14146266847416
-56.57242830691842,-36.073611397004136,-197.42139997124335
-58.983844939911464,-38.802947299543945,-139.25061994464778
-57.33260558124752,-38.61497277513845,-103.5330707291717
-55.42998504215394,-37.49519731194743,-316.7212424043431
-59.546266471528426,-39.079011572994446,-98.06222565057806
-58.8170338546342,-36.95478252674226,-106.45465098119242
-58.8572323007798,-37.180894318268976,-178.05379111586058
-56.54017487333025,-39.64477100282335,-223.52028724616486
-58.814292617078294,-39.71640689039665,-214.9636337222749
-57.29857550210534,-37.44089121908736,-93.8130461549574
-59.62947771960871,-39.775947367079425,-317.1972791240151
-56.85277640637848,-35.016292068997856,-280.65646171922754
-55.57055459691807,-35.236455552556684,-92.39971785352773
-59.95030674476954,-38.51200506292834,-280.66539498700894
-56.55629086239647,-35.31098639744175,-467.9147947465714
-55.08520393635425,-36.1250527622518,-447.5343714829271
-55.171260616453715,-36.817613411700954,-116.87082902022959
-58.121690270236925,-36.02750333733442,-84.05827070787844
-59.282758135672715,-39.7787659267112,-259.8032179591751
-55.951816223588445,-39.75898274983824,-423.5926583169236
-55.29962206678362,-37.749192842535415,-446.73708919896114
-59.16147189437551,-35.79498667718228,-185.39610621930441
-55.10312227975277,-36.937945821399204,-409.97610185815347
-55.3774740586733,-38.98766436491011,-298.56517636055355
-59.35554984242227,-36.32673744588484,-483.01447779851964
-59.72274802186932,-35.66744227038737,-183.17922516213295
-58.90979846533615,-38.18430553869741,-254.4045475663324
-56.800323603853656,-39.82413310331466,-334.22572644239915
-55.295307023588926,-39.40945079285892,-214.8302307613904
-57.12951682082917,-37.45827818416458,-465.30640858616266
-59.23351935305825,-37.1387747101194,-217.12932781153273
-55.521645151248315,-35.983955028469516,-99.53277532729996
-58.68790647496356,-36.42824719262079,-147.83812952235996
-59.37535966621927,-36.81970651743696,-358.28307149138567
-59.214252356144215,-35.650627349548586,-401.10026632538563
-56.84874214801332,-37.33200779471186,-127.7210011403567
-57.83082251711722,-35.507078580441274,-118.06485991721999
-56.86325686641206,-38.271139349288966,-387.01002003347503
-58.327857378681706,-38.253060427561856,-358.86852176699443
-55.250011366675864,-38.53059038825702,-472.21751207411364
-56.73322726533482,-36.635815342757255,-307.17555624059725
-57.94009188569531,-38.767465158831705,-406.73975112809427
-58.55605527667526,-35.58659428611133,-256.15160160684377
-56.37257040998838,-38.41657034867366,-350.42143686216946
-57.00416864520765,-36.86663798118188,-469.8202323017818
-57.97410843397237,-39.30368144762087,-169.30494356094573
-56.076944986717855,-38.40438361385197,-416.6571273325605
-58.755596338489205,-37.083266178090106,-86.50861924200325
-56.72567770121029,-37.00934712951423,-115.14836024985772
-58.35274524900013,-37.28114757630581,-302.44343674028323
-57.046852492226925,-39.215960254118215,-425.3767775824919
-56.447535217528774,-37.93419479130808,-169.93011525976831
-55.88767616740244,-38.63169762303429,-357.2290436404778
-56.28050341955719,-38.50140209804573,-273.0648031810802
-56.577356642805526,-39.26869773722963,-227.14381628720218
-59.25482834375783,-36.28580733209119,-131.66599374152085
-56.00895470229478,-38.06956120152692,-492.4470738202901
-58.12453362764796,-39.64028757702019,-295.70105734868406
-59.45791533285411,-37.68772091025954,-396.6225466187014
-55.78026683542808,-37.25262932303812,-484.32178100061043
-56.11306029091049,-38.638045779597114,-67.05645766332479
-58.32679264897147,-36.83800839442598,-295.8563575725559
-58.17730604474511,-37.197077869200676,-365.0489311510456
-57.22696875736778,-39.769967489783085,-45.52953252556991
-57.47889315172211,-36.582175758727416,-124.51003132364131
-58.13653201914001,-38.699864391451044,-424.16996399787956
-58.191969645200466,-36.59853119178774,-52.40033060294539
-59.66273760412497,-39.03671497661419,-85.5603055368671
-56.40290540927866,-39.42345948640445,-448.08565654086954
-57.15457778490764,-36.12763211384129,-55.331220912084916
-57.13674873981752,-39.72480221299588,-207.32059453826818
-57.88778219614809,-36.978390688879216,-309.11292110984664
-59.84593694640644,-36.643147941186335,-287.8210165189835
-59.41706927762347,-39.56015784049869,-380.3353571606683
-57.11371881564824,-39.61562629730411,-48.570689720783726
-59.286030364880986,-35.5731589196638,-157.21093695837004
-57.30104128175057,-35.10278266161191,-426.7374436045914
-55.628539733237105,-35.46195265852837,-464.54016822794813
-56.78230241102913,-36.90595116796818,-277.6181176283995
-55.070783141836664,-39.16821494533987,-474.19037808073097
-56.273838453941096,-36.331200129682685,-264.38832564739647
-58.99862888664803,-39.56538802125645,-302.41759374896714
-59.38215438025533,-39.38921760454754,-145.4389347713196
-55.93059426047485,-39.81228547853172,-305.22798565275815
-55.695056828250294,-36.63657737410431,-147.67155661509034
-58.479172319988876,-38.90735323880134,-54.80203361871598
-57.19003670627816,-39.40962703753097,-220.98382520865368
-59.93914278046986,-38.28248333647164,-496.04360392417897
-59.89133978166399,-36.94086230524898,-412.5162701189779
-56.1883589612009,-36.51650008095687,-371.7063666761348
-56.66796224752202,-35.50254552388948,-142.27333924147928
-56.01370688822681,-35.66570770773282,-323.8945283999577
-57.79814657409429,-37.567883716960026,-333.51542337599074
-58.28131106922411,-36.12587330327429,-464.7789087535443
-55.792966915048765,-36.85660610989279,-203.7264097785868
-59.99424313832034,-36.57703360032275,-474.067698933088
-55.37926501231311,-38.96730209671299,-250.47380345819863
-58.90372721401988,-37.01886796667534,-110.76502604565164
-59.04170791698451,-38.04701008674503,-45.273279031780675
-58.754820814212955,-35.68060918224051,-313.8420777131445
-59.556625245268414,-35.3390380418206,-324.30059385571855
-58.80881110123009,-36.767217493528044,-340.95613397879254
-58.91541144429615,-39.258075546232455,-89.53454678828065
-55.532501786605394,-37.113951507168714,-230.03003662729253
-55.49204241526999,-35.10975596584173,-121.88551922635574
-56.28570084427815,-35.890434051384105,-283.73380987796054
-56.16698227510975,-36.4095256256765,-83.28672720622549
-55.31059148126716,-39.21805352880675,-173.70556159598115
-57.28464379398979,-36.66024858026937,-98.4028136040986
-56.84909357021753,-37.85663410550022,-291.4757166579462
-57.32011952142125,-35.16959016919926,-396.1642289936091
-59.21624707065682,-35.762433201149,-163.5141987252069
-57.98625058763799,-38.25237196574009,-104.03095731964837
-55.367479519547445,-35.44896671766186,-493.35733593856094
-57.30968028317959,-35.57994495724752,-360.64469738575065
-57.023452335672296,-39.51617871109266,-231.39186086457943
-55.2846565321638,-39.65011926527886,-161.37136550031963
-56.80595141944981,-38.317128333742346,-374.43659222177473
-55.348201122562486,-37.580477078084954,-381.8463509132957
-59.13559893015872,-38.54345046726212,-256.7950046028779
-56.412484236945865,-36.256714426832666,-202.66863686919635
-57.822829462306636,-39.428432614163874,-391.70701529042435
-58.4700550158975,-35.013734338601466,-256.41475355641717
-56.616382743759516,-36.3823517250081,-354.95727285995304
-55.18948692579252,-36.75340816936024,-422.28234437439386
-58.2589767806768,-39.869243777983826,-411.89568405187174
-56.14090360928863,-36.992055557848786,-223.3014165344319
-59.08442133958474,-37.56545947430219,-126.67449248978225
-58.32712098910239,-37.90675969319755,-359.1094565963688
-57.4132657783165,-39.72252903338531,-156.17063581887115
-55.02801324742567,-39.7151691306447,-102.34745072317267
-56.01076763047107,-39.03864283933832,-469.7568748950091
-57.742308402125865,-35.58839309937513,-409.88438059494274
-55.34268534992144,-35.07137577200861,-131.02664940898538
-56.90500997308343,-39.1744467349073,-395.284331260164
-58.144214514321696,-39.8837271086656,-469.3468064377584
-59.6632539339288,-35.92006166007282,-93.06921065522744
-58.61818914890385,-39.210121976041066,-295.4052977226224
-57.7588423298775,-39.65507213153943,-167.75589373100166
-56.77847685132177,-36.09441905890532,-89.25207761782943
-58.14078739901068,-37.74143816413164,-444.48057085158763
-56.460270296830004,-35.38350199546039,-103.15143928046925
-58.60362331701531,-36.74233178184386,-281.53779011444067
-56.257521780404076,-39.46300452144042,-107.76369841198387
-56.379102451965004,-38.02511508409331,-101.15456588988076
-59.660758777699776,-35.75355335902626,-310.1873815122604
-57.277057763221514,-36.81742795867686,-372.46145133409533
-58.98243702371253,-35.62349393065076,-375.1594979206357
-59.19851423613241,-38.177144609075825,-52.20716137212787
-57.525136637447,-39.415420228006795,-475.0550536086113
-56.96652432835086,-39.328944521661676,-409.37646270151834
-59.51228775836075,-35.249328838860805,-391.6103023570199
-57.393804626096795,-39.63301809261016,-108.25331252041893
-59.46862803769314,-39.533670516139914,-325.26473825785575
-58.167262386781886,-39.2815533706632,-176.77647395240143
-59.604223872527896,-36.85969070106078,-251.2116754278553
-57.20314680960507,-37.56268447190025,-191.7004377364891
-56.33393510693251,-39.36563536291018,-387.6628300283955
-57.92560247262841,-35.031772986760615,-366.18041804546334
-56.83466133149551,-36.24451117635554,-237.607151831163
-56.664005231286296,-35.03930350540527,-426.1981037856834
-59.831266485503434,-36.175530671629474,-496.289021719092
-55.40160480103986,-36.12518491387064,-492.4833955065826
-56.766378347018815,-36.111474668775394,-431.42946888688226
-55.35153504919453,-36.39721650670738,-167.40940349093844
-55.35953587434234,-36.16468669860401,-287.0565750049315
-58.618332209637366,-38.69831781728568,-255.95382473514465
-57.894516029577986,-35.56125508750416,-57.22230990719016
-56.226172734468555,-39.59772761794066,-282.44572332535756
-58.85295950023832,-38.92382384603154,-478.88568463328716
-59.43123604558354,-36.19936537655432,-476.97255994839054
-59.3290671893678,-36.614313849113,-361.50720609369773
-59.8801338099939,-35.600545901334684,-268.891267731662
-56.65401970646078,-39.04105324564243,-147.1351482125964
-57.9908617193682,-38.69960902465354,-216.90797791830377
-58.23231281259511,-39.87721383048586,-344.10918182906204
-59.42881062846546,-39.50852464976197,-279.7874955683452
-59.523226054876446,-38.407466117442496,-421.8263525901159
-56.536648464452966,-36.559008909794045,-416.4528924406001
-59.81910995012952,-37.628879857331846,-279.5352008314032
-58.15986285886431,-35.10438064154918,-131.216316488337
-59.19047004603893,-38.01328656794109,-238.90366390583907
-57.92569818894889,-38.70798811949165,-477.032489726422
-58.191811894232444,-39.458186966663774,-237.6269811906052
-59.993845219649074,-35.676410167230635,-180.82173256147817
-56.80710879767628,-38.4706792295991,-472.6881834737713
-57.970096630667165,-37.02967529754714,-334.4191247800524
-58.13074410654644,-39.466499208450145,-198.89570706250913
-57.158939956117024,-39.24645632816674,-356.09931109205513
-56.51039066868298,-35.16325091656935,-485.3613245027641
-55.451521520323226,-36.964281186973885,-224.84553884000053
-58.126906715220464,-39.9613244784493,-55.26361168719552
-57.84952155719161,-35.97354601665035,-387.94368635701807
-58.690734241555035,-37.29183608142726,-67.56623351038448
-57.59559656474654,-39.04726353914688,-211.14420032608567
-57.23463582158,-39.34408131837281,-261.5831964390868
-58.294300334273196,-37.076323068397095,-162.84392615953516
-59.45956743113761,-35.26279401099625,-305.4231943677069
-56.84163793657453,-36.270092068693145,-47.32407387082256
-59.68628890374435,-35.67597819383086,-149.04094810626708
-56.72413245434822,-36.94558846723676,-322.8028950975925
-55.39907698989092,-35.47938358477549,-396.128551456794
-58.56746428385371,-37.92090609677607,-429.259969537694
-59.55396624557191,-37.336982683091854,-354.83029149406775
-59.04568303133607,-38.62832037458351,-447.474535580482
-57.101750790868294,-37.86053116957167,-77.95993566283228
-55.60340661986613,-37.66632023112153,-492.88132644386565
-56.8503235116733,-39.9869538370402,-449.1443000138398
-58.98050045344595,-37.79237485389977,-446.74792784977285
-58.73801942671252,-38.62798545433352,-194.48722469726494
-58.19475644474594,-35.7949432971496,-86.9807183124304
-56.88759506427493,-38.930532663077116,-367.26478289825
-58.39851523719612,-37.24969369124983,-170.19985148131582
-55.95445094253225,-37.3622085354471,-180.9350854559596
-56.16248443643802,-39.15895069773816,-66.95878984604786
-58.74168358697202,-36.786348147612706,-171.47793981697305
-58.206699293900996,-38.70926939408196,-435.88408839164964
-57.779263676468446,-38.6515989209039,-176.8755141369931
-57.134353818212965,-38.99443484777077,-143.40143664316355
-58.53732126981714,-39.91157570688536,-153.80389122196448
-56.19847944317913,-37.82908939593987,-272.980487982169
-56.16653370670684,-35.44378243597449,-382.47735767892414
-55.6399247026143,-36.14425844888289,-124.03168643556522
-55.35985570335052,-37.94944261485883,-497.75728619212845
-55.3160284460814,-36.50207423244453,-462.2429873359388
-55.13784126781627,-36.29259572202802,-328.77042910717796
-57.774419971086175,-36.677626595184265,-435.15801520644516
-56.61131989402571,-35.63702231836806,-229.96968545583906
-59.85158403071495,-36.17464215307229,-455.5593532727341
-57.71092553007921,-39.70716739389658,-265.0556950648631
-56.85509458762364,-39.39981475862894,-387.0191005650952
-56.32981961964849,-39.410969022824936,-378.5152123738271
-58.79553372984033,-39.449667558508104,-42.30583465745648
-59.1531343099642,-39.83709738663516,-89.46159684955454
-58.35326262280119,-35.47918450560923,-341.81639532487895
-55.44624956268112,-36.68528103216367,-132.82422137444945
-58.43245705517093,-39.39894919259295,-349.4448388475951
-59.22021749403774,-36.6056686678501,-141.67641184316852
-59.36697741446706,-38.046588993191605,-474.53260529197206
-57.396432251735334,-36.691091375672556,-77.84832502232858
-58.677856530848594,-35.43635556730218,-385.9749381641193
-57.37267206874345,-39.762881995831826,-271.22632310028524
-55.455394345441675,-38.385664202544106,-358.76556687154556
-59.98992758274271,-39.89231716803739,-260.3836609025476
-58.82729610403749,-37.54117343257595,-439.69243903156473
-58.55437393311929,-37.30499565427007,-385.44036612941596
-57.296484868055735,-37.1613326554101,-121.24868348854876
-56.24711221691318,-35.478439825515615,-246.29903737930414
-57.508105054859826,-39.75057898244725,-192.7685559588146
-56.25108718487705,-37.86689804436654,-254.11634837514092
-56.393511489957255,-39.11788745038209,-351.55651023078184
-58.68239218381959,-37.992732758392464,-221.80620833159443
-55.94385481491681,-38.85273678549261,-368.6919261256608
-56.92804084714776,-38.50800286529736,-203.02197953666527
-59.850149620873296,-38.94045930724161,-211.43224118698566
-56.91034015969507,-37.30696545223677,-484.07744908770485
-57.102125009064366,-38.29530225759796,-335.4751792503176
-57.6430900238439,-38.45787639309612,-392.4769178385627
-55.18318472807683,-36.43798280895874,-169.0613983344968
-59.42137172869332,-39.021047910932275,-246.10537758437016
-58.512479444536204,-39.3016316420834,-123.37612862603056
-58.06866791523846,-35.58785114191923,-353.7668182476168
-55.75480116063767,-36.569687784874326,-148.5016190341923
-57.202257332439736,-38.950645776957636,-308.3774899425761
-59.70293669858817,-39.31493039387579,-195.65100032858757
-59.42634051974858,-37.96612859613555,-188.9184917828428
-56.53400891249702,-35.93759551631067,-208.45363482041287
-56.16260395822028,-35.881225538829995,-465.03953073594937
-55.74810992524188,-37.613811642894404,-309.7133908815348
-56.453505261580105,-38.761901908554,-172.57710161980756
-59.405286460173386,-36.646256433753074,-355.60295639639
-59.31110782800571,-39.75624924889659,-238.98695917673498
-57.51688556210005,-36.12495709242954,-168.18203000430253
-55.315099933111824,-39.89447765839722,-172.16925065232732
-57.79292533800817,-35.55507975872862,-237.29544972217843
-56.35087344703058,-39.36415889859368,-352.0756447476882
-58.85307868266098,-39.84598954166989,-328.5640264940475
-55.048265403576586,-38.572023276412715,-251.84666289628922
-59.031589560666376,-38.046563309482806,-150.1231564815497
-59.05432515570549,-35.72177980446927,-318.0431175013212
-59.122747815780265,-35.5964269303841,-308.7593585609172
-59.15611663592712,-39.863321625767604,-420.8778144956428
-58.19036871484504,-38.42083747522428,-113.13444428719971
-55.29230632839797,-35.98978779837665,-205.72760555265853
-57.4897369650122,-36.13493156149556,-210.43571293981705
-56.72091457631821,-38.37867082428161,-490.35576116372465
-59.98393247267576,-36.39222301996734,-353.12005913538337
-59.766732341184195,-38.967777524434354,-400.407624772199
-58.39518790986046,-37.22428757977293,-297.58646290805007
-55.183572996802255,-35.92012403088979,-65.66890110309093
-56.82468381821684,-38.20746670036291,-166.82397457890568
-56.87835731160412,-35.73276864344742,-245.5454295774065
-59.789564314176324,-39.42390971968987,-336.01600607576484
-57.66277235599852,-39.938917792963714,-368.64037234938104
-55.127965596207844,-36.2639684143645,-136.0080933115035
-58.17315665464541,-39.39940356762924,-414.23926750111923
-59.08389758843063,-36.0498166359014,-338.0344447682845
-59.77017517724253,-35.59781276665187,-424.0502487711533
-59.39830644187987,-37.97764890419309,-298.3650789552982
-57.839117369779224,-37.71763579924875,-376.264089606169
-58.4187965519818,-39.76463304061138,-319.2909337758641
-57.40747653814414,-39.415122327743234,-288.3139841812104
-55.6456403883487,-37.103162557284385,-365.82225374291056
-55.79227475245699,-36.44811841646244,-266.413042170696
-57.69313451936066,-36.12655508853803,-164.8417956873513
-57.87445946485171,-35.65757479606004,-301.61353359047996
-58.05515795112586,-35.655595444231835,-404.3395729086221
-57.11118209736517,-39.04778520909348,-424.89849740823433
-56.69080878539333,-36.393949565002174,-359.50397140055657
-59.831544511360676,-36.18814558190829,-86.09213816983284
-57.45663238249311,-37.5643465948144,-100.61322885489892
-59.89648910272078,-39.63147266845785,-429.487180522582
-59.561356889128014,-35.30955523023105,-207.58451376608397
-55.48561807300152,-37.53995625093791,-493.12014884608584
-55.88938986052011,-39.67467766500915,-110.65351170416425
-57.54963606287263,-36.542723078643775,-343.48862371210396
-56.18560041440329,-39.746034727824835,-209.13291152181813
-58.63032097550802,-35.26666628927812,-305.49657679530264
-55.0666905794842,-37.56950352875122,-123.31108297418331
-55.8081448900343,-35.48348282698319,-395.47713497347905
-57.42581970588692,-37.81900290341947,-156.5993598495383
-59.69992288172452,-38.455768573727916,-431.55804202695145
-57.42903934681146,-38.4688088591958,-183.83915161611947
-58.79892840486351,-35.356864556704934,-313.6479841459764
-57.575292811481674,-38.06542985529723,-354.3738196358927
-56.7641873849722,-35.33090957610392,-255.14013470032344
-56.14381085287397,-38.873405816716954,-79.2573266453859
-55.8523145524816,-37.1800836014851,-253.22817727954933
-56.72424653183786,-39.33837130797703,-265.3868878042117
-58.07129016530897,-38.513898964017834,-198.15381970368549
-58.53802279739966,-35.75411444478193,-214.95697900665505
-58.075125885140714,-39.95363565383418,-207.23152451177458
-55.756085892709564,-35.68271814937691,-100.79755484256843
-59.18589653720066,-36.7543343046347,-189.56944697399126
-59.41549150931287,-39.208917563574914,-312.131361828063
-57.20896891230684,-39.412131821336075,-301.8685239053415
-59.85274514881305,-38.150700240779514,-147.00305443420822
-56.37032607841693,-37.650500818213786,-184.4313826618184
-56.73558103701068,-35.77426792598638,-329.73272657765534
-59.48207846806182,-36.71609457586582,-416.9323026924414
-55.25012240211521,-36.400395148820365,-124.44970876392526
-57.611772399396706,-35.11004735463259,-154.49433827128348
-57.040608863172345,-35.46216758226129,-487.0936058403933
-57.30849719193903,-36.50895543088987,-370.92347184683143
-56.1169159005768,-36.7588522552825,-299.1126566067331
-59.81676720126475,-37.14843281291337,-84.72105012512927
-58.66542007024224,-35.334890403319676,-232.84209260522752
-56.08386309643089,-39.47718045745286,-473.05817711359134
-57.50009942820232,-39.38477407326587,-95.29358621175143
-55.67752533043258,-39.51370364429029,-351.1329171953532
-57.207052636429,-37.01850373999037,-52.02203310780215
-58.67352617209769,-35.171200547230576,-136.7294673108711
-56.82381147689937,-35.40076536566659,-290.14563707315216
-55.329068532525724,-37.49801773882846,-391.27476747902296
-57.0060996801898,-37.84357324428646,-144.60161276886066
-58.844561374557514,-39.43159121403174,-204.80996995100438
-57.401124439623054,-37.894073074487345,-218.93361859195144
-59.83223316712039,-36.75838016501961,-284.0162233108226
-58.71238096112415,-37.12858339147172,-334.9693451552381
-57.15497301581501,-39.461234215639124,-119.88571008169812
-57.34306409896572,-35.41892212514796,-230.31179666564373
-55.81233884909918,-39.73952239389766,-391.01178005144635
-58.514043540125435,-36.06393948626964,-419.31622511899883
-57.54638507353426,-38.198907248648666,-262.81429100943694
-57.4786399293094,-38.77711737640141,-222.2480985101126
-59.259292210285224,-36.06964787903291,-268.0133439486127
-59.00799450028536,-36.650868987623525,-251.65529902163345
-55.383671429998614,-37.30566696326454,-219.02907919490963
-55.67730461057113,-37.39616501178392,-303.10193485539287
-58.72242235323105,-36.13811542590146,-448.2115980017273
-57.71786350284519,-39.00761171353816,-195.9428425316064
-58.97118550080655,-35.21989229634469,-191.4093363111211
-57.27648885360723,-37.57912075121313,-256.3643685708755
-56.110045211848046,-37.820125789011776,-59.69434469504294
-56.20268623430791,-39.204920373420094,-204.4214897713906
-56.430322320831024,-39.560404939415356,-478.9249841444957
-55.920749232072,-39.694014884212365,-186.37830656692847
-58.08555979573582,-37.688847941054924,-107.35706689127977
-59.44237382407229,-36.1609986725787,-211.6672979018441
-56.74801892147776,-36.09208202395068,-128.72378184331748
-55.84288661856853,-38.37818471834064,-316.9171292834055
-57.30395085567805,-35.16515583249194,-68.0609835553905
-59.660527895186796,-37.4376736691683,-253.92458253748964
-59.98343907750934,-38.30090190049547,-452.24074093090223
-58.87609198817324,-35.43068386206281,-60.57675960877565
-55.01355881339182,-38.74692493753799,-210.41952089919874
-57.02703294239847,-38.776009271033345,-243.98408746875012
-55.32279276034923,-37.989155696128,-290.663369980076
-58.09523840812101,-35.92635819529078,-391.97894130988817
-55.70671843015613,-37.16432305646624,-253.4155369154696
-56.593236656459815,-39.433278252504195,-465.7417030186596
-56.46388232105677,-35.488128923637234,-73.1981558834545
-57.956060426063694,-37.20760546406148,-438.0242805095327
-57.77129793271359,-39.49419287889241,-176.01846744168077
-56.38195561721477,-39.307456006944335,-60.8984129323985
-58.80655613037027,-38.45999215312257,-274.94721142557125
-59.48778149246494,-37.30027843248659,-412.76486352801095
-57.54460687972331,-39.54981763175029,-187.5190513935297
-59.63805077857646,-35.40295674678599,-249.56705068539014
-56.69772836277126,-38.63686657696278,-355.6873971837477
-55.97020562804062,-37.672213772719985,-273.30941983615963
-55.93492215398682,-35.63788416627764,-393.2050846101773
-59.46838055918306,-37.00351729485146,-354.1856846612956
-56.665581234684964,-39.116801285884684,-154.15413936645015
-56.47901386173697,-35.91984505963595,-282.08555705261034
-56.97460257606473,-35.213868026965564,-331.1490373125319
-56.935332962467584,-36.99571913482621,-393.77105610132924
-57.146246879534125,-38.88781354226914,-283.3310738441862
-55.676539611264516,-37.15206532483218,-432.17515127470136
-58.83719494825421,-37.78697889558943,-206.41764156753302
-59.712502298025775,-39.83475814612941,-97.13853347126542
-58.7451880005691,-36.540353027528276,-226.4288865483991
-55.914741694728626,-37.192279089039474,-126.8306343371685
-56.455023783284965,-36.730770671449996,-262.9345911445833
-57.86200516540139,-35.43845234110694,-413.95885366562385
-56.39672105142677,-37.79126067747375,-241.8973500687057
-57.093001223734234,-39.23292716657398,-468.3719013316305
-57.89729541318465,-36.51756063544619,-339.5263407512097
-55.01843851537623,-38.11075238057373,-283.6226086981154
-57.632527079155416,-38.77038319335403,-168.43741586237783
-59.45168755412575,-39.62229807794833,-265.88640086155823
-57.34632658889727,-38.34540811679956,-405.91130950475355
-56.30430035191778,-35.03371191519489,-377.4157814739273
-58.33114795203757,-36.139240102987785,-152.630841583944
-59.357380525319165,-37.537189544724164,-348.99428591579766
-58.03289799184143,-37.8652377617274,-135.13561743087627
-55.643902386852474,-36.90464797465125,-436.35458968558373
-56.579766031865994,-38.292857297838616,-497.45777560138964
-56.20135832254274,-35.81289155656027,-137.61443082915707
-59.62420267746535,-39.23975431415786,-228.9852384863163
-58.73189735486786,-38.57912079278892,-84.8319734254007
-58.192829989793005,-35.809329564114364,-109.79640409386707
-59.92749710742281,-39.41131143386101,-303.0587614892266
-55.31343723641939,-39.66762019091496,-362.98962503326584
-56.19924031098949,-38.520177405879004,-272.21099103885945
-59.32961945656182,-35.96348034607886,-297.9205976088855
-55.19795710454578,-36.06940558520115,-251.63133214574503
-56.25627142243021,-36.81741207492634,-495.7705533090106
-58.258834457950165,-37.36355094132867,-45.48590929602739
-58.69652304723683,-38.19186899661299,-269.40684790956954
-56.132404738545034,-35.13290077233767,-418.33789458338083
-57.16908468275598,-38.0011611801181,-186.30634680185653
-57.73514010729712,-39.7451669813822,-199.64106204754648
-56.109705816343194,-38.87254851299165,-161.2051029932025
-55.65620223209467,-36.31056372817914,-329.3684113378452
-56.66559310943887,-36.99551599643558,-151.17235305045418
-59.45642349638723,-37.27889595632939,-115.47083853835142
-57.97726674956978,-36.49268221244086,-196.40733587557276
-56.232041863142584,-37.61102303971194,-140.75729440552857
-55.857666295540746,-38.9092677867655,-329.9746134176809
-59.96148530026256,-39.461618422817416,-205.40724194242776
-59.153334293359094,-35.47121218982835,-347.65286484341834
-58.53575125295535,-37.6395688332303,-488.03797145934976
-56.63791882504229,-37.66869529335599,-284.5273623189763
-55.84891116007183,-36.83031158567679,-137.6548581712647
-56.762862458519756,-39.75736065832586,-151.92377627160974
-56.817772706932246,-39.21300198351749,-279.1673680853487
-57.55089145945679,-36.49232336469277,-367.65179187962985
-55.95577464267497,-37.626454022531874,-354.1635294244696
-59.90872830389357,-38.10141648960222,-269.5148453320602
-55.345729377870065,-38.96511894117117,-445.3977674222697
-57.63631570317604,-39.392294439547946,-328.87712001094303
-56.510845950653675,-37.48590899505791,-148.69137602397873
-58.80327771565183,-39.20902703091549,-120.62074472503224
-59.18370341656661,-39.200100730826485,-247.38343216787007
-59.831181538601534,-35.18815307022182,-269.2012418470919
-59.05504814768299,-35.233492974945335,-384.7665202924489
-57.352587346014474,-38.717940589669155,-117.55518552742694
-55.67549228515273,-37.53400069574215,-68.02315089358267
-58.99638363159261,-39.98621735928743,-257.87026860848937
-56.399799363668734,-37.462630833873604,-213.26178753046085
-56.415640470303835,-35.651359683939354,-207.98171375983713
-59.31966870616966,-39.537164198569556,-271.9681402539031
-55.00304537003704,-38.58564091802294,-338.82431000246925
-57.767155927919774,-35.33808983547249,-405.5044017485384
-58.09785466330092,-37.39730369384985,-453.7665179304062
-59.466210331356905,-36.16715491037362,-285.8044481000905
-57.598872444704064,-37.969630732581535,-128.36232809600344
-58.71413794402335,-35.99559118769555,-223.71700177051682
-59.08456205872433,-38.11914811692093,-192.7872247834725
-55.57125051142162,-37.8821489162834,-502.7592567920999
-57.80001945773096,-35.031396885514475,-354.8451467237156
-58.6855184172502,-37.556786360970676,-137.97021155760046
-56.211702059958675,-39.22929299488949,-315.1758130538315
-56.19803707566183,-36.739435771276014,-135.4850485999415
-56.53878250251652,-35.362791766626074,-305.468196075079
-57.40391221266273,-35.95477604924503,-162.9690464078454
-58.281706058756164,-35.82633993421963,-109.03768835521716
-59.15748503545064,-39.64727035274976,-127.8927297108904
-56.103639914103,-35.40528665171944,-183.50385913619087
-55.953774486475105,-36.50563728919227,-445.28656248104
-59.832620873930715,-35.12778323519714,-468.93014380647685
-59.648173522161144,-35.18026218712774,-95.6022654624741
-56.64234014771961,-36.62792162532479,-322.5620498100507
-57.481114495814104,-37.970099680388564,-49.082700489949204
-58.4340530708983,-38.09726806977976,-468.66472277919985
-58.86156837937312,-37.69943387417613,-280.7475680026674
-57.00309853460638,-35.07106254281882,-227.82841327375382
-58.33378815648928,-35.176101029104935,-202.2010898851458
-55.32218466983587,-39.09289819802041,-104.82577337465874
-58.67743263334879,-39.165664659139956,-434.6052617668003
-59.211346628464085,-36.435678627253246,-187.63112706718832
-56.12696049318968,-39.757917350465895,-75.1457254419573
-56.65926785384372,-36.56758013018634,-404.29648719988637
-57.81539277087701,-37.83551227750603,-235.85055305137618
-58.417549283477484,-38.84470508733051,-50.68899000074459
-58.98460790205408,-35.93411838005957,-244.814521818164
-56.68851565332054,-38.6483225047699,-167.78007802461798
-57.063074700057896,-39.957410137885546,-325.25266525172333
-59.761423662003864,-36.10420260781279,-274.78509862530086
-58.04345180629977,-35.50902340216249,-447.21112238130866
-58.35670098677815,-38.40406069574633,-333.1131061255827
-55.574377253322645,-37.97594979783208,-74.50978978968176
-58.10261826815192,-35.5003438858797,-149.35482089176114
-56.59854645058277,-37.92644990188946,-179.44553444508287
-57.35516238978006,-37.02544342534916,-180.78893907135418
-57.90589349062527,-35.5248340992698,-408.08735946873804
-56.94025519931848,-36.019528127315915,-336.4847567361757
-57.87021040316227,-39.3355101396697,-44.03422123989389
-56.376021883350575,-38.99364916167504,-67.39282259873958
-57.28231738092071,-38.75670338479536,-469.3632884535971
-56.725529588861825,-37.361512958188655,-383.8908302201259
-56.81434328473778,-39.23761541419204,-384.1171357812525
-59.03829831638027,-38.4490454086522,-428.84743519714044
-55.749169867560624,-36.48205603159015,-463.40276460298867
-58.79464640384937,-36.689744100058995,-280.9173080725828
-58.94388816084442,-39.787986457726525,-176.1175160672071
-57.73344378302886,-37.32729623432038,-172.76104541597618
-58.52646933589139,-39.30690099712517,-249.97177522934848
-56.52204738358816,-35.27748521785381,-445.5554174408692
-55.13785287303737,-37.92200055474949,-397.33708157007504
-59.544081729803146,-35.796357460141024,-459.82842721683545
-59.4745878565281,-39.19711465266337,-121.50814790899089
-55.13318181082364,-36.49687650242491,-234.4912397924416
-57.633253556285275,-38.85749551701361,-303.0121178044553
-57.27014954369062,-35.99504602786491,-204.61411026822918
-55.67366811253339,-39.91635203661403,-434.7439471772901
-55.4741417961049,-38.74615880312406,-329.32821865992327
-55.888828444318584,-38.09025268053182,-414.4070045021334
-59.53849813435412,-39.15295484817901,-302.19541442194395
-58.611847759082735,-37.83438976356646,-215.0131247498202
-57.56477788627623,-36.488767367025595,-126.3195333676197
-57.97765330918598,-35.53047528013625,-49.425761898583346
-58.33459309240683,-37.57775849375541,-140.67267669009254
-58.40320926032551,-39.55860036407986,-180.79456649846605
-56.728208700955356,-39.784403590632955,-84.41956550524513
-57.94009057426717,-35.76053059991435,-271.27470630872415
-56.039722577917196,-39.541026637745276,-412.9267025621641
-56.26700949042139,-37.15413097834336,-438.29795895315704
-58.608182131221575,-39.649835317472835,-87.61823021448947
-59.63617139856893,-37.78083003231093,-387.98603960706544
-56.52843374917112,-39.381107054810734,-254.03097925220723
-56.04356222159228,-37.2940578826306,-180.5303948985786
-57.74182955729595,-36.48991606743571,-209.22861066135937
-58.6018893410874,-39.31792948854051,-285.7200860559417
-56.835036741132235,-35.94545409959355,-487.0641092044838
-57.86160189886289,-38.12280259245629,-454.34483344153114
-58.07045988759759,-35.70440876684145,-119.05477767567439
-56.125847783707606,-37.74650922193374,-284.30809471562134
-58.6117448111349,-37.38536720922239,-41.83942519147156
-57.61709832735665,-35.9525861591145,-468.8240243014173
-59.67916002931909,-36.69163431321444,-399.24086379209797
-59.55964988270499,-36.23347537403474,-104.1236230826055
-58.187629776397785,-38.73526093082895,-479.865406775588
-59.93473080215295,-37.07139197385042,-362.59416336760813
-59.31304694144753,-35.82111672601348,-406.9525707487465
-58.052984310671334,-35.20411379104995,-87.93027175394737
-58.72019125140401,-38.99822924323465,-455.7948002191639
-55.12021267563041,-36.56655225611507,-208.5445103376514
-55.32617264541209,-37.59432236899106,-290.39570495441654
-55.60363362041283,-37.85647365948958,-75.90887117076146
-56.83577407759314,-37.624715538531035,-257.4655259909501
-57.501289910144415,-39.601870551921074,-243.89365492143716
-55.52293984537625,-39.679012176657444,-434.85203375297044
-57.695352886518336,-36.522816247334156,-338.24914456100464
-58.3108421562235,-35.62449204236668,-422.23248716610726
-56.86896381683604,-35.02783506353861,-81.62573979309867
-58.837122265518374,-36.32063563627064,-174.74374818792845
-59.627650171216686,-38.99497951652936,-236.76774270727918
-55.29696601328567,-37.16524803007006,-383.6465735700663
-59.27397042676572,-35.316314048471284,-382.9953030519237
-59.22299953188469,-37.999655150031515,-283.0491039749733
-55.990662076895966,-38.25757304442161,-156.62042934004884
-56.95973356712603,-35.893016470674226,-347.77068922497386
-57.24878410817192,-35.09148805844712,-160.6343147093991
-59.85173408487652,-38.68398717679567,-86.94587317716142
-57.88774114680393,-37.412795816884035,-149.84997666962988
-58.25578325561495,-39.34491041486475,-247.23648122101736
-55.04187103831226,-36.78554953503782,-374.3205901752904
-57.898489981780095,-35.087392298952345,-256.8963163408619
-55.60903691635002,-37.08942377380242,-65.35845425154356
-55.68014295639101,-39.28119654787379,-227.90884045117534
-58.27687298276788,-36.082108084280385,-276.8809514511653
-55.099566170072606,-36.58811366327089,-166.42152559068285
-56.673515916933674,-35.24394725268331,-486.51719667717254
-59.885241656132905,-39.59217680363134,-83.04334194621494
-59.404246887072226,-37.55740036511661,-317.47445719958904
-57.16651676582034,-35.98507868312136,-173.99762485178934
-58.522042924163735,-39.924463172265526,-445.4205505243178
-55.435180013177124,-39.2661473700659,-496.35684633372415
-56.769274869126875,-38.758471312261726,-147.28147307587733
-56.25637419602327,-36.341338688658084,-121.95562412010612
-59.34945410628519,-38.78490366461351,-486.2775524185633
-56.10145423190114,-39.87540374871361,-222.98329991610228
-58.33105424972019,-36.530387201045805,-55.44480454424041
-56.16832383338578,-37.59257254790786,-126.18852933565421
-55.179535731469926,-38.003552478993804,-123.44395932067623
-55.975089370298704,-38.76230159548687,-118.81138394959541
-56.320530072123226,-38.55810032377803,-434.41719304211927
-55.11260342881237,-35.252277006702435,-63.27688560043903
-57.031222684538555,-38.96754014332942,-220.95132470352428
-56.45832259809471,-37.53757745384752,-402.3893732028915
-58.417076577005304,-36.11583528572527,-389.09780438487576
-55.98429677317813,-38.2566674024545,-127.15371236565052
-55.374455540016115,-36.2869136759545,-352.40064994277657
-56.47940479054424,-35.91816377593413,-421.4916886428409
-58.62838865694751,-38.65887244385077,-408.3436765127871
-59.849483286209285,-37.932279943546675,-155.70809026896643
-57.726301653988486,-38.576713672333106,-125.0793914931701
-55.458387821297684,-38.57478542643058,-488.73929709837756
-57.5018247065522,-37.96811921106319,-242.32649748273187
-57.08123289441544,-35.51826665338022,-440.47361315895137
-59.3250325453737,-35.31152624421854,-137.18714470324682
-55.36065665321655,-36.651123276271285,-435.59445028270414
-55.13810535711908,-39.973317305222466,-206.11462696474646
-57.57162117780239,-37.07268563148455,-140.23380637724304
-56.46745550878211,-36.399814523076856,-218.36654251300152
-59.385721322920084,-35.28090479170848,-255.05079217126143
-59.96834236773766,-37.67297967508095,-190.2979765787479
-58.90668364733917,-37.16859620250077,-183.68292703528647
-58.09372274606796,-35.204946378220946,-336.82337594515616
-57.53067690057148,-35.19180365758761,-398.12746952119926
-59.46193449473545,-37.86969456032445,-218.02552501599303
-58.78571363791295,-36.042937065298354,-150.30209017683634
-59.45807950617766,-35.16661682333887,-314.00662028112316
-56.23872079398586,-38.22761797733784,-149.8359854699437
-59.782019200191094,-38.39726861735642,-84.09074869738053
-56.406614661703685,-37.28961923629261,-276.5894645427747
-59.19055794590183,-35.29421794579376,-157.24675760435238
-56.982281081597634,-38.088055213347346,-155.92968604682704
-59.58341565834192,-39.51934027524891,-374.5210713796493
-58.18842132144563,-36.94767698030596,-367.4713385277249
-56.61947739879429,-38.52190206248156,-452.82328777484616
-57.64985242864313,-36.938402856480444,-93.03774104113313
-56.02348102045478,-35.241439739057476,-375.0968645923966
-58.54538074256417,-35.36830965924648,-318.34252683528314
-59.81136460216154,-38.61574959643353,-490.90943215873796
-57.426866416590485,-39.63782424474125,-396.62460846274405
-55.11705280199356,-39.01142888373187,-270.812176736058
-56.748572091967716,-35.843063976031935,-81.50625706620151
-55.539483512985086,-36.07951553351421,-183.42027810450796
-59.293124481496264,-36.40501535032551,-322.07237669659753
-59.00399907368165,-37.50671879061053,-198.167653947574
-59.83003043733332,-35.71813483598981,-235.91194831568953
-55.34833093879851,-37.789664218182786,-434.40023441051835
-56.136173046927624,-35.85467126073115,-279.00459621158336
-59.521428797509394,-35.88193986919782,-259.44763115866084
-55.620305273907974,-38.887544992325985,-161.92656801900964
-57.68045592456357,-37.672294206572495,-302.00592738297155
-57.04802788681188,-36.93480962605844,-276.2087828032537
-59.64859913437611,-39.35043898653514,-452.02323762576464
-59.213682622635545,-35.71957256729859,-459.81708827136805
-56.9810313280486,-37.62640467163175,-405.4224043015985
-59.72923545062901,-36.11818055004993,-360.1975777909938
-59.73452720803825,-36.8502919139017,-445.30068280217284
-58.01271036016258,-38.66639837623039,-337.03338574362147
-59.419431281862735,-36.65892419210223,-329.25624971602633
-59.34487821792607,-37.11451008744441,-208.13311284700845
-56.06779729009399,-37.04470600193356,-470.2349058696017
-59.47441920555106,-37.168458517526545,-149.43549723529668
-57.91654433865913,-35.93175391764501,-411.3904598103942
-59.27967507019984,-39.888511488406536,-206.8086653975658
-58.55748122041779,-39.18031647575528,-374.89401996390876
-57.31785170708467,-35.6762585159569,-412.528174972128
-59.67926679993893,-37.41689947539343,-125.09713124834008
-56.926938718235775,-39.063054787001796,-215.49638625021174
-56.65394311098905,-38.70966363065615,-496.4299903926244
-58.6666788997773,-39.50327100894979,-57.35182994967592
-57.814141347114514,-35.892688059641166,-244.78125585010204
-59.37473954662806,-37.59719577867748,-230.09508991183512
-58.18682743200595,-36.53841727884641,-168.31857635957834
-57.644475485365255,-39.049022031085606,-103.36243157576823
-55.41408951898523,-37.09539451632999,-400.5084318259204
-59.78316773725067,-39.993892652277644,-280.5728131520186
-55.239917939616404,-39.50930990402519,-171.57229770897695
-56.127663653489186,-37.880415924974564,-95.08098828309953
-57.176833753858325,-39.52781437122622,-213.73337627715162
-59.58252612320072,-38.49636662680239,-421.38815743259164
-59.253087806655415,-36.77965602412432,-372.095376000477
-55.462015939845514,-37.34151781826877,-151.18537664974
-56.68670970883294,-36.23412056383198,-276.09073597762443
-56.796336471038245,-38.50600892663167,-214.8247456142235
-56.33015206528805,-36.20680178204494,-427.83587147137763
-59.867726495041516,-36.3628319340076,-423.51053126676214
-58.23206910620141,-37.234937070616084,-295.5990888017003
-55.73689209743407,-36.633734190165846,-352.6794126347478
-57.97354155817679,-38.24829379611637,-199.3143625227025
-57.497189254232936,-36.7470295355091,-64.98714572282738
-58.568303183345684,-38.262175383733435,-166.6613522990882
-59.08641557319203,-35.844697759266836,-415.5536949942817
-59.00121239455431,-39.24779422059389,-118.38998586416389
-56.61674936016033,-37.33004989553764,-168.4821877210736
-55.80347278417995,-35.2646799100157,-122.93740080357676
-57.279613459686345,-37.28142517829302,-52.54353514233077
-57.19662625651295,-36.969916089545876,-220.48128868950823
-55.1594001217073,-39.754961989990626,-199.59098104687888
-56.404474801950954,-39.37235814537321,-165.90489150156037
-58.24243197689395,-38.94021502873076,-359.25622260212464
-59.70768345433166,-35.0295189027901,-101.83631828297572
-57.88896257182425,-39.02006168516309,-417.8414010165645
-58.29910590894146,-38.22417235486772,-417.4765152780515
-57.17252296127806,-35.053656311825975,-339.42288274640833
-55.36601032648589,-37.2559215474784,-255.13538584522394
-55.319498774131134,-37.76163406814375,-187.32408300598377
-57.74980239346749,-35.98543375580503,-139.81312383433823
-56.33370278219924,-35.88987498859645,-300.25528030089833
-55.53290378275866,-37.011935722112376,-119.49740860774179
-55.5575822541771,-37.61870107175954,-188.09872196299258
-55.189308768236685,-39.844469885855844,-170.64834722801245
-55.06569427215665,-35.93137851984216,-357.4205031294472
-57.18650125909781,-36.526216611788044,-238.3258066124904
-55.875550363037874,-38.66489010907345,-460.99141007822845
-59.70355601378945,-35.197580759709915,-290.12550002253664
-55.77850165375047,-36.06159023987315,-180.61292318208544
-58.43549587594267,-39.969116710514356,-424.41644589392115
-55.91883716406714,-37.7142482274047,-468.34724168002674
-55.14962308717009,-37.992986855787024,-348.5425991359618
-56.48646235624275,-37.08740576697791,-335.96052316156704
-58.627528906885246,-35.57230056544504,-96.8082460375506
-55.654836314140226,-38.52345700006513,-401.95056146076
-57.672571659178246,-36.688508165501844,-235.5384683645714
-57.3301473296871,-35.49432613501404,-141.45283823539566
-58.03971838361779,-36.8674938807244,-214.26429285386706
-57.21111479732692,-38.081921777025705,-150.5414966989682
-58.363760051073776,-37.72788095750263,-399.32536472760466
-59.32755573150177,-36.39241066515341,-294.8869672006675
-57.9392229276656,-35.60251876276246,-137.40957859359187
-57.329781477440804,-36.47879767316519,-179.24155359020352
-56.60660685826902,-39.55177441409451,-439.8448922718071
-59.18248793366117,-35.56637625266113,-220.00374905639427
-58.69984991192821,-38.038980603577286,-149.10403399424317
-58.85616599314315,-36.80356052827155,-291.67095004051777
-59.82601568790033,-38.2123416276151,-314.9091653531479
-56.241064034014904,-35.43202515954555,-88.5113619921218
-55.08877920887971,-36.39082105868214,-67.49587133031872
-57.9967268132193,-39.840516652774625,-170.35488882767828
-58.923309658907826,-38.965836883995834,-240.4717978554801
-56.49121279918911,-38.877199791106946,-342.23990094848597
-57.135078848264925,-37.2450748761083,-194.37965607636195
-59.110907455597534,-39.148916089745605,-420.41722394186047
-59.70534923460814,-37.72373281050755,-197.79588285749068
-57.7052000308211,-39.29077510111545,-366.4730990186709
-58.40051668019324,-39.88917108582192,-52.53344569721996
-56.80060003563467,-38.837917064016096,-305.06427154176316
-57.92972165067226,-38.0060084977276,-363.55118673983526
-58.46372226216992,-35.93830044834167,-227.67758804730687
-56.67990127968578,-36.20659054370405,-194.51547716266677
-58.50859035258017,-37.52012984071744,-311.84329754529927
-59.09827452161474,-38.39686918379216,-374.74994737789814
-59.752464010273684,-37.517815655198895,-313.63281592273967
-55.8378837001256,-38.13728147233691,-128.24284488895293
-55.97251652598465,-37.25389853248818,-474.9915176142575
-56.65157569450774,-37.89693490712776,-195.40794601749556
-58.428181689119214,-38.17581788678761,-455.5831450649124
-57.29305861688816,-37.73663740182891,-172.94279397371182
-58.291645491718725,-37.070739558356685,-272.1869971454435
-56.74588372194426,-37.43553614860113,-336.9193705506954
-59.69582264946851,-39.38050572875713,-367.80335011831096
-56.566925264200954,-36.89741929019882,-50.07892017895573
-58.83126794907187,-39.62566417822502,-391.3487257036277
-58.06202919057115,-35.410665892830544,-145.20568967092274
-59.231957107593395,-38.36696921150222,-197.9415507189764
-59.11267546063769,-38.78885018908168,-134.92275827587372
-56.36809626251628,-37.70453564144696,-151.63011987515839
-57.086027154913545,-38.83320191374073,-264.81756780385456
-59.268203372327896,-37.065976198240264,-49.549999459462896
-59.2864674744019,-39.77600644800589,-318.9817388013007
-58.90474190046652,-35.3819406787796,-311.93294644246185
-57.00643904417875,-38.961941140882736,-304.22565870698423
-56.31124873862573,-37.38732619033123,-278.50735273281316
-58.722479911007355,-37.231484204909826,-455.61006663534175
-57.05491900827799,-36.724501705495896,-109.7892716789102
-59.79194245132466,-37.86869407974758,-396.7592651854517
-58.94791743099843,-38.54763437611987,-455.011911859413
-55.765262221440416,-37.38581351612133,-370.7387562385647
-56.81125584254747,-39.36479363588712,-284.9996354327596
-57.45243550803688,-36.7360712456309,-55.67476864746128
-55.06444416339029,-38.74764294780736,-196.19782009735022
-57.21846102633697,-38.83046651486618,-322.9169545560367
-58.209044720538124,-36.776117625384714,-408.1443589551751
-57.49481101167707,-37.33295746117696,-372.7312723515311
-56.33230139471684,-38.81978595466585,-472.51937251788564
-56.18241243431789,-36.665565706828225,-386.6014972244932
-57.85686454549025,-37.0329769893742,-105.16370034482027
-59.25560494000966,-39.04347627726879,-124.37723577966467
-58.74228179497432,-38.46283467548,-444.2888717755687
-56.6491096620886,-39.918409969905106,-483.37498373558105
-55.96242562637988,-38.00024899373649,-389.4769312427636
-56.0284094868021,-39.62772369130129,-252.19071950901593
-55.274653547255554,-36.843066079700705,-317.2311306696026
-57.23762630976831,-36.429955225026916,-74.52623422318158
-57.11879755350788,-37.78349110244414,-213.93643798550707
-57.87538217788999,-35.35117989539068,-229.1764518166502
-59.60172915191781,-38.72430906849153,-94.00019674027773
-55.19275361940064,-35.77682882087261,-284.80602947149566
-56.352612366139994,-36.21338896797161,-146.62232618991706
-58.77520067186168,-37.205082729933935,-240.7784216388346
-59.46830199601751,-38.82462372865594,-426.67502136246725
-55.80646416031695,-35.25287580218044,-130.1951231212293
-57.600554842253636,-36.65635855807108,-268.58131826227975
-59.597835737672355,-36.35826242041801,-359.0717800232325
-57.48520410826037,-39.37965326289991,-54.115866609109744
-57.298361653913275,-39.4722405655315,-409.26925224830705
-57.288127260170135,-36.61097385974956,-191.2457644763191
-56.52937734597391,-35.99424634937115,-373.3174346464446
-57.23282996123914,-38.24680909487143,-191.4741409428738
-59.593632607244146,-35.03093385935486,-493.3723205066094
-57.895758475635155,-39.391223864799464,-389.9789355171476
-58.81526918180827,-38.878421041228115,-216.14316597089862
-56.55995735710437,-35.35459090061747,-437.95520618329783
-57.6196125957134,-39.307112365858515,-219.9056289092703
-57.54300756338501,-39.593008125826046,-282.71415820054006
-58.59193137223471,-37.32471625104861,-75.6748446737331
-56.43790583182423,-39.00155310720555,-351.4725704809539
-57.937856760413446,-35.23200394312598,-353.62564469849997
-56.8241768804547,-36.031420073672656,-70.72576807555417
-59.22037964309355,-36.44322909100084,-411.47753138462303
-56.01268311417338,-39.146346603765366,-178.7565822016347
-58.83490489174132,-36.16567266918412,-209.40731235056285
-57.07609308807022,-35.43636789133173,-278.2888169819439
-58.95489573921875,-38.74739599301321,-454.4978878311001
-55.19226404392766,-37.710689196271986,-466.48741003031887
-55.139346653555954,-38.68526995073942,-222.89097869368055
-58.39821888429507,-35.00209642310744,-397.5445276740251
-59.727420225623355,-38.42054555179816,-317.82108426372673
-57.93883907147076,-37.012074870083644,-183.18948829010017
-57.58651728932722,-35.08455022010073,-194.1137124234113
-56.46083427082783,-36.71173728210262,-425.9784911551159
-59.9369534166471,-35.76628533476847,-235.26665746482124
-58.17959599022455,-38.67936983886965,-407.662635460224
-59.91951627427266,-37.57228328332661,-176.08559179826278
-59.65244729889202,-38.06001655177701,-195.02521893084815
-57.23018409373191,-38.93162676272446,-359.38882165987235
-57.161112424045285,-37.444123301429734,-164.9645943938277
-57.892811759401646,-39.0410159355637,-122.44355633048488
-58.49653003284971,-37.06989070938842,-48.58746216972041
-55.059544006985575,-38.72165160713471,-284.35400944013423
-57.060084110494756,-39.90388868902987,-225.2233522465838
-59.999683025588276,-35.95048824619156,-289.2930788494726
-58.54955891261896,-36.898820726972986,-153.25266810894882
-59.39783930568559,-37.09615786781877,-302.51899994578935
-55.75886863700506,-35.634238309885276,-215.28304483494566
-58.187549104417215,-37.50060195381315,-125.6734452791424
-56.37075929739976,-37.17908896459411,-70.15995754007898
-55.186294305773565,-36.31284869861984,-270.1627629962315
-59.67205495756966,-36.53737112089798,-411.9835956814201
-55.049634235924614,-38.17350510172959,-310.0368604538616
-56.418990576729726,-37.36095492858163,-276.1375366930244
-58.872103829904866,-38.43363727020315,-62.621167903005514
-59.00459196091157,-36.00918113566146,-127.47646508796393
-55.08074548766318,-36.52886492472614,-390.854640055375
-55.41882420316273,-35.991652565805914,-320.51963575324953
-59.25827222364298,-39.45531065563448,-200.0836994065506
-55.02175846682111,-38.321351442210364,-276.43230002451315
-56.0660092556375,-37.28190138256937,-127.02156852527573
-57.64060402282073,-37.62805037905841,-318.71914328699927
-55.54511433640587,-38.27173832143272,-229.1861461741813
-59.69269457953172,-37.97694462640008,-177.49364387068462
-59.32900269271167,-38.332849168884955,-372.20135902889535
-55.903087694996586,-35.03157211837183,-358.13921611695133
-58.012035896755506,-38.59512424911109,-408.17238178218474
-58.510626221973894,-35.74243708743455,-270.2719183619406
-59.82554653476073,-37.84964082756255,-457.11704210044064
-57.13020980369964,-36.048160988610825,-92.36972652328512
-57.71061791043822,-39.04600725390086,-450.9303918077562
-56.11870688962848,-37.19735769569144,-328.81322956256173
-58.9219046704316,-37.9315911162374,-151.73179185815889
-56.604295385623956,-36.40570491017918,-72.15041013823028
-59.210850560234896,-38.05298968209441,-421.3118604126003
-56.36213873608021,-39.064042234513295,-195.4862572993586
-56.336899718335744,-39.98749786636897,-427.4436971509169
-55.158044233043285,-35.249504480805314,-469.21885710668954
-59.23863418568896,-39.01502079193506,-174.91314041000584
-57.058424482487496,-38.526157295782895,-72.86729679947702
-59.49575493488463,-36.24025528997274,-285.58407879455837
-58.81461262741556,-37.031083391539696,-362.37886646927126
-57.667992026550166,-35.1938566484184,-222.13240266658187
-57.86323088722576,-37.995933533331446,-90.94973198413848
-55.43836403997559,-36.29645232048095,-165.76415497376234
-59.301884482797256,-39.91277333284998,-486.5426074880585
-57.85504692986606,-36.03932324046033,-489.3763737251557
-57.10130809629646,-37.36150634985472,-457.6064997857315
-56.367466144441416,-39.125546832167004,-66.50585869214336
-58.46296513741321,-39.88814375041414,-266.39975739376484
-59.97892363966001,-36.17976950578372,-281.85258701884817
-59.142254243735756,-39.85794603370232,-414.533810747743
-55.87317375861385,-36.40717988360629,-398.5463576758667
-56.95426888060755,-38.815158189920865,-90.30142933764195
-55.535361991045654,-37.8088906444962,-87.16404913115916
-56.719918846203214,-37.68984463957735,-328.9485809498218
-57.039299355160125,-38.9752263889632,-78.91228435131413
-57.819749034699136,-37.282449471016804,-142.15945106195917
-57.43955788295562,-39.32324259591084,-232.89628231499552
-55.278345071092374,-35.417939988144305,-377.9671182415861
-56.92336514619204,-35.78931149656101,-390.57315702244676
-57.80062136422119,-39.41740558969214,-98.95158261342687
-55.61543324059259,-37.31374508691725,-112.04019788165672
-55.440558367561536,-37.216591672616325,-356.6764996622171
-55.36988905438275,-35.90876974519667,-277.25852390961484
-56.11129514533178,-37.07656800788804,-87.21494846850433
-58.16231921246491,-35.410667347259086,-85.65995472801595
-58.628001654178675,-36.98290954461494,-277.64732072029295
-55.90348479521026,-37.221460587234716,-463.8809034472994
-59.86094661674474,-35.763037849153775,-80.92055989112436
-57.127270507290014,-38.90253300210149,-458.3166996451345
-57.99582255428841,-36.699880399749844,-52.89871086545928
-59.97845665804254,-38.37790525402851,-380.77221530701644
-59.395642347581855,-37.85660118698991,-143.53464546265403
-57.937086143812024,-37.61309972756851,-322.92238994892887
-58.877245097689894,-35.26683072902349,-105.18219246761325
-57.169642692464016,-36.1500527853795,-104.10088175733988
-56.33529320193868,-35.05562158867204,-499.10474522419463
-56.152270366591026,-35.826388053794204,-193.93147159419044
-59.135764034315585,-38.406792905877296,-155.16457070802664
-57.37499857090258,-37.852252709042524,-139.66152441930268
-57.5629003224862,-38.30207539777846,-446.7012658881242
-59.98860382314913,-37.60449994477796,-123.44477223003327
-56.22853612625352,-37.578429971653065,-240.13579466314428
-56.16052018733291,-36.12029925600889,-152.7784136012157
-58.75752874724152,-38.5912279565132,-422.08071206717716
-59.99778034024306,-36.17954227152539,-78.9632194637313
-56.803800323655935,-35.30250836890505,-348.73195217609964
-59.491924131305495,-37.88771574485,-390.0987519865394
-57.3003117834245,-35.00452215112958,-168.05735424355413
-55.497732334486116,-37.851671373937904,-69.39790112798545
-58.61296010867631,-36.79724154725099,-61.282973183001275
-58.898417822699436,-35.360543645541306,-480.8919324087745
-56.93493245474273,-38.00116183743883,-210.51188787660243
-58.22729639740795,-38.533319745609134,-257.0746348766615
-55.18648298939495,-36.66102964694724,-423.23378289080904
-59.76474559090218,-37.97297693843181,-175.66834683832252
-59.439583746970655,-39.975028360678415,-228.36427905167994
-58.62437349740042,-37.235080116619535,-353.0203533576205
-57.333772568036245,-37.43001278813455,-106.81887108893486
-57.07276058786044,-36.08319165360216,-385.4628534624403
-55.93428499131524,-37.370848569887,-248.58303482864113
-56.285361843639485,-38.4914238200653,-121.38202615863891
-59.101246769228965,-38.39988499018971,-175.56156762610894
-55.34793949427642,-35.83983469850733,-103.54783873257021
-56.66459167046807,-35.04611270975644,-214.34072734607105
-59.58827578452618,-39.692249817895856,-86.38965761943322
-56.038661393417655,-39.97226011414347,-346.02354789867167
-58.824193351284094,-37.00007760827709,-348.12987608514504
-57.753680225766054,-36.5271371236849,-212.92915120020203
-57.60874712022566,-38.95539135252858,-442.42234416186585
-56.25304919862701,-38.02087079105714,-61.54771187848654
-56.00581518734652,-35.14884271470371,-196.71254788561373
-56.60215717471592,-36.09759504146181,-340.3647035690618
-59.33980867517427,-37.490570189587416,-286.5761837420724
-59.946421290499146,-36.23030554825513,-115.69810921949083
-59.25472781631088,-36.90455654019523,-81.1955205193552
-59.95139331958658,-37.5213059141597,-175.96541468163576
-57.933297758283864,-39.450158957491254,-206.67977184304755
-57.184961643833944,-37.29394210929741,-344.76703173399704
-56.376043113479,-35.744521306053684,-246.22461781167098
-59.74902482388484,-35.313065001546676,-260.62986528743016
-56.34109629504441,-38.87848486092587,-394.6475880338258
-57.28218333907735,-39.13742270547245,-463.7215868771216
-56.648011711679,-36.68543938517613,-329.7271257202937
-58.881411529828455,-35.4305078269086,-444.13674506069196
-55.52049163459091,-38.02596097652557,-323.73013254762134
-58.59317261696105,-36.85127088374834,-106.01190487210046
-59.95216678935746,-39.36296418467416,-340.8239285417994
-57.641707077664385,-38.49557895175149,-405.1057325428509
-55.936954745298074,-37.49556205551222,-438.0975357687237
-57.29486544345015,-38.87038077649469,-262.7008908080706
-55.94803947978119,-35.873008300451914,-463.25414072574983
-55.925169241111576,-39.403281258184656,-97.461218817839
-59.17308438709603,-39.29360206766002,-422.5562845535764
-59.889333545928515,-39.86671131475216,-310.0620063054194
-59.3258158011789,-38.82525712728708,-411.16975910744026
-57.861400723721395,-39.98811990570523,-164.34845410803254
-57.47177681065155,-36.97061665061686,-217.02800422091676
-58.00024617357473,-37.32246580300414,-464.41928647590856
-58.369118476634156,-39.33813682503001,-306.1579342412109
-58.0324796226872,-37.080495925086296,-416.64440855704515
-57.28578683124898,-36.95573289726424,-334.2382083652436
-59.71617377434923,-38.086569168683376,-469.4910331487522
-57.243468628970476,-36.17428964334358,-440.5309156632668
-58.59304378270817,-36.887583020133015,-478.38076740695766
-55.83682846755616,-37.78440612449437,-225.62803614571075
-55.919496240450954,-37.44284682785867,-145.22626259973325
-58.12076658106049,-38.67942016336177,-436.50637367446933
-58.65641454716928,-37.67886429191365,-256.5834089247558
-57.606902126200644,-37.94624779428055,-466.9549545724731
-55.26410930826941,-38.449122845787336,-259.98152135028096
-57.75800155153704,-36.176772888770195,-475.18751032868454
-58.22966838439263,-36.21096644769017,-473.384828788373
-58.89904879371793,-39.689115160232156,-57.634118919037796
-57.06061681246764,-36.72233411103023,-431.78509651845235
-57.05339883134756,-37.41467539273655,-370.5600402454162
-57.2139564792878,-37.67749545738806,-342.16144466164815
-57.56877019001469,-38.14400738392471,-439.47805661139506
-56.94169930713361,-38.88471904574721,-283.43844859399354
-59.385207267877625,-37.30430510388432,-277.90172096814393
-55.951913929157726,-35.90243932656884,-268.12939373687544
-56.68507451142358,-35.69924975950082,-211.9662572644841
-59.050355877136795,-36.55762840657611,-129.64053646424733
-55.74891661701124,-38.36733367501058,-95.41051271991081
-55.91885139164578,-36.16552031414048,-113.08131077568285
-56.63389683615107,-37.43910529084272,-224.89683278723413
-57.51444242222032,-36.22127753675377,-463.23961042949753
-55.89518233648973,-35.1224489318235,-278.9797850887354
-55.397233066635536,-39.447056721377834,-87.80348231046374
-56.52355489536278,-36.760030982349846,-111.68990962012198
-56.549402223187705,-37.72487406292192,-395.0151132548107
-56.099050347479476,-35.533105916411586,-322.6315948296263
-55.37502008684364,-39.44181136363507,-105.07846235159826
-55.07355167978028,-36.90326835052354,-316.1103786886371
-56.28567986888808,-37.069974607516464,-260.1313452432143
-55.33142916242805,-37.28851925138419,-419.6635727908413
-59.98331921830582,-35.332852614654556,-270.23052935671274
-57.20097393477648,-35.31351389251615,-147.21350566597312
-59.7052784622665,-38.47148164375433,-290.43121491783234
-55.1753709677668,-38.76335152614029,-112.62595637540122
-55.910632827514036,-39.46892923238926,-395.49358367850056
-57.43872253889331,-35.262157020521414,-273.19743510312514
-59.17765743162602,-37.38959365975824,-463.473079153939
-55.29036265151088,-38.97170398699462,-142.54020283841507
-58.70387078187274,-36.85080449265446,-163.64315631410346
-57.98262903525504,-36.336136604610935,-216.42720799058833
-59.85512531161143,-39.75441953439129,-85.2958462314859
-58.299466685251225,-37.878889747395725,-138.49730712991328
-57.32667866319187,-39.58900013958803,-223.8374970405593
-55.81749492843374,-36.131759206934916,-317.48964364045327
-59.443310952120704,-35.917736285902336,-162.3613080664136
-59.31469425938748,-38.60460968060407,-297.8088851791034
-57.896336374159866,-37.14885845823304,-227.10886630090758
-55.45350079128717,-39.577551085139625,-325.36690722103805
-56.98254874104325,-39.61588799522775,-458.8853656158375
-58.83439575739303,-39.15385377857529,-65.99801051299758
-55.730770371901684,-35.67855379292428,-275.2359224692203
-55.432156771293144,-35.28284706141277,-59.15708581070522
-59.911583452417325,-38.08172018693576,-123.15216808753664
-57.3123876999888,-35.05781296500192,-421.6566092947609
-55.11089431955559,-37.19049825088055,-86.80559833031397
-55.398109476644386,-38.66366580756421,-68.84994432153573
-58.30514528473956,-35.00495159108877,-484.07148385290276
-56.70683825854688,-35.805205685750785,-154.5356208486264
-58.67827689006066,-38.140005337639415,-194.07396448649604
-55.10382550473338,-36.109523067664824,-472.317572227022
-55.27727795865293,-37.43015105688728,-180.1859116696348
-57.80115997017545,-37.36355896517169,-253.47179503993857
-55.22370900792137,-38.48384496353719,-270.9463767338032
-59.68619879988859,-36.02302245999682,-128.3190200445087
-58.331209974757826,-37.17641508602886,-298.7095550465551
-57.033324435585314,-38.017716741470124,-432.42682631794656
-58.52853840123943,-35.84920844874996,-86.00397435968662
-55.32111490988025,-38.967961515685616,-175.067404974375
-58.97223220798494,-35.255086286803795,-165.07144539607572
-57.127639767589976,-37.524963366174745,-208.99768983462934
-57.83775662414298,-39.94730127046485,-272.09592146341726
-56.787693814654105,-37.093948143939556,-357.7821133456392
-55.19255611063242,-36.52295450994326,-197.29488568419077
-55.365633649280724,-36.1725699643903,-442.65119212092515
-57.09857160291437,-37.76622619254129,-346.7845106510499
-57.796912235851664,-39.461583506761045,-95.06211201755895
-55.205643713640065,-35.14928825828566,-160.5310156813914
-58.878851250130104,-35.92558690866163,-419.3593167321317
-57.73860804670073,-35.99840122493582,-179.08669389952502
-56.46653794026135,-35.1750952823801,-78.24675649002008
-56.35376525056071,-36.210019671536614,-467.85352662356945
-57.57819598971917,-35.52573313228545,-89.63045096583883
-59.697551461249034,-35.10650530645671,-125.92590708452887
-56.423884846829765,-39.05312470543568,-219.25449797495472
-55.499927128189285,-38.47815698302444,-396.3601813175682
-58.967272925878,-35.814541551627485,-325.6865532299041
-57.02153497543435,-36.19897807414986,-415.35684435109835
-55.97962100303163,-38.39137464956396,-117.93736760112027
-58.363520251263125,-39.213846820537164,-258.5132970420638
-59.87633616459691,-35.3390288894382,-185.06761702353435
-58.74386901776761,-37.18829599283965,-336.880260357785
-55.48305153534121,-38.73327584878891,-287.34422509247884
-58.02026338955502,-37.12621424652414,-369.4762522338579
-59.54237684867833,-38.5441771420676,-105.48265917795037
-58.379246112138155,-37.80128425263207,-78.96198998113583
-56.05798086083712,-35.72726200953104,-314.4677769721187
-56.89114360168513,-37.679699188848566,-99.00352370700833
-59.46268101355566,-36.11091220475716,-206.19699335308493
-57.8173976076978,-37.46218691886407,-189.70741755285854
-55.71454845611984,-37.873257103763386,-252.70430264926557
-59.946522195777916,-37.26075128790495,-333.6605957465004
-58.05897505780457,-36.60724220465751,-141.86551297589708
-57.97501891375837,-36.01649172585155,-197.85696751396472
-57.14134972765242,-35.65574661979916,-314.781647177975
-57.055585215279166,-38.444617095435284,-316.3959540313472
-56.32720809263635,-35.052701976513816,-443.48370989685145
-55.9567816192557,-38.549304868209745,-181.76106435419612
-57.59079384451799,-38.18866244711171,-99.62049757966344
-55.112250142817636,-37.51073025283397,-482.79799615637825
-58.42879966980772,-37.56761561771682,-112.85829731415815
-59.069293915041996,-38.24832584427417,-418.67944395263305
-57.38727300644481,-39.838383691583545,-296.8611192940504
-57.47983904303129,-39.40513340211933,-63.17536374808519
-58.911953786773296,-35.84181784238608,-183.60891354688331
-55.14284820453658,-39.551721763792685,-146.04961977498343
-58.55592952042841,-36.94154101825402,-477.12332451864415
-55.70955582249408,-35.01103513923799,-334.3612446018963
-59.883595841965366,-39.136398675094966,-455.08943993454534
-56.889630192292,-36.89954340153226,-281.30740712784757
-58.00146874118145,-39.52952709455353,-392.2162868694755
-59.09615034501841,-39.191376133724575,-327.28698915986445
-57.30781787237092,-38.71334289315972,-115.89732056053725
-59.77098760004808,-36.4101009651456,-190.52265417196762
-57.43234215722579,-36.21774535816882,-81.00126456670077
-58.87840513083069,-35.53001784753592,-375.91104190909516
-59.98667041237662,-39.662954942067934,-319.1012933059842
-55.8077565698297,-36.18892961122566,-316.0574431686315
-57.56423673247201,-39.965441366591186,-421.14952565277605
-55.22720627771988,-38.009697683841864,-161.9818995321576
-55.59763340436724,-38.3031879829628,-296.33962180098473
-59.52813496519212,-38.102507529472064,-454.30892113372767
-55.592662777923195,-38.19329905712122,-291.44577556295155
-56.98112868668566,-39.48096756492276,-425.7862322408088
-55.51107185646356,-35.73037739575139,-213.35933334345603
-57.09302886849065,-36.92247616784608,-453.56440644138945
-56.3799255847393,-38.95845471385132,-164.36501435605442
-56.87444769610458,-36.67842615693617,-312.8080067428435
-59.046135248565164,-38.0634125643121,-165.76617482230438
-56.7640268386103,-38.20343947896912,-414.73277070725175
-56.48920135027439,-35.179747837581345,-315.37656677142616
-56.142716481310345,-35.5545767570378,-379.14981167571744
-58.33028823975728,-38.89935694327871,-97.75620632058096
-58.06054058827395,-38.31424969734349,-283.5498472493954
-55.99628047603878,-38.41315913969836,-401.51827270807206
-55.58527106483483,-36.86158153289804,-361.8809498685635
-58.30549957963469,-39.384090097665855,-335.96147027606247
-57.0130076541187,-36.7930906614077,-252.80936189303435
-58.38662285240698,-35.27331508760653,-129.30135526766796
-58.130655408743024,-37.510141098751106,-247.6080785698449
-58.51244647966246,-38.84508420142705,-454.9446766094768
-55.27036470829681,-39.602637387130045,-500.44577710522856
-55.90001616584853,-38.369511361243745,-186.9401154676651
-57.03859358020914,-37.52927211236843,-92.90940713266109
-57.84578963589916,-38.797381935648694,-406.68554704624194
-57.29002569705338,-37.60671773294819,-64.53420767435657
-56.81515755982159,-38.73160546453616,-275.2570543546093
-56.09567297483169,-37.69932315351078,-346.2086517879128
-56.852401585765755,-35.645564827914924,-449.2760314427788
-57.95145232351848,-38.10165121783038,-318.83362409845523
-55.45863661857442,-38.84206323576286,-258.60312540998666
-58.18699050759436,-39.72888028015431,-196.81071022342195
-56.77944599762061,-35.56449282724104,-352.50959844153755
-58.932602338052526,-36.88279491215938,-104.64366933556867
-56.900791606595185,-39.2522286777173,-239.903926953566
-55.42433378129258,-38.75964388050605,-65.57391251298128
-58.628158047447116,-38.12209729924044,-225.25248073417097
-59.14160891937105,-35.140113519918664,-160.93393940823037
-57.60258478430906,-36.28205387255718,-82.30206541755172
-56.2265898815561,-36.074063218413784,-448.12972913378167
-58.885503752552204,-38.75720333585012,-334.4384004489344
-58.59150986042657,-37.53328241079798,-50.47796153970417
-59.67937119953552,-37.66725399313555,-326.7881857438997
-58.1437208249131,-38.510897389251,-412.4862671049153
-59.95005303670195,-38.8046348552896,-298.0766247753403
-58.774683184382056,-36.69092109304083,-113.2576860698817
-57.71548115334767,-39.615343874914444,-311.94719658387936
-55.360401406849455,-35.44923715316929,-96.76734014157445
-58.77880811245648,-36.94677082765494,-325.9875898844189
-59.619892814925706,-38.61306402311404,-407.9367769587995
-55.993262043041,-38.51739741575375,-147.6752798219111
-56.956140919841516,-38.24593816540951,-408.8937314691347
-59.220220041245675,-37.67447572155896,-104.65100281423086
-57.69274859502874,-39.68952966159619,-391.80146162810206
-55.95333121660188,-38.44011328391863,-118.16439208094695
-57.25482407558296,-38.828813508204625,-348.14518023298257
-57.51276423200858,-39.2942278527251,-302.5359444700831
-58.24424026392355,-38.73188171335027,-279.27294516737936
-55.719551631886674,-39.63856567904876,-304.1283418433023
-59.639737282742736,-36.20128941657173,-74.52896496099837
-55.94173873280296,-37.7505737571932,-324.7081374669396
-58.03011104158092,-38.79494762472673,-225.14692307280066
-56.27967536477471,-35.770693725415626,-392.15666848844785
-57.77787176763498,-39.912360095332836,-230.5294765301382
-58.12808707724956,-37.89535834513443,-203.2964017223248
-56.242593871350145,-38.549376853379826,-135.65227243253668
-58.9971711709475,-35.37664588837209,-471.36817403899505
-57.717121539179466,-37.43362762773334,-261.84883619322653
-56.9610978927519,-38.42377527387894,-487.5193305640005
-55.322235755317585,-36.63588045995338,-222.87764618167077
-57.63921293927565,-35.907931568373755,-340.84894206522426
-56.61983945484371,-35.322812507197014,-476.64724790599064
-57.04451809139657,-36.788083847548144,-387.50658930713604
-58.06266172455453,-39.31125090006378,-317.45322385596467
-59.09237917812593,-36.96645439339926,-114.8726125267433
-56.61612033971284,-38.055636452273475,-264.9494401607613
-59.64724448899892,-35.540834013959234,-282.91816122502763
-58.51103529186714,-37.110944439882985,-253.66976427193777
-56.97674424251773,-37.88879121304206,-124.48585402436522
-55.15004546885442,-35.01284382965014,-219.1764933191454
-55.280842842118226,-36.25796542268267,-160.59469198997465
-57.24931882807418,-35.61012338625693,-44.50273078000656
-57.70489545253186,-38.80398760866689,-444.60264149800486
-55.611261181427444,-39.196594907728326,-393.69087506912234
-57.703075463966755,-39.98927005432913,-255.95261724866805
-56.382605961354926,-35.76995318100947,-324.7798580026068
-58.55314041821135,-38.51989132410148,-215.64457156401355
-57.06211239768433,-39.259666606122366,-318.7598365321656
-58.204205664205304,-35.9439391269027,-354.112478460094
-56.702471241489285,-39.836628597051096,-357.1948654673508
-56.606868866885705,-38.493553473491275,-372.1168355974449
-56.369484280282485,-37.129721804300566,-421.6089621157911
-55.369535791172815,-35.759549801324425,-122.36530479256099
-59.43023568164121,-36.562405181547355,-496.7694502742212
-59.45443111541248,-35.84644832943505,-319.7801534322752
-59.09599161775914,-38.98091491236003,-95.81004116800368
-56.92641677466183,-38.39706560919396,-72.00435150050508
-57.68338635851514,-37.244155294053996,-260.8217816962429
-57.768416573644515,-37.13104138022488,-448.66607417100994
-55.488744201013475,-36.29958594964508,-140.7086520720199
-56.319540468597374,-35.75388767129408,-340.77166583961457
-59.76981105212294,-38.810637280778536,-306.5408624250847
-56.26085206403675,-36.39206685363391,-147.79167518696735
-59.27059886505437,-38.658769250811346,-322.0132917005368
-58.1379064321002,-38.08341256968444,-378.32948901287085
-58.42074674201037,-39.31870324812518,-52.97897120888841
-57.41329004207263,-35.84571519204271,-152.65119994948176
-55.96101969651865,-39.26929277670554,-470.2970624848369
-55.77346130077006,-39.521206525382546,-292.0546640746792
-56.02175898672277,-39.01303258596527,-232.27616610908552
-55.09090151921534,-39.94903390663804,-255.45386404631813
-56.18477628431409,-37.4448902676476,-56.173090812309596
-55.769266367020414,-35.19550032892443,-277.0341049553703
-56.68525968633647,-39.05845193380493,-276.9599141101699
-56.41052191870887,-38.70592528386129,-181.94306717269876
-56.87705029003442,-36.57371930577827,-356.8783939793396
-56.58885855698545,-36.83140884515096,-410.8569967088988
-59.68980829833657,-39.7322189650067,-243.4689866437875
-58.20427077739839,-35.88631211817952,-380.30009741432195
-57.837281053301595,-39.3159701571604,-141.2646803460323
-55.30356791328375,-36.0922446697095,-248.09173140702566
-58.69583679193027,-37.12603468312921,-361.83667892612146
-55.166293071288926,-38.0404174423731,-433.2544731095304
-55.257865051010675,-35.16302820933098,-286.27963795940053
-55.994993961568085,-37.94092789151651,-396.898949296149
-56.546012422098855,-37.97996709695971,-182.95694137505225
-55.71895617085829,-35.567139636938876,-296.27214152403184
-55.18292956924434,-37.276109602369495,-419.6235068869696
-59.09967944826636,-35.575481997611654,-352.16216760307293
-55.745672656114856,-36.69432253276335,-491.29475995934996
-55.919702840992784,-36.17640362727585,-379.05728531182507
-58.10026365018431,-36.20690086822022,-306.6834453475936
-59.10390094991376,-39.42448588359028,-289.4412924205513
-58.28907310432029,-39.36736309019888,-196.37554755494375
-55.515609896290236,-39.53132503907158,-147.1092132926971
-59.9014749004553,-35.908802147232954,-347.715612341157
-58.49178370180423,-37.28687693894796,-210.01470715549505
-56.579781459216065,-39.878192433837555,-171.12596580241265
-56.11484753150602,-36.766772785574716,-67.57118829405347
-56.38883465223064,-39.096964123616175,-200.5092131031823
-59.44952251669436,-38.723030238337785,-209.10515690572487
-56.55308912863494,-38.943341562541654,-50.180817039669755
-57.04697462467683,-37.724881477868955,-284.94362567264415
-59.56346739615065,-35.99306082980016,-250.50477788126253
-57.29786709247887,-39.448125575779464,-45.01109680809755
-57.8616718497703,-38.997861110116574,-176.10410324364963
-55.237465477826014,-38.62535005589189,-452.16428474351414
-55.908416301167,-36.11363007052813,-444.34272541718246
-55.607183619489746,-39.59227555377775,-118.7745263982793
-56.47874925576474,-37.847291869043545,-420.7782672482562
-56.70271211789953,-38.73135679918664,-451.00870657921234
-55.992664780043924,-39.059325278501646,-193.16774249648915
-55.489435135523685,-38.363173966080986,-339.15703858854994
-58.871082501650434,-38.26530713692735,-55.663790954878344
-55.660865221491754,-36.97435307298406,-137.98175659092811
-56.59179409989623,-35.02892393840677,-242.46983371490157
-56.41524329621815,-36.61679059684102,-496.2791577879992
-59.18761507793016,-38.01670653099673,-155.65659928179826
-56.82767239956578,-36.269444493696696,-406.7378065606455
-57.253005907140704,-38.580859461378566,-135.88253927851665
-55.88465430500547,-35.01829248222285,-308.408151630569
-55.04415354383148,-37.76723439736683,-222.46702836016783
-55.65394869462221,-36.91592285800013,-242.78069033890435
-58.13838444116287,-39.90218451766472,-56.53202867640778
-58.70920883141571,-36.9076450748664,-408.7635796282063
-58.53422285937445,-38.73995767410142,-165.93237022341424
-58.82754870865914,-37.6957848617865,-263.1635192372449
-57.917079755666556,-36.91543365988308,-151.3914839748672
-59.8620154823005,-35.61767699816212,-399.14555872794796
-56.276116803356466,-36.46291891311689,-370.71050901561426
-56.818896277460794,-38.78246079071444,-290.33594007633496
-56.20441120339762,-36.632570225405644,-378.8709118073751
-59.96301155878306,-35.32924597468916,-435.1448235819649
-56.185133817814396,-37.83939410399721,-187.40259572428403
-59.99004912422804,-37.809009248567136,-271.9142316903164
-59.73357440643837,-36.07742051908635,-185.66827884219308
-59.274210624299165,-35.22761435259,-492.33306172047804
-56.083986950921805,-35.6620277146963,-238.1879228108314
-56.538162999752714,-36.24623126771926,-246.37362812327652
-59.72617922346266,-37.107639381708026,-216.18761972799132
-55.46167665887137,-39.248824486787626,-265.51315927680395
-56.36023859070835,-37.98877941683237,-98.02562980541948
-57.24803527549308,-35.82434197500087,-110.8787797627271
-58.22041604486402,-39.53931931394324,-290.8450381065203
-58.701248303602554,-35.65783393324348,-139.206442730107
-59.514152600658434,-36.80753823877044,-222.6608562476
-57.51332119118504,-39.70615012135011,-290.38547342658956
-58.995611600710546,-36.603394283625846,-320.15144194991564
-57.934320837129846,-38.60118105852,-266.6558386450826
-59.972735731607855,-38.797805445871035,-458.5746048835563
-57.67128462929496,-35.30900133110943,-54.5219638777958
-56.2887244229444,-38.961851717970106,-463.9457203571191
-57.41898149505555,-36.60394978259206,-362.14695302938986
-58.364599876625505,-37.64871218311319,-480.10656767282387
-56.630902329537754,-38.840663292982924,-408.00626214736224
-57.51558428226064,-35.88226121820145,-296.5570060612064
-56.28772094867491,-36.42419563338674,-371.4763163267004
-56.80923766484867,-39.60072333150269,-485.2807972832995
-57.71534816196804,-36.151069269951726,-153.52925598014806
-58.216580993318644,-39.134285163735015,-392.22522786942386
-56.18867124216164,-35.43886335781434,-78.07655982870243
-56.688247426624216,-36.46811121027062,-165.71883497257534
-58.638495062006136,-36.22578877216061,-275.97918410032753
-57.30575477808097,-38.7850891620346,-378.95467891063123
-59.13939486692977,-38.36493350829275,-68.1914684799448
-58.43703420902245,-39.1472881608932,-201.8406159295467
-55.53990818989913,-37.03263949650391,-86.01002513184082
-55.31656562651505,-35.05837337053113,-455.2614795044996
-57.632742196573005,-38.66478419769913,-428.6742677251028
-56.99183617277913,-36.375669534399215,-431.9787897262423
-57.4699620629856,-35.18819590552169,-249.73846477690938
-56.56680177344167,-35.832656648567315,-233.06269327207286
-59.463963203651225,-39.239829715825564,-199.1620180784347
-58.98223539278164,-37.93507013579931,-370.2958159224961
-56.572117153001884,-36.20101994574221,-107.64418853625723
-56.94105422212479,-36.902876566935284,-296.87716119970776
-55.35719702944395,-36.64456139371519,-330.90081528181986
-58.65441465179793,-39.69250362555811,-437.72682376478815
-59.06356781980114,-39.77514263254545,-347.2847050746806
-59.701189077777926,-35.73773835067672,-346.2365303695894
-58.03742822873821,-36.332941973921706,-271.67151042625943
-55.32072607245039,-39.82044084922424,-155.58426891137273
-56.26320067353827,-38.23421290731525,-236.8656340799692
-56.539414796057834,-38.7138481773044,-127.02179718555549
-57.60066671486282,-35.98895530395936,-48.556869481179305
-58.78441095079032,-38.047790864081314,-186.43843437149047
-59.34936516847534,-39.538251230416485,-425.1319236828675
-55.628228068981,-39.26018940705668,-178.00376195988977
-55.74373239543728,-37.65539304348777,-182.8467833003381
-55.52779129436501,-35.165088411923776,-132.90727431124816
-59.06015931319721,-37.283856073642305,-462.23521980540556
-55.86522578572954,-38.404095937649465,-244.7212274929324
-58.69994497434261,-39.072567227753765,-229.95673355208456
-57.51377582715622,-39.9432078693907,-377.7282139720767
-59.42191520460875,-37.61609421981815,-406.5637700970291
-56.35862992029034,-37.63636451036876,-219.62065401135533
-58.2382212267788,-36.66226226247578,-242.23048148825427
-59.32066701319773,-38.398784806057385,-328.77364130608123
-56.0529856390638,-39.78087276367793,-198.17665183096778
-59.884836624164684,-37.34496214020799,-209.37772270065162
-56.22987263600392,-38.897862852992134,-164.8564866405439
-57.75696760662258,-36.09042196881218,-421.4621158223472
-56.406023714607294,-36.7362422676808,-492.604436770655
-59.91197720214122,-37.84953885678182,-85.65380239059607
-56.08928414160448,-35.60483561969703,-189.7775321204296
-57.32071319045936,-37.46005209766499,-205.42294267040793
-56.270376296171534,-39.86902099403856,-286.2754646718545
-55.20739640335619,-36.88000954459287,-425.62588314446907
-58.435563486011276,-38.25111075961089,-432.53363516291944
-56.54361320418552,-35.75552190724835,-119.81414301131409
-56.19871304656709,-39.67741539743828,-371.9781851184335
-56.70127107131266,-39.422400998783694,-388.8378014939608
-59.74909380171746,-36.41814299974577,-381.26488988760497
-56.18974540420742,-36.05551611639862,-186.1506557868701
-59.81180280039953,-37.260249156262326,-179.56881614584952
-57.13031686653553,-38.9515140355348,-317.24857963009674
-58.89021255273677,-36.08405750593862,-43.865783510381924
-55.79735168378544,-36.132348794008905,-256.54894724832326
-55.30896869059992,-35.892271685249156,-467.1942792355228
-56.381556500838265,-37.908971147842564,-384.5669822642476
-55.07892748932953,-38.57176022026821,-246.7986924261849
-55.731188386454626,-38.31186114979952,-310.2445079616125
-56.017854153959604,-38.31753902676243,-431.84028676604925
-55.14067951195038,-39.89983800413506,-476.4467033589561
-56.13207136548701,-38.262513037649235,-257.3326840425247
-59.083768112158324,-37.87550801544985,-426.65712548618967
-58.320488023752084,-37.458573003458206,-174.13341266171017
-58.660508446443615,-35.003588901042974,-474.5991023601793
-56.42028549071562,-36.79460548030428,-142.19156698429475
-59.19810602698065,-38.339732712931365,-101.26895189950092
-56.22405618857271,-39.63527608677994,-90.66276287586014
-59.21039151880315,-36.688097636747415,-369.98271101441514
-57.94868126822717,-39.64626409309813,-400.20674752247817
-58.95967885818225,-39.92621539611361,-326.7734698373828
-55.118061133383634,-36.11791127822533,-395.4672442634795
-59.931019516358084,-39.92064944947419,-264.5175332190581
-56.56359735839373,-39.987905695057925,-122.95785792935962
-55.7323594192232,-38.47718753906161,-209.17031942782418
-57.42936316678474,-39.02220453506123,-284.4784252938624
-57.94632005355162,-38.773997091446546,-420.19918538398406
-57.92719142476918,-35.75994567926415,-460.43927056493993
-57.54649689806272,-39.57609898557777,-314.2908069696189
-58.80940402817506,-39.576770781208566,-455.4543054986289
-57.242094599720964,-38.95668932980689,-383.1841184727673
-57.829343574191334,-37.24028307964168,-213.69154712259603
-57.906698545280285,-36.749091049890055,-411.90772760000107
-58.52119459967876,-38.29114559613714,-486.0380908020839
-57.86325603268955,-36.63185330217373,-267.56432293132224
-58.63743915157194,-35.768064197372425,-349.4236384760896
-57.54398447543722,-35.50774367298009,-454.158256350791
-58.173488478340786,-35.84013615668666,-49.67823326530619
-56.51539721983813,-39.288371797341334,-51.11562013340432
-55.541399285527014,-39.67439626576948,-144.1209661636761
-59.16726748399036,-36.80310018082754,-207.33767632029665
-58.47601607617477,-36.88717469232467,-186.33065221047434
-56.29731341470985,-38.48183265663385,-216.31674636878162
-55.24158251537088,-36.730291376059945,-332.19376043982123
-58.525239629434026,-37.26070294987356,-305.6569926764662
-59.73962100766721,-36.565095881244225,-194.0811627560849
-55.37667064103424,-39.246039707127686,-334.28492587192704
-57.828423187068175,-37.34672798021086,-134.3811859654283
-58.03952730136451,-35.66464036085531,-298.80784756413544
-58.98644553219599,-35.217367111388626,-152.1412495643318
-56.74751537794892,-35.45593533520624,-135.23221448729925
-56.168852632352205,-37.3764447777601,-207.22349079882758
-56.82857276223363,-37.036859404596996,-69.50456335701983
-59.674091722248164,-37.80952801779019,-104.63428939384272
-55.61251682034091,-37.280827515509046,-152.1351431673188
-56.39364996902577,-38.76043944609142,-459.358977816824
-55.431695256404254,-36.04314635421193,-82.88002924738421
-57.75189267416429,-36.75255632118178,-386.4773775367318
-57.82948995098113,-38.16623647191193,-316.02615370175107
-59.7435176639693,-38.02023936901009,-481.8266543068642
-55.14502341263855,-36.02090807662222,-270.283514417302
-56.004404024486135,-38.792218413573224,-122.46584719270288
-59.68650980968269,-39.203491737652605,-387.17488212219814
-57.20721708567471,-39.46919156587605,-442.6305836139979
-59.87817008402285,-36.33033938736239,-450.9615485265122
-56.08069779001761,-37.27197588099322,-370.5220860923492
-59.753702224534386,-35.8651466511442,-476.158662169714
-59.45368622925248,-39.56228166406444,-257.5281302621955
-57.25914010875626,-37.64038229716431,-199.61060133903715
-56.978021012242,-39.34851771279615,-209.03105728731467
-58.30162703942489,-38.60040428229707,-343.4079958570328
-58.297729229877035,-38.565199964968706,-56.8143537266412
-57.738979800062694,-39.25531579397956,-230.61199722266494
-55.180054290886666,-35.44117023995203,-399.945823745006
-58.31855066783603,-37.89141850718419,-348.24662556400745
-56.114976924775284,-38.689206313221206,-75.7519165386625
-55.6439247693993,-38.81023161642097,-402.2200506787074
-59.51343393108059,-36.36190933580657,-376.069887496678
-59.82392949221365,-39.68442868651695,-129.4307908599182
-58.446994085119584,-38.289147260891006,-419.1534726916939
-59.65964273251969,-36.95309941918396,-286.27493501911266
-55.16538445000273,-38.34964358373405,-87.83604510542708
-57.22714041184322,-37.89217059970879,-106.05470027024371
-59.27798301272526,-38.158828263464514,-59.15934708693983
-56.33886942952242,-37.18540812005325,-502.0217164432893
-58.915628710681496,-35.40927594347697,-189.9309930275854
-57.57214390884562,-37.85022455441087,-191.8701029962605
-58.21959454183305,-39.748615895242864,-233.80329951015943
-55.99938787521722,-36.81121088193154,-69.1023229730195
-57.604495126028006,-35.721888880511116,-65.65669014810913
-56.988736986462094,-36.41581005909053,-91.50987558963283
-59.43294936814229,-38.599595914230704,-467.72401916221463
-57.51529642006071,-35.80544367756596,-301.99346943987587
-56.65314428707087,-36.23243194792894,-77.2187343670516
-58.218142447766134,-37.49380064979745,-227.421412922346
-55.73533103658096,-39.66452420724749,-322.97030016890255
-58.61793382137968,-36.280656814155606,-287.7178978473939
-57.25633590585114,-35.306697834267425,-275.85599002799046
-57.72538668933779,-37.199327588080585,-340.3243261196817
-56.56646349947144,-37.379859366897875,-156.67969466292396
-58.97201770578349,-36.070920631839066,-106.99141500586369
-58.44803438725451,-38.457424415899126,-190.17354771711234
-57.162623886206134,-36.2482199654867,-425.71637524337217
-58.59902309577375,-39.75967370739841,-77.52085463462285
-56.35900305851266,-37.94608548783519,-299.93652780600604
-59.042593954353535,-36.457183863202786,-437.3823857482614
-57.02902757726385,-39.81754524683901,-304.76009334926897
-57.7165827704196,-38.60043766735746,-183.9382494671541
-55.91264905881518,-35.66297165021879,-334.3700756477822
-55.82873549615571,-39.86611608943718,-382.12330339737395
-55.59574735830247,-39.74609669402626,-138.54265518976098
-57.361835166926056,-37.37406109046273,-96.61856642859343
-56.14267179467249,-39.139276328968485,-255.62471783588782
-59.38296992639269,-39.64828433291939,-308.0217202360283
-55.438292067583816,-39.93533702659681,-325.8765113385863
-56.129331983492456,-35.38167247659376,-208.92177450186495
-59.4610326785471,-35.02367309315705,-424.1934647074054
-55.44084973666786,-37.61275576344346,-359.9085109404198
-55.64397635078163,-36.35184461234227,-213.06459354091922
-57.036055740216504,-36.36426258227557,-341.5829443352493
-58.203668443373935,-37.813632716313876,-173.27408437342427
-59.902598587793435,-39.80627451146298,-430.3578865021711
-55.578233250670436,-35.399448406610624,-414.46966538017585
-56.68078805679928,-36.892170604670966,-260.8733935588603
-55.036354312132346,-37.22725604855409,-109.67824215550654
-59.09613447487924,-36.842116429930215,-69.22712647608105
-58.68122415637318,-39.862007791548905,-80.47251049297486
-56.16151162859897,-35.040582575549834,-344.55498434826205
-55.86139514415818,-37.45071999970207,-500.66597764747826
-56.717526822154625,-36.47375033036814,-432.80439997042663
-55.57478403320985,-36.4344331136371,-161.7883312096701
-56.06609435993854,-38.04549400677335,-219.9841990467281
-57.83409899306338,-38.44350563170489,-397.7044502393644
-56.55585434730075,-38.06216664758776,-404.4827762212695
-57.23859813283246,-38.91073415100242,-432.7665257059246
-56.08100501356064,-37.40799398748085,-217.34644004477224
-58.92800086424604,-37.190737698133674,-274.40897378941713
-58.31854948906862,-38.92870423502971,-196.24805957626785
-59.55011915862936,-36.53123831972001,-58.748376681515545
-55.84634493440745,-38.74966491070083,-317.85290347462825
-57.85743153722535,-36.64513185850185,-484.06817502192877
-59.248354752344945,-36.98890461267454,-310.0591010254902
-55.494963977533445,-36.653765539790776,-384.7092873173297
-57.67114175700479,-36.8314383117458,-448.6908282389048
-57.73512154234294,-37.52773537136827,-413.0261902877068
-55.07324514182506,-35.35875532524645,-320.9875007580989
-59.39008516308564,-36.507843853526985,-298.37563089905336
-57.695768234222435,-36.84368516407916,-287.0089659594096
-59.89324149792529,-38.84475443580281,-136.9239322950962
-55.789958741012846,-36.87934985864548,-454.98084611627564
-59.850784152768995,-35.31593444181013,-434.323552675755
-58.40921473055092,-36.56982947240137,-441.0509602803234
-57.409669992819545,-38.1600342922207,-319.47970813426883
-55.06955883505104,-35.711514212759084,-272.30803168411535
-58.78739657959219,-36.797722832904356,-286.737182440124
-57.47341518989074,-37.70083347445043,-341.22185203342593
-58.58433487620699,-39.92105098764736,-255.62621257009252
-57.09769543819655,-37.418031068158605,-275.82350072346867
-59.44358159989182,-39.51746842679159,-80.29670855156978
-57.761664769346275,-38.743793511544666,-404.309789215742
-59.342570618623064,-37.116568604793706,-121.13270524858831
-55.91529718344872,-37.60891395701452,-499.50104546224594
-59.41158499685101,-35.22803947869565,-233.54793236898425
-55.98453486513685,-36.33543038018553,-281.65822166411994
-59.58322623589745,-39.20409411494666,-290.6195058956096
-55.307488032029255,-36.83200728795609,-75.0779823965946
-59.64736026527232,-38.24681901314199,-95.51922793934767
-57.728072910463766,-37.01043633786648,-93.30147689015453
-56.96707408306555,-36.21450603699696,-451.1147162977116
-56.83843363469059,-36.57534402347785,-473.07161360073826
-59.62398799625936,-38.037135337561814,-290.21774108889133
-55.24590372024763,-35.67917492623085,-275.738245510035
-56.78735841210478,-35.96804246114915,-306.48498220861103
-57.501002062583126,-37.9477870122242,-491.25993587082854
-57.00280830440731,-39.559961936157364,-124.74952381794208
-55.43470664316236,-39.50599659544101,-109.63795012510086
-58.87654518220111,-35.076171170712186,-127.14605373301612
-57.760143628226515,-38.788637264341126,-418.6128777223294
-55.27725077108932,-36.2638422548375,-81.34675520997605
-59.00735743354561,-37.84893423916847,-312.44343708371434
-56.98697718603781,-38.10683390594029,-307.35891041230855
-58.83355162291824,-39.36713081784768,-433.1424623029422
-58.95487877682954,-37.06445425970968,-241.06416539057264
-58.91405454130244,-37.68185812215985,-287.7391225250848
-57.400310668479406,-38.64887110743705,-404.96476362828355
-58.01336984594923,-35.42246052742329,-259.2539632959438
-55.455844594905564,-36.812258703368485,-237.264042349605
-58.857412627423486,-39.895919839816834,-446.20470030841
-56.48546465798749,-39.9144548495095,-251.3630730489044
-55.331398288952045,-38.192591082463366,-504.22407606195185
-56.723438006546814,-39.59128244917045,-208.92703992812454
-59.10925878296166,-37.16712596614982,-333.9753808941016
-59.7470164400909,-35.18168408218263,-433.6126365843169
-58.66310275021672,-36.26815003107449,-490.21017525249187
-55.571535932377735,-35.62940420401947,-211.68911083511708
-55.686613494899646,-36.08029457156051,-188.10229603574984
-57.21841609022039,-38.90341971613093,-182.472843541881
-57.06834370024929,-37.02805254015135,-197.91330611370105
-57.2017519240442,-35.432793600840924,-397.9056111211541
-55.61781304501224,-35.14198716677542,-483.99870407270004
-59.18401974816821,-38.6369123768955,-314.49846294688314
-57.746366182441655,-35.73750817820589,-314.97235725543766
-56.02129364409367,-36.6064161507353,-139.46447494514962
-55.53404987335574,-37.74286817448981,-480.58722649029056
-55.28490818938672,-35.52845363811193,-218.8998514078977
-57.11633355746075,-35.704229354541056,-54.028460618156714
-59.90564866015042,-35.42205835513819,-398.3340660114259
-55.25804211661655,-37.35975723288138,-426.4481019245905
-57.66225123414486,-39.689013425011765,-263.3364259263597
-55.7383585283211,-36.59651929665425,-434.8189102014735
-58.42812259519691,-36.8190730725166,-482.24289700950965
-55.45504963072024,-39.07261896828809,-95.68061007517916
-58.06163249226732,-39.185767391812945,-110.36393590903377
-57.10339582393651,-38.32045898763363,-84.88670634557539
-57.46197533168742,-36.298136888180146,-357.6899596012559
-57.44954171028647,-36.97620964901178,-273.5965708182738
-56.80621547944919,-37.84691658627848,-82.27246239688195
-56.539538777717176,-36.4821744256141,-203.43317287841052
-59.23878490497342,-37.7983955903011,-465.6772739288901
-58.01478309560222,-37.23329090151467,-421.65147993356084
-58.43100268056456,-38.978914192212876,-484.2051314179892
-57.54201315292555,-36.06166596472757,-100.4652224493869
-56.2522967867271,-38.680636959422785,-349.9131732094457
-56.466318282447325,-39.40768127943049,-408.7891077081018
-56.01855049701212,-38.68586465594393,-501.17619274760926
-59.130319370540654,-38.25594476624499,-241.38534128040507
-58.587466021078974,-35.041807364081805,-86.00029876306188
-56.93249099615361,-35.740209654371554,-374.03262683044755
-55.8561963337286,-38.72956063122435,-280.96855274985194
-58.30966463834818,-38.03927057487076,-458.8338605446165
-55.96571529162416,-37.085461625305086,-187.5706173659559
-57.30909842383519,-35.18766403471552,-157.78856373214387
-56.26270703888989,-39.11523603090939,-127.44241350203336
-58.44331059469824,-38.0497060428797,-172.95960385504318
-59.637826182483316,-35.48304846854423,-183.3086842171055
-58.693888348941826,-36.31171485315112,-206.05066522277042
-57.82911104246906,-36.190757297631066,-352.00522580780176
-57.48345649935432,-37.85292126632811,-294.0240056639936
-56.48159184627631,-35.543621858713806,-172.82687414487768
-56.35641088783126,-37.36625533571967,-322.6050235708645
-56.29148520291456,-35.105293178274565,-220.49735144610807
-59.670916420343595,-38.54503258202496,-273.134120666691
-56.28639050270967,-39.22876130948607,-200.79149381786578
-57.95838067891493,-39.66079227014603,-163.96222007839918
-58.417946727028635,-36.037418058196685,-197.97079976040948
-55.35503908809435,-36.27975743223115,-345.42422801427153
-58.11677165916876,-36.12104550127399,-410.41675892523546
-55.905397402184335,-35.31605934048651,-203.09390602560669
-56.08857371200429,-37.80719445371418,-241.52189287048998
-55.61000580967437,-38.29283973285843,-481.8922882752392
-57.927485200815866,-38.798827572801905,-398.5968694804477
-58.59649770517382,-36.23101703427171,-87.3584439957063
-56.04248669395494,-36.677135514989565,-373.2492090345707
-57.4344885666499,-39.09763431718666,-445.56098442825953
-57.385400341242935,-38.191031782594195,-346.65860148296485
-56.493266004259674,-38.9999326518359,-327.9947970210009
-56.1524544447648,-35.1976881234321,-373.45348025875825
-55.72180311136753,-37.16631845592743,-160.507353915171
-56.53385537609004,-35.760813292557934,-120.22538972523536
-56.261330789687925,-36.33942675402602,-373.5069788232681
-57.57280355148039,-39.580395119359345,-125.15384162403484
-55.49776697691776,-35.10337880266798,-400.2599621585688
-55.00510270377959,-39.20515175157996,-426.1113501933725
-57.81729237953349,-37.28791687957042,-180.33579927744333
-59.145605363240335,-37.486854591613344,-106.78270231344666
-59.189135194760176,-35.33626707985975,-385.30686610986606
-55.777098794475336,-36.87015939329896,-83.34497509732137
-59.51435785880645,-35.67493547909574,-372.2882957378965
-57.72856836638576,-36.83698949972541,-258.68918135138614
-57.81009849912114,-36.68263502752731,-190.90721780882117
-57.608869566916226,-37.60811618638295,-113.43312234934348
-59.09343548858306,-35.78829976315269,-267.0627350402212
-59.10697916372503,-36.25672425617051,-488.5849396817218
-57.79525826019054,-36.400923631684456,-62.394767960638255
-58.18870380574811,-36.62663998182611,-84.48360685879052
-59.53738440676951,-35.57504582185208,-189.46546497885515
-59.6981000458402,-37.94489683461764,-60.081351465806215
-56.460094000848486,-39.80698806902348,-378.0128580452694
-59.66587335227639,-39.320365543030604,-103.3275554136145
-59.49533200444025,-37.10104899435938,-101.73049414651857
-56.9132561638071,-37.05828051974868,-89.02863914309754
-57.935476913276055,-39.5814788350973,-172.36793781266687
-59.98078702148579,-39.38918474412266,-377.3049575780594
-59.255374861162665,-36.09229542727653,-273.3151860488528
-55.348876481838744,-39.48578143925601,-197.37977457508617
-58.79099315286159,-38.29627951559969,-291.0003211572896
-55.312984750938675,-38.01839872454644,-159.95728197602605
-57.61403183139255,-37.40958962430091,-276.60368870426413
-58.80816673749305,-35.98498516202006,-477.0002659476791
-55.278063758032204,-36.138844514141,-418.8094582114423
-55.10164678487062,-38.840483156327345,-343.3594158889726
-56.17223046772699,-37.385319498177786,-221.83503609912844
-58.959784423755636,-35.5994857611923,-160.6940188698447
-59.65474069241587,-38.941900499341614,-176.3724731974033
-56.580057965977176,-36.7877255210364,-419.76957825458965
-56.462926185882836,-35.41716193462677,-185.74480246283133
-59.71661441680195,-38.30154852884814,-330.3637046912242
-56.36441070052378,-36.932375627969265,-345.61723035913786
-59.388825368583944,-38.245438312526126,-142.16560882064724
-59.12634678175582,-37.842733322378955,-66.92106717096638
-56.76111475991671,-39.31210904899592,-172.40641916285338
-58.09717853705969,-35.6521358435289,-437.92987311696095
-58.426109407732355,-37.50638657019126,-339.020926648323
-59.50779405698739,-38.123591427268614,-374.09425650944365
-58.035693995238255,-39.182030014797064,-76.65601044592981
-57.00420893296156,-39.04994748478377,-126.50399900095847
-57.297228349448794,-37.573644157833215,-273.57255624478364
-56.50562830031545,-36.18716641167297,-62.46429736595369
-58.4731729000195,-36.849732409003416,-359.1520683117969
-57.54615126019259,-37.89319822547654,-301.7106883835456
-58.59715155419432,-37.23899410782064,-247.83083747563404
-57.25810742799465,-39.859525324924114,-441.69138767678197
-59.205452706452746,-36.35721181769026,-205.41890788688386
-57.16768212455513,-36.37686104045429,-135.54033104037447
-57.65221748146238,-36.9827742766335,-392.4200400892564
-55.684281774831696,-37.57798567253401,-282.2771791100936
-57.54688079841666,-38.16362483805464,-65.44430551882121
-55.260237343122114,-39.995187878511445,-275.70859273116815
-57.74406748289164,-36.74388587238651,-370.68671469345117
-56.916345799323494,-39.739844754393644,-385.76435642068213
-59.67055018017188,-38.389719008756835,-390.2898244087561
-59.40800695931955,-35.0089751949926,-151.16908399156023
-55.40420199407912,-38.04303000846448,-166.72884338506816
-57.60859689002583,-39.83256584288631,-281.73935592975835
-56.984674299784196,-37.55589618978816,-198.93355128231855
-57.274101563418164,-36.06180873271227,-315.40704010990254
-58.84293445335469,-39.83167727436639,-280.9609654162953
-55.76035604489919,-39.238815604047545,-333.88172942868044
-58.37318237600378,-38.22630377642271,-172.24003199208312
-57.04327199313087,-39.422004376127624,-301.48112570335945
-58.563339100818446,-36.92984132626291,-146.69942199379435
-58.23925221799752,-39.00706090077084,-174.17017913863273
-58.315675132246156,-39.1924458899063,-290.4680819856381
-55.86702112010403,-37.94977371937415,-383.0620600397205
-55.02496135547254,-36.66766459290856,-168.5922550606167
-56.35820152891139,-38.986327940923246,-363.848920300888
-56.72240013092663,-37.67828862281707,-463.2390684255767
-57.89195202786649,-38.192286780272305,-434.5524881476937
-55.067956822670084,-35.57633028971711,-265.3665626722514
-59.39456596304881,-35.585652391615795,-118.30969134942166
-57.010408116601134,-37.63386101830941,-48.97009875473765
-55.51529948805524,-35.97967108000191,-395.70265385750963
-57.6930677466972,-36.47329933733927,-274.89304130581195
-57.8260641712465,-38.919495838928206,-396.5700816860578
-56.430963002750374,-38.67642176766652,-84.44247382958808
-59.561615600671814,-35.12357847725185,-111.30685276006402
-58.236773151709485,-39.3519661358791,-143.99988144959474
-58.31785561329249,-37.012298128475074,-350.3907736408825
-55.783335656904235,-36.71511540145461,-222.83390343910725
-55.04365068102869,-37.123409109971476,-449.1123433438471
-58.18206905219827,-38.9845285622982,-107.88917215886441
-58.24515078038145,-38.53543111156111,-238.6342001735981
-56.30072409120605,-37.09380474313183,-443.2716079070782
-58.32399467032112,-38.87693803209813,-252.23353525145058
-57.873288055675985,-35.09921920581279,-427.43548474088476
-59.45449642123601,-36.55154699706789,-193.38487021635197
-56.436902122488334,-39.14352016351078,-292.92368616579756
-56.78241713721946,-35.57713646053007,-302.68018137449644
-55.85506394875574,-35.89563556208889,-127.75017938972806
-59.62916044172898,-35.06693292827775,-107.52602108848481
-55.07872583866932,-36.39607763567357,-222.91046021058511
-58.896970726809975,-38.423742644209405,-250.454640442421
-55.07982469158133,-38.71886441636615,-299.1438331511712
-56.90763748061337,-36.713562389613934,-251.42835056760342
-57.609508115007856,-35.414704127978,-122.41313028701101
-55.49349040225352,-35.12796663427596,-474.69049147025316
-57.022519184211454,-38.66092427419562,-304.24267877419464
-57.24854602342669,-37.22793758893447,-396.2827229583913
-58.98142087201599,-36.01765242526883,-388.04845870394036
-55.41955284860353,-39.46213670832936,-283.92681046326163
-57.00515669272066,-38.391778918568974,-392.6270076616628
-57.52147003303773,-35.46804748073021,-237.56467443562846
-58.60941437613065,-35.92313151897303,-97.78947327032456
-56.82263412555937,-39.13196026529762,-154.9131923029484
-55.371538615809314,-39.22179207097712,-210.16516663228933
-56.38637781351903,-36.529521014539405,-69.45727932841734
-56.49516723213424,-39.93609404995872,-155.1286164379813
-55.71177278257386,-37.39379754763081,-111.82899546871418
-59.601650266408036,-36.48035573607607,-355.5806614998347
-59.87269200551399,-38.80434086724913,-153.66665034190618
-58.63549514251957,-39.43077220277344,-327.511102777501
-55.37609216296007,-36.67350940110085,-136.94728519121728
-57.64073783440555,-36.793453130708635,-326.89637870511837
-59.30223081658767,-38.52071168457697,-54.43707259946369
-57.3309787309307,-35.43674936069636,-232.10468421504908
-57.621806273061964,-35.150513167711544,-433.11477358197413
-58.839678630266285,-36.4098682937067,-82.32305638536855
-59.05910152976341,-39.2994710436707,-473.0968604942105
-55.600016375279104,-37.748310079005776,-343.10222368478435
-59.58518126929056,-36.31423912027507,-324.9726931302358
-57.297733219290485,-37.30483849117883,-430.6906417349344
-55.99134062839219,-39.07712623211932,-426.78022487455263
-56.67336075510363,-37.21330372922871,-80.96683676755016
-57.57571201152539,-38.765677291796756,-474.72616997680785
-58.609685238938944,-37.749517866972056,-470.25266585737586
-57.520864581766766,-38.95983887344473,-445.63946624799144
-58.71972035785074,-38.201121132298994,-65.81483510709211
-59.14406847749487,-38.51587669784638,-252.68622600463434
-59.327007091655354,-37.8026147688123,-344.06897185972065
-55.55410198098655,-38.56727268826312,-333.66847713464506
-57.66449722808797,-38.59363213701905,-166.13252231748612
-55.65511303468092,-35.65256583746293,-401.21023072566055
-56.06198004223922,-39.144068349144035,-190.3289675542341
-55.81511910875493,-38.50642914164341,-465.4912303927593
-59.69749435926789,-38.89172951748314,-299.7621404417619
-57.3013674396471,-35.09125371816005,-119.43699528933611
-56.783113113144005,-37.07275200706497,-454.01229661198204
-55.9005678724656,-38.77367279425377,-195.64281351794048
-58.5659189431676,-37.98182585931835,-103.73999449938012
-55.152015366875595,-36.927233032530225,-248.39577110215464
-55.643178676565356,-36.92464673723308,-506.64942026006173
-58.708951454370535,-37.252629656106116,-153.21737843359014
-55.655867157787824,-36.2434714528385,-469.50822256364154
-59.3002941011596,-36.18733223556307,-427.2917739037283
-57.75203823738623,-35.934658797213785,-155.94589931089564
-57.47282486822472,-38.91953084274047,-486.7231809461648
-58.706027626774194,-39.06408313298582,-176.93535144964162
-55.03299208531206,-38.13930305681998,-127.9994927722132
-55.91364177035107,-36.74216715692736,-236.4750637668331
-56.6537386359708,-39.496899379175865,-298.40022044526603
-58.02751784793682,-38.753451535303704,-264.5671504817887
-59.83814393094259,-37.068888789206376,-215.96272202150283
-55.19570931443738,-35.48200172992706,-86.13111791561985
-57.27632556821391,-38.60840806297758,-192.87301878247925
-59.65403036847739,-38.29691724499144,-433.214070641428
-55.63686208488862,-35.778034941135424,-181.18692363219424
-57.42620072725876,-39.701007459037534,-350.0031613943552
-59.443211592720125,-39.90371165631985,-295.61764717464706
-57.22686174234282,-35.77968563434584,-177.5425739619356
-58.62266407566157,-36.92612385183326,-383.89799288139744
-56.12456495166826,-35.95531975355141,-474.7373459694064
-59.348665351123636,-35.917047637502215,-126.15681636352583
-55.45106378415419,-35.974765122399184,-440.67467423617796
-57.59360510184259,-37.68887412135714,-345.1465769097054
-57.34541645276192,-38.0279993265322,-463.66881177591506
-55.07017495723486,-35.97378324395418,-174.40908556558568
-56.836454834159895,-39.64785137250488,-150.48457845580964
-55.91004405441801,-38.742824888666924,-212.2599605258171
-59.401956653345025,-39.781074778573775,-100.64344071935356
-58.3495086849533,-35.23273471945618,-272.70976896628565
-55.57250148793737,-38.45652300744677,-407.67870997886746
-57.184872690111895,-37.03846648868688,-208.24280411885127
-56.43430380508761,-35.791418597659565,-197.09235095693703
-59.319648919292796,-39.7528199338915,-219.54713557150416
-57.85808188861122,-37.14381897524347,-185.83123816862312
-58.562985381321845,-36.33841048560011,-428.4406687919047
-59.21649816062934,-39.73488299059724,-263.33613710478426
-55.57187185120358,-35.48711912842353,-123.18322714857783
-57.637646685698456,-36.64102482601441,-467.7344246640355
-55.58031731573732,-36.53351447980133,-125.55732619951279
-59.21873476174718,-39.079455358394306,-484.5893697903112
-57.75759028315489,-39.72146907754225,-114.04019009480113
-56.1859407403267,-35.50460096534572,-132.59907713140936
-58.665561619679735,-35.18822682799515,-54.28295223805966
-58.046565222437756,-38.619386032844005,-51.5659298948953
-56.066835870112136,-38.17745866499538,-284.82123392701305
-56.14971408038656,-36.456711486200014,-108.72970113069756
-57.120212214618064,-35.43816654030705,-235.3782715545909
-58.73859671651722,-35.594555890430456,-377.3550760493726
-57.78159810370024,-35.29380799355591,-283.6437858716459
-58.4035821656042,-37.62392338015696,-86.14617814711639
-55.65078731306396,-36.33824861209185,-499.0465431958227
-59.540522640317604,-38.949434714397995,-214.7814056634651
-59.47949893954676,-35.90861625243354,-127.26589685080832
-57.340287999111844,-37.18936405206349,-243.01764883607953
-57.655733544954856,-39.52367440696676,-127.5766910053162
-56.28617583307802,-39.30196025601349,-416.4210432650346
-58.64724946291983,-36.478638432288,-129.0903828036171
-56.62169503151358,-37.98764558494214,-316.6502546114942
-56.118071023700494,-39.32769496937065,-439.83355713634523
-56.98351603122416,-38.30406963124201,-182.81427032793448
-58.12199768370134,-36.739589579125614,-120.1567312386581
-57.94418605853092,-39.29558290287106,-86.79563934144437
-55.163811073754225,-37.538498703363814,-477.1297823592693
-55.940055916059,-39.400718340505826,-499.9158177182049
-58.111505915510115,-36.64443439403831,-318.90637109821006
-56.0335195292166,-37.251971208147765,-100.337823017056
-55.53921699658948,-38.34628058270399,-397.5773511027953
-59.70352807501592,-35.48697116896423,-369.5137817792814
-59.8343130129256,-35.39163766508653,-436.70630660150414
-55.72326112204543,-39.18993017212262,-207.1461142335019
-57.34905442964346,-37.76988593511313,-150.61362955830427
-57.962256053849785,-35.81195202896931,-166.67603893571354
-57.57884148379679,-36.656796094863914,-145.64557552907038
-59.7928976715804,-36.55332488846259,-101.80707621115793
-56.693619554610095,-37.67242404758812,-196.0877341854138
-59.850657086854895,-36.241866171797035,-60.67485829838625
-55.15326298547378,-37.614633470932915,-247.96764031034292
-58.16503996890205,-35.54635546209557,-425.4339458016978
-55.74876196664735,-39.5606397893591,-208.3114078633263
-57.67036680523657,-35.51191354131828,-455.6912963698852
-57.02189310041318,-36.614590334086856,-240.14148587977397
-58.5606085033536,-38.23351149019465,-324.7523392683184
-58.43595443885409,-36.648835667877506,-268.3391247886225
-59.28119707730221,-36.371508757336464,-238.88948018566236
-57.235908781322465,-38.02864122629077,-235.63249196746975
-58.70701264040292,-37.7620891497795,-169.8752838625845
-56.67595460691832,-39.20690213862392,-425.9125042068795
-57.15329429750781,-36.95524024508428,-279.51936012865957
-58.885305910811134,-36.048274214113135,-353.51718885118953
-57.22764810995197,-36.00258577924526,-64.20075451124687
-55.55727587469676,-39.08012361887438,-461.0584998849482
-56.28063564558071,-38.90793113841439,-254.94038068280466
-57.2858130688632,-35.778515931640605,-230.72325561584432
-55.519359331398526,-36.67217915240382,-237.32803609702617
-59.68971296647918,-35.1518869276327,-52.16614359659136
-58.697886126948056,-36.73092050095836,-229.46496161640175
-56.33397656121939,-39.88071531260673,-400.0460874034437
-55.57337703613944,-39.81362587647445,-331.7898130797864
-58.48739043294804,-35.80742479781195,-179.66074407313113
-58.98775378752338,-35.17037779528502,-377.6111619850809
-57.80473286423205,-37.33305023497095,-366.5719703363709
-57.59168270807828,-38.81213954766616,-432.2803013655765
-58.375476810502654,-38.77875911270316,-61.14621378362686
-59.71671767616427,-36.990784863302615,-137.77382886933444
-59.57959872530618,-38.15824585048942,-442.419236726642
-59.25785363761255,-37.95362882911226,-155.45508703574964
-59.106416754537,-35.917746304001604,-72.7462157768513
-57.182160667943144,-37.23873542032245,-66.21791297198395
-56.3269929747503,-36.683856566692825,-419.46574300193276
-55.708007772421794,-39.923865748373345,-114.50683342934919
-56.79163473699587,-36.03366701079176,-160.7881465864781
-56.13661813008392,-35.55004904988284,-125.56524542213052
-58.01494481196762,-35.08444778556396,-295.6082729109617
-58.75946089628354,-39.961555956824675,-399.3583960458516
-56.63931212777524,-39.0367297573403,-98.23581218287991
-58.52693641848361,-35.112281525684814,-44.80765141826854
-58.944376805718896,-36.054689155285175,-128.91663342008536
-57.44504191561942,-35.67101902643703,-160.23213550123185
-55.03113104375263,-36.81685838543935,-268.4460346012962
-56.053285003506694,-35.3744273428376,-199.4845722110432
-55.262708581490905,-38.56507934254802,-201.89798437176077
-58.28373450158074,-37.327706729424385,-435.8980836735809
-57.16164134790718,-37.11066912868931,-288.95452329685673
-57.65003903128026,-37.36125235602191,-297.203786944489
-58.566037130450255,-39.059773568948174,-73.01211140071148
-55.824867831172995,-39.84404396481059,-212.7767642665516
-56.638678302966944,-36.41347528860959,-495.92444983683146
-56.637329427762765,-35.77678683660633,-325.4874693362319
-55.79568207401469,-37.312313973676666,-104.17261889646487
-58.68669965184366,-36.62915627647785,-425.07314409715684
-57.06242823906973,-39.13542746221811,-105.9384961542346
-59.947703665182736,-39.11403771394986,-187.75823243882635
-58.06631081097806,-37.779962287232244,-425.9984902630165
-59.48072527706888,-39.51182288676331,-132.84687417324554
-57.11640410217517,-37.6501731598629,-315.7281925860993
-57.222529405084934,-39.73081141754518,-125.09543451796597
-55.89643517309557,-38.311451882605986,-331.1488913584358
-57.713743934979526,-35.97308769243916,-280.2566931325502
-55.94398116149666,-36.893910158099075,-56.84497607314695
-58.77334961878629,-39.06101278037856,-52.235528918101984
-57.58395458108671,-36.207545721360745,-372.6836011620046
-59.283531576772674,-37.530663265895924,-158.86632216160336
-59.58202657486498,-37.58592876022923,-181.34604575181444
-59.5265195817802,-37.266852360064924,-448.4228810140923
-58.87982506294246,-37.270043232191746,-244.250778473825
-58.95267111855221,-38.78291714784693,-436.1134780900959
-55.27551594880327,-37.85847134280255,-479.46834576565124
-59.000283731006846,-39.99873520379081,-141.7470024441649
-56.829168073283185,-39.27028339992673,-296.15289429216074
-58.21547950815449,-37.439044590892536,-310.84607027786024
-55.15681832922662,-35.915791118203444,-382.91791225570563
-55.80559090537124,-35.046279203753244,-257.8630460436221
-59.947382223690184,-39.5005941899411,-301.3090674442533
-59.52645467695771,-39.97311003268984,-339.34462125824643
-59.778146803825,-39.55365847162502,-141.52355467410706
-57.30436262625945,-36.28378972699275,-75.98815470316214
-56.96502602925134,-38.62610039525622,-135.0289245226547
-56.81519958845643,-36.76199271177149,-377.0052345472815
-55.65661212392714,-36.709064610104434,-173.97017043990198
-56.62828825571965,-35.71884487441971,-181.22296854330116
-59.392523764780975,-39.355983978594246,-239.76511193829356
-58.541640915592566,-39.90745194267364,-389.70069904144617
-55.955905574259226,-37.823871630391594,-327.2924663913172
-59.63415956594564,-36.343583725977965,-229.73699677450134
-56.038439701994704,-35.21388658275604,-284.4160888948075
-59.10228808664467,-39.38508523495794,-426.6790754056885
-57.25519195486936,-35.04164582162458,-145.4596880570274
-55.41471124337667,-39.4312640344284,-285.7341880876911
-59.17610650700742,-35.78235949669631,-330.56984882530344
-58.057949538073544,-37.984754558092334,-292.99562268052085
-59.025015062851736,-39.018600175016374,-399.3794182702241
-56.99201582838991,-39.210483026215826,-361.92757084360727
-57.42258871787691,-38.5217980871528,-358.34540743344644
-59.104842557776465,-36.20444266129538,-285.01352465197033
-56.72635397712418,-38.479946657790094,-372.9820673905146
-58.92002914328787,-37.490981912121214,-338.4057689548788
-58.90174358615882,-38.24674848232358,-459.3056536488859
-59.31156597194455,-37.185631042313034,-292.3593115372276
-57.33579632100189,-35.95213179530944,-489.7290323429217
-56.08846080393517,-38.421940290462985,-187.17441521105084
-57.75125721668738,-38.57164446071715,-88.03303950685677
-57.885763144439515,-37.53220318131275,-445.0700937378303
-55.96362335168932,-37.709848827026036,-370.2764355596183
-59.45272348552716,-39.248052046165775,-386.3936445005678
-58.340356851649545,-38.68580010282644,-325.67588543145257
-57.339605015578655,-38.98285613721189,-247.42912938564376
-56.38672497208432,-39.23544211892224,-429.9976103522766
-57.506848209847696,-36.380215277878385,-314.9766142572379
-55.92038714659576,-37.91553909012243,-95.88761450972123
-58.00576817751124,-39.83981790406872,-169.95907050103284
-59.85543887647867,-37.61169161048944,-468.1893001653122
-55.7174710535468,-37.224502184120304,-65.8135876299769
-55.72275144226845,-35.59980021108888,-476.73055311971865
-57.95586732200052,-37.66018284172831,-272.6981087550781
-57.42526391092741,-36.07732194413486,-183.22102757107447
-56.9225727463706,-39.74575605861309,-71.42479581421911
-57.939925294710356,-38.64090186599047,-413.35229456348867
-55.841680701018866,-35.2170628311335,-144.895582080728
-59.58092986756356,-35.92438764455771,-339.063039025263
-55.75614000061793,-35.310895984755305,-190.5441619623508
-57.086745097002996,-37.495606508694536,-387.95801222839503
-58.592128335903496,-36.800726804441304,-334.3619915122439
-56.876786685830574,-39.50053650394502,-377.81347817448955
-57.3621345545033,-35.08365278349524,-391.9586819789038
-57.398772703921175,-37.63236022260051,-356.1781972251331
-56.52011371472406,-39.07979571507669,-167.08699171578553
-57.70332396500259,-37.692588954215715,-360.80623277691956
-56.18356166438659,-39.25790077595374,-174.3448299411964
-55.42665446111823,-38.16542376455258,-173.78390873881622
-59.707266402150644,-37.90584392312554,-151.81684972869027
-56.61756111291326,-37.291386349257905,-212.38742144642234
-57.95124783875113,-35.83256283830552,-51.773914253563596
-57.35243148161578,-37.069589868489956,-448.2488337693579
-56.10802768995279,-36.53005500244347,-303.7794822226633
-55.19831696349908,-37.000800224789984,-431.17514886411755
-56.89124608592151,-35.56599556417449,-179.0993611887359
-58.39152395300079,-37.02081983419182,-460.81060154496595
-59.19334539191815,-38.48253761334972,-401.7925493471268
-59.298233649356796,-38.153826781513665,-329.6499847444797
-59.0563802898311,-39.671878617794185,-281.2283472750658
-57.26820755663664,-39.76399139577699,-333.613876742043
-56.73115528692696,-36.091692184820715,-467.88321925934235
-57.38930049540574,-37.263704119962455,-286.11622469734016
-57.52524944147713,-36.48058138004235,-87.58868743225655
-55.48325152502977,-35.93240776372272,-110.93309609685676
-56.81532632494128,-35.07833902930826,-292.65379592810444
-56.15613015674763,-35.17410442718683,-333.45110063446543
-56.05829774861135,-38.93468014991603,-119.93100051154708
-59.24055149473714,-37.10948407631955,-252.26682599740795
-57.194097344672095,-37.912085600976965,-373.4197604077816
-55.74022503290574,-35.04111806369011,-96.42897500371332
-57.09346795503817,-39.06391339809803,-204.33126478411316
-56.54340528158596,-36.14371597648508,-263.25627222150933
-57.57626969778749,-37.710761021944435,-211.57351292908234
-57.88485892278453,-37.177313855897054,-130.23076322960492
-56.526021764712816,-38.17836026691606,-472.0253412416049
-56.189767084899806,-39.349537808055686,-312.88496962628085
-55.001222103376826,-35.113263685239204,-333.4651437185842
-55.625522490675344,-37.349984894096856,-190.3532737222686
-58.17318913322217,-37.42733554852205,-62.59366803296363
-56.7422898141267,-36.09120728702021,-427.3770676885114
-57.812828465812416,-38.21240644443759,-373.18953752201753
-59.987207731713056,-36.61658037126922,-502.8099799233179
-58.77544703891421,-35.30205665292858,-167.7252309037927
-55.52787153961448,-37.64809603133575,-501.3585348124205
-55.49508575637246,-37.996246687770714,-418.63040504249165
-56.89180848630999,-36.73862419088195,-219.69150696141756
-56.86042596688375,-36.80879871213848,-454.4250301894892
-56.80171510206165,-35.441749819793124,-463.36817232577783
-56.563283274485066,-39.47941243783227,-272.847456132495
-56.32758036511985,-37.18440736397078,-247.9890848062891
-55.12753831805681,-38.05456727074122,-429.0720367870263
-55.94779656826176,-37.481301906026765,-243.59000106348805
-58.41776633768457,-39.91223358675046,-374.53276796464274
-57.78617670023976,-35.8999916265397,-45.569965097844914
-58.25906803254013,-37.47313545403501,-475.0768898752746
-59.77013910326522,-38.82716251581615,-117.69620144267991
-57.205407253591225,-38.57606909978642,-158.0758089102855
-55.33487739523092,-39.257214421091085,-222.33305193337702
-59.12462839557476,-38.80283500918003,-255.83918577175896
-58.01494576218417,-35.09187520096182,-100.8044844542198
-57.53167525380861,-35.37997739802606,-452.4996276144075
-57.69054752569379,-35.00134245962925,-89.47516231783486
-56.386588550845545,-36.10308143979837,-140.16813042315366
-59.51647621912397,-38.17457581395886,-227.65192392689903
-57.290933592808024,-35.666593728449875,-44.65040807656885
-55.67652524711462,-37.41569497292295,-197.8847826351318
-58.76869665747462,-37.644092542978626,-384.4279680402811
-58.2201993387216,-37.66822954148102,-217.24789706385212
-55.378770702825726,-35.88817651432505,-235.2275943708917
-57.306311943488126,-35.0439879982824,-70.20099285338871
-57.95615667157748,-35.089275130714505,-189.82332165401945
-57.328569846408726,-37.48771742082923,-128.2023208414443
-56.086025604698435,-37.81930199770631,-248.18990232420387
-58.281245347567335,-35.54773893693351,-141.96465198360673
-58.04500764444828,-36.10472325134331,-95.8034822996503
-58.350624363655534,-36.58010967459489,-287.37107860573235
-56.2884696980838,-37.04020002672571,-403.92305360771127
-59.763587485883804,-35.667053449206385,-333.92137911280946
-59.13999590656801,-35.41696337176611,-469.3432969433292
-56.20475453478589,-37.74877478124441,-208.6043334321249
-57.37636205046517,-35.76443101681669,-306.4297062572625
-57.42432261456006,-39.736008065274525,-97.92011850616159
-55.01238798893174,-35.16573004788955,-261.5124403645653
-58.2514691401915,-35.63645954419137,-441.4277845712536
-57.84846276948868,-36.455314637618,-206.72354379018964
-55.87362792500786,-35.108552625833035,-347.8232859663872
-57.39404488068974,-39.16268378750996,-157.24698634804346
-56.72918574612295,-38.937658906962206,-192.4996778817239
-57.09725402155532,-35.57552060206042,-216.41598878649552
-59.58139588335656,-38.82051858389436,-75.82702216049861
-56.75902440218649,-36.17025081775434,-86.53883147244943
-56.6236912484002,-35.75056468633471,-291.0629316882924
-57.05115707369899,-36.35105192082098,-56.19206948502067
-57.892178501708884,-36.25275799095915,-384.5712041292301
-56.514386537518035,-38.378832121452795,-415.59575260498383
-59.69933379021802,-36.26985243481227,-169.4259073782452
-59.43900439291992,-37.264764754416795,-202.84942615084833
-58.713617425528675,-35.16655891774539,-209.83363824723187
-58.32235174205751,-39.32681621874042,-227.77293894790608
-56.5374339001184,-37.19332961567333,-439.49516851307413
-59.315507089210115,-36.23039376820273,-409.7242174170556
-57.859789396459796,-36.61266559718855,-188.4343571074978
-58.42065605382556,-37.48387542824546,-128.8764183155424
-55.84329936689523,-37.0987900966911,-472.20746582255765
-55.63965341197339,-38.50064546158663,-145.73538712630366
-55.9948528024001,-38.390421727214544,-329.37571252397703
-58.60516314175533,-39.775537966497396,-306.5513979790317
-59.65319034578194,-35.35533104203432,-50.62562364807823
-57.76379451176051,-37.12765618945283,-484.560881025062
-57.929552885295074,-39.70896728236786,-319.11042778228585
-55.940464302795945,-37.989784263712124,-483.86946291315303
-56.90014808896959,-35.87279487222828,-47.70207938140778
-59.27219477177314,-35.10757350027132,-304.05964533411657
-56.29191670699055,-37.58026749291422,-349.97850654457346
-55.98214779327449,-38.75101143841955,-380.7316075893931
-55.57688731082345,-37.571083892821136,-178.19320768996667
-56.820886635740486,-37.51134746131177,-168.3714571710552
-55.926197429658394,-37.34204733615171,-233.5338470993884
-59.556535896713655,-35.7629500564633,-469.885496998628
-58.34219592425551,-35.10631878217329,-156.26159752502056
-56.37859493479559,-36.628435003370015,-363.14666298569824
-55.35791990310267,-39.97254312134946,-244.81348603853775
-56.54737593534123,-36.71059098817044,-488.3223062539938
-59.96553486990339,-35.831372006213,-144.03889610708126
-56.275131557717174,-38.89733415152094,-243.35641114835062
-57.47011166901141,-35.233497701620244,-106.54600592134854
-59.40264166378353,-36.65396659036546,-350.887911712319
-56.11128476707801,-39.555726791088965,-319.8816015999661
-56.01240506559479,-38.528093952060786,-97.24580234900407
-59.87572891247369,-37.38579430156008,-351.5453918696738
-56.80655408379979,-39.93362588347117,-470.5656564246687
-58.2513361363655,-37.535250478984715,-391.7556990289837
-58.66472402556558,-36.93956502630579,-453.5447685045534
-59.76507514732658,-37.68437874861614,-481.4457715851081
-59.81539982575625,-38.458930776538864,-217.86929747277014
-55.7929404615979,-36.49063441105602,-297.544797482283
-56.032162249695716,-35.11418577013967,-218.98726447100165
-57.654327289259165,-36.75092323107599,-342.90011138784666
-57.024985165737576,-36.9265598152369,-64.4049496809208
-56.63311936367842,-38.93380501178678,-397.4796926373033
-58.71193991044735,-36.91944442187162,-361.45066124740725
-58.84340774750759,-36.15957458792077,-92.23841864904838
-57.61050479583312,-38.837195286555726,-404.9021436203997
-58.94917898352931,-37.490880009550835,-459.79153381903785
-58.559925995897316,-37.997775947646375,-233.53998538480738
-56.363414094338495,-38.60888360624636,-146.9541442111897
-56.871492262116774,-37.12781605086495,-421.8297399791539
-56.6508904107296,-39.44182530283786,-281.99516185546327
-58.06939791685445,-37.855884334876514,-394.6386161008268
-59.008005168399016,-38.64150126229883,-212.80670771548733
-59.79390907660267,-36.95665208187976,-438.71161100858706
-56.2718754422196,-35.7770247685341,-80.29112195682289
-57.80549180336856,-39.36966015983943,-368.3188662863526
-55.67482142047406,-39.51404881289571,-175.3828325140348
-59.954795427388476,-37.95066505158741,-317.929998467578
-59.8460772564694,-36.23786647682649,-151.58611806188173
-57.075619428643485,-38.45981515989995,-132.85283312348585
-59.64525378397183,-37.66846294590247,-257.6113668112185
-56.7467204436609,-38.7311010021868,-308.87503815023837
-55.74071634247286,-37.65743379025747,-378.06661911001436
-56.77431822878428,-37.18306417677396,-397.02080725491686
-58.1992494590259,-39.24500425886141,-410.6606646913789
-58.85402813501781,-36.205219009420524,-108.27416061069749
-59.756770227964,-36.683659323063694,-419.43410583878295
-59.37225446196559,-37.95078262216306,-116.85824159876036
-55.684191356108876,-37.19347218812007,-68.38703540678688
-58.92051528044457,-37.611473987865104,-49.08477759150641
-56.8624230006383,-39.73629535093876,-496.063072397108
-57.94306172792005,-35.86598560221309,-340.73035618769
-58.84117079635897,-36.977338971913554,-78.0543528479383
-56.52206659464873,-38.593695314397294,-210.36140412331383
-55.53684373391576,-35.26753577976879,-232.491665255669
-55.60183971514037,-39.437246012886135,-309.8402188178588
-59.303515260788906,-35.699127138369676,-304.6920870125196
-57.253240412138695,-39.95835370733348,-237.6944086883058
-55.03985708861852,-36.099895029037405,-382.23233773884016
-56.29154643973818,-39.37253389847069,-168.20593060661895
-55.88333493017943,-36.40295970587294,-286.68484482444507
-56.663382540198185,-36.93166364985674,-106.14964503341571
-57.68195300085904,-38.316688662038615,-282.06646415650414
-56.828690782266435,-35.997079936135464,-141.57171857220916
-56.94073959109919,-38.041685663096864,-311.7083249408219
-57.862387866934725,-38.6967804973862,-178.33679149121883
-56.97185873079978,-38.71300525954147,-379.5189531501349
-59.71499388363549,-36.77856226987808,-295.14215900667796
-59.17627431074912,-35.95997979939085,-365.62603839766285
-59.27766483307686,-38.960955912989675,-120.2035037535164
-59.50551191371141,-39.482714073633026,-339.77518099729707
-55.48532406509193,-37.4893026367506,-332.4751654895664
-55.624827387171806,-36.91136760666567,-354.66567788337676
-57.971784686894715,-36.13343844902472,-364.01859259134153
-58.818915964400304,-37.77427626935476,-69.73236101653778
-55.55329367619709,-35.28629685376809,-76.10676458702129
-55.533551069130624,-39.04738402162069,-254.88237683585277
-58.167601725751574,-36.54961431965424,-456.35224842535575
-57.37943050861287,-39.8347797062256,-420.91544502935517
-55.1268975248708,-36.803266974696044,-395.56542379352146
-58.649658372959884,-38.26983693497435,-119.68019234981267
-59.34209558874591,-36.21926207069997,-340.7196917244747
-59.45929179197332,-36.40570636621635,-162.10626372140334
-56.29487362368889,-38.07113908283072,-442.9886529424805
-57.672109928942156,-39.89085325295975,-319.6696979346041
-56.507513467441385,-38.212001092903336,-149.42585915044234
-56.80954346325544,-37.57122589214818,-61.63239278386758
-59.47161732112598,-39.13383043828578,-151.684380355305
-58.18696140307571,-36.28734188119656,-425.3091607272189
-56.260907802751774,-36.96174393603155,-450.5771354764155
-56.32442644210263,-36.71973804745495,-61.04405448800528
-57.61133169813045,-39.042809306010476,-218.02063484364982
-58.51989185103095,-37.61044345231048,-406.8384163884268
-59.814997501193275,-39.98109353733242,-232.72464987558152
-57.81921620669781,-38.88569642877726,-194.4655402637362
-55.30772828689423,-35.219396011074515,-336.4597864329215
-59.12826324317139,-37.5485363221799,-61.72675591479227
-57.15192157029629,-38.03537213240848,-358.7291849064471
-58.54799277598911,-35.04797620953556,-171.89474228055485
-58.82391414341635,-37.095579167013184,-441.6487914679911
-57.11028997156839,-37.206046838583156,-305.9508590556348
-56.91822932647787,-35.32590712960109,-130.10294471760628
-58.40524115258312,-39.13875873756072,-444.8787374792334
-57.63799808532055,-36.061703553930826,-215.6845564968519
-55.4729043628145,-37.200098728365084,-352.21536420186357
-57.64545582976182,-38.065494889880135,-261.2624874175833
-55.387643296117815,-36.1119476511724,-385.7821955498882
-58.14386010145825,-35.40824547120117,-198.09469443319625
-58.103507751442315,-36.045752943156,-343.5736697475388
-59.00057211698451,-36.10657817212201,-486.50524590277365
-56.2760067072293,-38.244606028056744,-480.0391928459417
-58.99133194609387,-37.850498194617074,-232.2703917136418
-57.87733834337351,-36.51128789682388,-181.98240087811013
-56.846567534259165,-35.020734341564804,-281.6703593489508
-59.509759391416345,-37.488818807563604,-485.3897237324193
-58.52552896227915,-35.60694650674652,-52.45579318696596
-56.70608686720917,-37.08349519883008,-426.407393921872
-56.87147929231849,-38.02739383080678,-337.7585151293857
-56.74700600668433,-36.808940628062494,-246.8188968863814
-55.10365504848256,-35.0873222174877,-376.7841439840254
-57.14634903543559,-36.30882403860454,-263.5261922753141
-58.34432243907412,-38.317756949153235,-231.85515049570932
-58.453113083026906,-36.874952253640714,-133.925668705528
-59.31269764270016,-39.824558329626484,-249.71714940676713
-56.569248686346874,-35.88535977557066,-293.6088548536391
-57.432353934244894,-37.05730663090559,-360.581074078773
-57.7927607518966,-36.77271346553961,-229.16286890862506
-56.7327203439975,-35.24795930185528,-411.76290015905823
-56.5602461081052,-38.39659084912977,-242.50517717212728
-59.5006740604224,-38.17858124529746,-218.58830769935742
-57.741102332448804,-39.86023419187336,-124.12842605882827
-56.18581029980761,-38.37466904055968,-169.03013845408066
-57.833955590326,-35.40801832656665,-332.2208612781364
-56.03250957958584,-37.50069730382474,-417.71353097824397
-56.40658127418615,-35.155618027526984,-96.49741165516993
-57.84044387781933,-39.88375281807064,-485.1402851253823
-56.12890980635528,-36.28101286344524,-113.53482827365072
-58.73613274596951,-36.95000893933284,-173.83078317239494
-56.11428496779422,-36.90393317349607,-169.7434646565687
-56.73929915892285,-36.816243882450465,-364.2798468355215
-58.937384046385894,-38.216652650403205,-438.028704140143
-56.33440286298987,-39.15081146129217,-162.48474379489537
-56.91228553289399,-37.780609413628156,-244.55388455724156
-57.431198672629705,-36.90772345965369,-78.05478714161165
-55.80484204307691,-38.55289249511529,-262.74875629637336
-56.858366035357456,-36.84275100341858,-277.2330914870409
-57.875652700392266,-37.0488221610131,-260.2531456611201
-55.3049790347411,-39.34343399163405,-323.8384820174112
-56.264489050568535,-36.32562082750659,-229.225499755854
-56.15028932845564,-36.22710427376764,-432.04686419935746
-55.18250091179895,-39.6450869852335,-209.9004767493615
-57.95019295506465,-38.95422830025022,-250.7139773912282
-56.610976095388196,-37.332493176986354,-211.65898988983955
-57.52009259767996,-36.983078313722196,-113.5368124187465
-58.512814163708356,-36.42623286419677,-141.51090224157434
-57.92504047963871,-37.954116373533736,-77.72069379701334
-57.19337187067649,-36.138692466629394,-170.59665003967015
-59.82548222822782,-35.620395996023944,-65.19426708679168
-55.69264505624879,-35.58227174078412,-281.45453681705493
-57.20468628227448,-38.6816845490443,-386.1245231424594
-56.295029373390264,-35.79543290942014,-365.72554133865765
-56.15687444721414,-37.853012691430116,-365.6968286952958
-55.247356784789524,-37.308164668671076,-237.666904863552
-55.337697494740326,-36.19171392329885,-419.5938764673697
-58.08065724266079,-37.86598094042401,-201.26569182141785
-59.85253245333635,-36.822088032921044,-184.8640613670915
-59.6558276042036,-37.182256465880926,-415.23122543408095
-59.2366501125926,-36.45089667058116,-113.08178286458127
-55.98986915577163,-37.234054338613106,-496.34121086028534
-55.55877387950838,-38.54360193448831,-287.8400846084657
-56.657341786104425,-39.94760057944428,-406.35583308214353
-59.57718183406451,-39.42606676600954,-68.31755406095509
-56.48752628260321,-38.381859127396645,-108.41303481273617
-58.61619561303739,-38.412059830382454,-274.65091765918646
-58.63274833292469,-35.420247553452576,-49.259256122196845
-59.54104568790951,-37.798836465478026,-152.9762946011744
-59.16459339830202,-37.68981063969441,-268.49241658403486
-58.48462670487074,-38.51670138703483,-181.9946488610141
-55.56688463282911,-39.19973840623703,-313.05340919025747
-56.1936897642495,-39.87433822637298,-501.96837622824523
-59.16616904092152,-38.445019718234676,-301.9925438048261
-58.5020599113294,-37.660609112804906,-436.6254489632021
-55.33774804221669,-35.94413700666863,-59.92394590390063
-56.02791633269898,-37.42251957731449,-71.06074815676004
-55.12299202387458,-36.92963280105041,-103.64580218169576
-57.57232996564583,-36.19278164983854,-489.02847200022967
-55.324945509203154,-37.59997454402022,-232.34468315354397
-57.517261875228414,-35.8306975955089,-489.1826074709667
-58.05389261434211,-35.51243411761144,-271.6184419584562
-59.928763654961024,-35.13853812735606,-431.5020563701655
-59.61193892812779,-36.045583064789916,-427.5116182190324
-55.85636668347757,-35.73967425968531,-147.88020724088855
-58.76471106393498,-38.65613219626624,-250.9107790969633
-56.707525226075575,-38.12994974317218,-82.01521568543913
-58.91557563995181,-38.60837548026175,-378.4089138454788
-55.06577495770944,-36.43942688250821,-459.4541409802169
-55.58501653311708,-37.5707036890949,-320.53756453358403
-58.94048303590874,-35.384586504487714,-175.22116189031402
-55.217231496288036,-37.75450425187039,-268.06896772098395
-56.60487803321146,-36.85692126211914,-92.46033471466971
-56.98376177133539,-37.74572355990103,-284.95110868997136
-57.93652831685414,-35.51021573761026,-396.0315127230514
-58.21196001402157,-39.42825278090529,-140.55411821578437
-58.349557223362304,-35.92328215049369,-421.902512038323
-59.33629928930725,-36.5880524325143,-467.5087275171114
-59.18101376999118,-36.01113495463244,-77.12785608175761
-55.124134369683546,-36.32387982210206,-323.625652255547
-55.79104907685792,-38.12181458818202,-228.29131783488245
-57.77385787436901,-38.84748442215931,-86.25656803266111
-57.13578062131977,-38.55956324608996,-322.3187228232861
-55.422163864168674,-38.31196412515264,-80.05267445140508
-57.661748175262915,-39.95896655135266,-358.0149685144714
-57.28587907009793,-35.430000106298635,-451.58798073903114
-57.340135552232056,-39.23470267673087,-273.0621669841377
-59.99001972621863,-36.140635218713555,-87.19105654474538
-57.07971206252678,-38.77810595200568,-295.96885308183084
-57.75988302503211,-35.483750110200944,-383.01681984775735
-55.80650704152494,-36.546560883908974,-320.1222473265578
-56.545612214887846,-36.8647838725236,-335.0071406753405
-58.5682350676179,-36.617998252982666,-361.7453674586953
-55.47454452618159,-36.3209553095805,-266.32453907609516
-55.523983308617524,-37.65231725758242,-408.580782378694
-56.64798033796787,-37.86869285622662,-79.50636765997606
-55.642904141304335,-37.504250956860524,-474.5893422123337
-57.47305175259207,-36.87612060947362,-211.99035674222426
-55.183518562514394,-35.528368059863865,-361.48560142640804
-59.87763656391026,-38.49480176433758,-272.72054870794227
-55.190691839564835,-39.98142147877606,-359.4112800687566
-55.834384853122955,-35.144795304617176,-346.2541365132438
-56.64194295120443,-37.758384759052795,-260.4128442260173
-59.727001173069326,-35.11462251149168,-210.42574251150143
-55.77975792742181,-39.2431118667013,-467.97907381168056
-58.81805150301652,-36.09529373738884,-330.95565578552856
-59.75587713098956,-37.54295309163803,-410.4931222436481
-58.00209390092356,-37.09244002214362,-380.72371580467865
-56.00273868808181,-35.67942124098491,-452.02868601686396
-58.251038345384444,-35.5572709290045,-58.35102824375241
-55.807461617102284,-35.87062516789332,-107.34467858584051
-59.85782141446236,-37.86941048166739,-496.219219280339
-56.718799248943725,-36.27218985180009,-184.8058323027086
-58.2008176650137,-38.59266102200029,-391.78763175126784
-57.94888913862261,-36.28510730803472,-402.16648263890914
-56.99406302135958,-35.65825889239742,-197.71652414523692
-58.884960166659745,-36.80889525002668,-467.09954233988447
-56.31851173815412,-35.99180075087401,-294.37231684230596
-59.813198480701445,-36.66265799610276,-487.0310149182722
-59.23575843640516,-36.942931738653314,-182.04455612357052
-58.24264028519348,-38.45053004406007,-282.6905935178616
-58.095939390517,-35.03656223797665,-457.7684044098787
-59.34146509431923,-37.411192848862164,-355.27167904399147
-57.81194076904768,-35.31978682426297,-151.5426004123395
-55.37489382848625,-37.808716043997066,-160.18589817037918
-59.96080808358881,-35.217722924041205,-302.5956615318676
-59.41658775403207,-39.61856764892968,-116.63457879729951
-56.20165517014742,-37.904775277112705,-449.7707798833682
-58.54868802703677,-36.95483738000855,-381.08228581667225
-57.333403809081524,-39.01842402836471,-292.6025464442277
-59.53518997186737,-36.324476238595715,-224.44860872423072
-57.282976485228765,-38.63704104939772,-178.10072201911186
-58.17808980075405,-36.529120783850644,-376.37924162732986
-58.14691507222475,-35.25114229062734,-45.04824193526455
-58.85215671664405,-39.259587176984915,-157.87774998133384
-55.54830327770628,-37.86680747492714,-351.09321724980225
-56.55764880660795,-38.466007474909134,-289.60286925549303
-57.010710002798774,-38.8500154268002,-434.0077203561599
-55.60074598257522,-37.81563655664252,-257.6423110689001
-56.28800975428944,-39.97241664838689,-114.58515403504667
-58.960485454973266,-35.35450112745889,-69.91314368349963
-55.664888484346285,-35.68145092212443,-201.71229798417752
-55.86499835070577,-35.7628029829065,-358.8485257296666
-59.07387129429006,-39.814326633411625,-144.53570979731498
-57.70464298012789,-36.20088356810179,-388.6355194966612
-56.85059563587859,-38.510137613754615,-374.544263325453
-58.269965489765006,-36.96797409958986,-387.64476119924024
-58.68878681835981,-38.37488640648622,-67.68914180242541
-55.528014002749536,-35.241791226915396,-277.4648327555362
-56.46278673350261,-39.5965163778241,-401.8248402006863
-59.04393398829108,-38.81979352974628,-341.5372518688662
-59.1774435774079,-36.92785154533653,-100.26491704213356
-57.53657451225986,-38.34705622198969,-123.44485414907759
-56.50302665082147,-37.649509174484265,-144.07882624473382
-55.24041858897363,-35.80680969992228,-313.6662434669041
-55.617706366208324,-37.001699738529275,-157.8524653174514
-57.365089176277095,-38.214721259742156,-260.16571361497296
-56.3422938245424,-38.96674728064554,-486.99178873174685
-56.4720339520131,-38.96013151258536,-475.69636785260207
-56.04617742807085,-35.93433284578894,-309.072299894523
-55.55764898109051,-35.725949873670785,-253.77445764555372
-58.68876661939256,-39.827995121290506,-278.4962472144732
-55.07203930665646,-37.20928481253032,-327.4837090025876
-59.0714335822942,-35.97272392794978,-401.20541650219377
-57.06232382097046,-35.522399049316775,-192.92833453962038
-58.91404568459982,-39.581930909821196,-133.523125725308
-57.61014433122843,-36.49791130333568,-424.96690945940486
-58.76144197577806,-35.1617646502195,-436.91937391969105
-58.22734939451593,-35.698532845145046,-202.70717555465544
-56.398489745043726,-38.87494937850905,-166.27007439046247
-55.042080366292126,-35.769163749570446,-305.0040617168926
-58.589097031426235,-37.897906950687045,-159.5263506621554
-55.7162670335406,-35.67500102887991,-285.34645950827695
-57.453019830262704,-37.764073622804226,-327.43878454824596
-58.49730472135379,-38.15958844556664,-54.55367643018311
-59.6910643636242,-37.99248263924089,-399.55540534632604
-57.447356696435364,-36.13000266924757,-462.38710830149745
-59.4128240563515,-39.43898758674571,-447.33779868180505
-56.296747012406136,-36.36540403203554,-163.6477351916036
-56.017579408945345,-39.83757217561986,-97.71116893962257
-58.39889884815254,-38.70522584953634,-304.00697710848635
-55.98756801454227,-39.35382123314193,-361.651722658475
-55.0139384179925,-36.257507303559485,-446.1739633892963
-56.26523392414358,-38.94558220799631,-460.86244250558144
-55.544333196536854,-36.85605889318557,-97.39962641929966
-58.901273283244976,-39.9286907704481,-196.26500499560115
-55.98969180691989,-35.02729327996245,-288.53405920602177
-59.409544091238864,-38.243486511944425,-131.25379350193109
-55.527047245458455,-37.40390920495104,-458.4210177604415
-57.178368322076906,-36.110755451924575,-202.49455665482955
-55.08829057004456,-38.75710740670734,-394.98197011642225
-59.64159852793242,-38.10489881873854,-359.82967403827416
-58.294568359673455,-38.426841945466826,-209.01761942807346
-55.464962519966654,-36.93252524777286,-418.4654385691691
-56.138560000543684,-36.04917223546802,-432.92112425882686
-58.02818509397326,-39.33722982274627,-400.80688172530466
-58.97078553997141,-36.75824361531701,-421.13273975015136
-57.221329856364775,-38.11040391132733,-308.3258920955959
-55.88221660284052,-36.84668154940926,-164.02792785026836
-59.97912806385107,-36.87327066444759,-347.77701441610867
-56.08919121551698,-35.06872277360737,-503.3943745064704
-57.42298804743339,-37.375503005338494,-412.5531451101896
-59.78235124653333,-38.777911892682184,-157.0580889968314
-58.33494349061107,-38.25170347481982,-261.10860338411504
-58.620005695387675,-35.991512542622296,-471.9078399298364
-55.09753065966901,-38.102960152471205,-100.68181069500473
-59.38423468709783,-39.07059699643124,-275.2524615526814
-59.99259654507022,-36.350410856363794,-152.10072838835183
-55.74607368829507,-38.92983058528261,-258.7839354890603
-59.36325606748779,-36.60860237117375,-398.2198344449866
-57.219383006875475,-39.25152557173938,-215.3934368205271
-56.46109843222848,-35.588426449802256,-357.30580324998755
-56.888818956913354,-38.17181952810571,-320.6763563395733
-56.90049608065662,-36.284232895361384,-367.2418264854489
-58.7264666529609,-37.89819864591764,-274.46565926174907
-56.848780252637624,-37.33042905639337,-360.6917321633857
-59.37197532353282,-39.645138442574876,-285.86788242409807
-58.028233538548335,-35.44065141665894,-244.60390529688496
-56.91073597022366,-36.60696434009654,-69.22978143583211
-56.466980733883105,-36.9708654598614,-107.4252020933017
-57.67382648758902,-38.78100355678733,-119.48310916344786
-56.42093721229862,-38.82579277722948,-104.67174150310035
-57.341342998586455,-35.31353926848139,-128.94697315496933
-55.61386529253761,-39.333560988855055,-419.58918454799635
-55.68795178851343,-38.83032556998119,-295.3169627320922
-59.06629526267667,-39.046208296465494,-169.70894122883485
-56.80665725056456,-35.922197214501494,-130.3124854665581
-58.14060641696316,-37.94906673186924,-303.0874552893449
-55.3409902200527,-35.430081824109074,-242.16896001013876
-57.718904815253424,-38.48491170777563,-100.45851710390217
-59.165477267978964,-38.538180461359005,-442.65118840830434
-58.99098364840285,-38.404529200644134,-247.29124445578188
-59.54321104655222,-35.84960161505598,-171.73708429357325
-58.477617190347054,-39.27762093008926,-112.92474050259769
-56.48535777893071,-38.20614264567908,-333.86533473208596
-56.54374642438506,-39.54014407023784,-270.0151543739706
-59.53441101411648,-36.19272096173481,-495.6593753910792
-56.39634183791122,-37.483071230330715,-99.15568579124688
-59.337520959652515,-38.01404363261447,-52.533091568843645
-58.307847089606945,-39.03374490288596,-456.22215342548014
-58.10658835682037,-37.467166422553724,-256.4805097289133
-58.56408649867279,-35.895352014578734,-411.5303296349227
-58.30442257320592,-37.865182326526906,-87.89112026641108
-57.99242944228308,-38.2016546134645,-233.89728608522375
-57.16318041219842,-38.57273145876561,-471.4748107287467
-55.0503424470832,-39.973579850049774,-340.7885834426032
-59.3789217551112,-38.443051715339315,-309.8942804739397
-55.91220190671536,-37.394666228589465,-332.3053888893324
-56.762751247548984,-35.87151422190946,-244.84205173055352
-55.31856902852266,-35.624811608030925,-460.70459835972514
-59.7573545432557,-38.791281119725866,-180.77940575495646
-56.96081571770672,-38.766698126362925,-208.28128676953378
-58.55826312945356,-35.09916093891926,-62.64582046042791
-55.20740053932094,-35.6326657781864,-98.9567258320324
-56.95578358871917,-38.63170718531896,-213.0907474638812
-57.85951926089045,-38.02538620017755,-211.02817514146798
-58.04591836787227,-39.94146696393649,-183.1967419264758
-59.56212192597571,-37.60103936083341,-109.71486536642786
-57.26210098849195,-37.210077750522615,-367.5211537001507
-59.58932551997634,-35.734548082940876,-200.45461337021135
-55.3913657686018,-38.2167306808755,-165.65514321710035
-58.66987390331625,-38.09975177509715,-396.3583992446356
-55.03145167040289,-37.68375429930486,-473.5961075329318
-55.97775201077291,-35.11735588162033,-77.20686930887234
-58.466656617545496,-37.569175913987436,-269.8248389953128
-56.459710600464,-35.96074536514009,-178.8495147692914
-58.845586856437265,-37.82037578016918,-60.16473989146586
-55.84007951463079,-36.43359143814319,-310.821553993341
-58.873721929590616,-37.921258490770875,-341.6828069135878
-56.276369732318706,-35.67281635593247,-451.87712683172884
-55.63446325364848,-36.852606091028505,-435.60983118770366
-56.66666676789261,-39.77156495837175,-204.45743090270923
-56.41432909317304,-35.93868815897915,-275.81133078488097
-55.53762864155338,-37.49093452630731,-139.40020191625834
-57.45438388171518,-38.69020387236983,-313.8750274215265
-56.260636348037366,-39.179311954399004,-345.0397148353152
-56.52124810473127,-38.19942735100764,-445.01629201571507
-55.95176603508419,-36.34021996216445,-268.8554361377334
-55.67435769872611,-37.532643128774346,-225.40573403156134
-55.03572281702055,-38.590990091654284,-435.697348750207
-57.883869319495496,-38.94050747417022,-409.10323013447623
-57.59773231127029,-36.87403214104078,-149.99251115197623
-57.56689731622153,-35.1288209018892,-434.603104758324
-59.68875717806562,-39.36453404662178,-123.79109781507877
-56.94792205451832,-35.6963662573314,-376.61255172540723
-57.43034970189998,-36.18817314593881,-103.20013300017891
-56.957153673443266,-35.03431637233334,-347.17311642002636
-55.14516553949014,-36.553325307986334,-501.24494709485754
-55.15644002022836,-37.44567418964581,-121.0325314504433
-55.630699618788626,-35.96993325148449,-183.4273800782188
-56.924708267767485,-38.297070629932676,-388.8567799027997
-55.57130691619684,-38.18735561983803,-369.74773521083677
-55.43840152111929,-36.3590561765454,-252.6298188449617
-55.0915249791469,-38.18273448983922,-373.60371632831425
-55.02863743099272,-37.46751718585956,-418.9304785947574
-56.09672185428904,-35.80482128908134,-483.504115000694
-58.78318031182755,-36.459222355353326,-318.43823906477826
-57.65887908266315,-35.48735196229492,-444.903495721145
-55.6440306957535,-37.74015278766645,-326.5747561307224
-59.04724884139314,-36.18544488439317,-136.92847342341
-59.15183037212855,-36.78652513520266,-234.7476744970457
-58.980787367523504,-38.59176296127095,-288.01456586552257
-58.497963300897545,-37.53734763866407,-91.29455008340133
-57.60340057799235,-35.32417174061216,-270.3073750701824
-57.93041411269627,-36.68593605247389,-131.5474302934412
-55.15764765849876,-38.11472823102058,-354.89565837653726
-55.911494512726044,-37.076709271787806,-157.4064047792594
-58.32290428812073,-38.83727896166175,-281.8207804169183
-57.07059797351911,-35.86640144797128,-175.42147476782077
-59.99185052064299,-36.72001613304016,-145.0412918919115
-58.8390810678125,-36.283602722324815,-48.02604634380822
-57.458963698861695,-36.72864226363352,-279.86907474124314
-56.7431319110447,-37.90186361835745,-331.44447837343574
-55.897150565486484,-38.862617043680544,-330.22812247014343
-59.570019502708384,-36.508827213349115,-136.44782475538824
-59.44572837657878,-36.10227557874704,-56.98310098462994
-59.292266125009284,-36.37362022766751,-68.22959520067181
-57.819886583913735,-36.90952392418423,-428.74339408271663
-59.671799923139645,-37.82743130503322,-253.13601283760656
-55.00246346259812,-35.982351684668004,-492.12800939834165
-59.283338338738844,-38.211785287074555,-446.75764728885434
-59.64252709247365,-37.97551067654775,-355.44198219900113
-58.01331366329565,-36.685786162460296,-248.66345453998926
-55.79923677964359,-36.490947946941475,-127.90903715451425
-57.66167612753241,-37.56811487043926,-220.61583587827332
-58.813880021458665,-35.92371264117402,-187.80373050490005
-57.55840811559049,-36.82861869975278,-217.28058241186213
-57.14416013490427,-38.78354063322169,-382.79219735739537
-57.071407038461814,-37.86734348586387,-267.8175579813368
-56.21100499748953,-36.87933458937443,-344.4055337197124
-57.51224808330688,-35.471961281290724,-387.3597542314323
-57.12789620225634,-38.51095314072178,-274.30176431134134
-57.85070456821912,-36.75183440878454,-91.69532688526449
-59.31079463967997,-37.01416920708472,-420.302833229385
-57.13613095633317,-37.64366416453169,-222.39852904551606
-59.03003782114547,-35.636510442744914,-158.91212348625422
-59.97639859292144,-38.668216294164345,-396.1615761213635
-57.000781214234095,-36.40836871360873,-241.43805537886627
-58.86302600800047,-38.53194579763733,-130.77497361801613
-59.95716316729193,-38.10966012167938,-375.14497409107395
-59.645191441111926,-39.880011866157595,-450.78027914762026
-55.74131302794052,-35.34618130699651,-483.71256042357294
-55.60143587089452,-39.35473689272173,-289.6350904691888
-58.939161556782885,-36.328745686703776,-220.11634200710913
-59.35231768289559,-35.65084114292605,-175.54790386453485
-56.21944105241385,-36.97617765476904,-166.67483573290158
-59.748155672847496,-37.390529568596804,-279.22543395733055
-57.92619880013834,-36.70135198615639,-372.41693654990246
-58.79010005860423,-35.16309391103166,-191.359530646725
-57.19130316102761,-37.95624006275277,-390.85664306728086
-58.61312992574223,-37.131887158922936,-266.5657281335919
-55.92277567993078,-38.98559142367296,-173.37865685213373
-55.29588389345677,-39.08114773352962,-493.2398820148654
-58.94107950253609,-35.514928111605215,-478.35480205613004
-57.494931004190384,-35.1533553280389,-137.33617499985564
-57.57662295739071,-38.36210292213665,-172.599054150536
-58.699496316164165,-35.359382411199604,-72.26798741914953
-59.09972340333739,-38.1754082901184,-378.0341420214443
-58.05526696841278,-35.70863517583578,-105.86363013137262
-59.52989453948456,-37.694777368382695,-215.00533896407694
-55.056048930237495,-38.382028454040224,-354.7317368119302
-57.35384649055414,-35.1238332458713,-176.01705551755856
-58.80455048711294,-37.246928527318865,-125.85815802749711
-55.42922394822364,-35.03496073189872,-421.5853829585272
-57.25165850843537,-36.379894771473,-74.29696921340135
-55.47527669968968,-37.299345437742275,-80.75247232808206
-59.43035441655411,-36.84095612927016,-266.20507807066065
-55.64468906232654,-39.35696067845582,-115.95233295853409
-59.71791033007367,-39.12729442948654,-122.18617165998938
-58.27768259402434,-39.57747133209462,-310.35044578847334
-55.38963840577472,-38.061505942321666,-344.33511707155526
-57.50903879651595,-38.06999737930933,-339.55660095494363
-55.30575495612549,-38.39920503206997,-210.6975238115502
-56.922355571579814,-38.673332786641616,-487.6152896536353
-56.264627297353044,-39.925000293683986,-314.7770716695887
-59.53400318053015,-36.6456096049907,-432.27917669751866
-57.51131465270878,-39.42232599565584,-110.97604381537249
-57.475593001709356,-39.865080406729646,-366.54873296726583
-56.26518368924042,-39.713398877959925,-71.36161361626378
-58.20693158437576,-39.54164407987887,-331.0205172992386
-57.142928091917575,-37.06540570352501,-217.74287773673663
-55.87439912725169,-38.64490572964382,-434.2560502019812
-59.46258043099514,-37.11146970165989,-212.530281420149
-58.64042126090579,-35.01320034492835,-364.90790756937645
-58.57522587135497,-37.03189053633326,-319.0620694307406
-59.72177388568481,-39.97047951650432,-321.72272770400355
-55.58588400654241,-39.686588202346734,-241.8550543431951
-57.587714432483374,-39.22465807142179,-295.23261431028783
-58.75697828271595,-35.49434704882008,-51.24596533008592
-57.451010914046755,-36.50179762356718,-106.3844064759469
-56.283426449343374,-39.48588111251987,-89.64593038743186
-59.507512586731636,-38.48289506227514,-195.0699048828482
-58.78952868587272,-35.50040976349581,-381.70482818433754
-58.350939059549766,-38.61191725389084,-140.55037626521067
-55.06079928435495,-39.828837150487495,-277.76818861270345
-56.04811410535028,-36.56596468511045,-325.11551632261876
-57.71659538387996,-37.76742699468488,-50.58659099010451
-58.09379206817392,-39.855615155552705,-156.43001519280256
-58.79259988368537,-38.45690806233436,-347.6318471375152
-56.07371005572644,-38.95475860336287,-399.1000265806933
-58.52576440938146,-37.06162614138225,-367.72338645196413
-58.46571337112051,-36.97678356542239,-151.92548928272402
-58.654921913532604,-39.315481605140405,-128.8273509876313
-58.84123382079618,-39.5319580092852,-476.8769239797446
-58.44242663968117,-35.426291453002975,-89.97850985989986
-57.47017181537099,-37.50458814301013,-386.309821164157
-55.66742749129269,-35.23099938053032,-489.0607957828335
-59.44475046310622,-35.471338964834594,-53.95104170811723
-57.890207917918744,-36.850396462412235,-488.76710796915245
-58.03561009368738,-36.339413007016645,-55.15731015412659
-59.45027249990897,-38.11527289116707,-375.21263763352414
-58.67968375186738,-38.54034269120015,-309.2327570064353
-59.127117545862724,-38.30966338344839,-54.43867749544408
-57.658988181519256,-37.33886731302002,-268.01294643732086
-57.396674263859886,-37.41377064094028,-374.11748112825296
-56.9595075582434,-37.89687321118786,-204.8798598579428
-56.701402285834966,-37.49745372583203,-470.366287101031
-58.9125455535907,-35.909271453673085,-197.87367976150415
-57.907911686224736,-37.839803407825435,-292.16643762732957
-59.31061877592669,-37.244579427788764,-415.2771604905618
-55.20182969005779,-35.723734828512356,-422.58497135699344
-59.93085298103555,-38.94166868810014,-388.1254132041396
-56.19296298677893,-36.746022048290605,-444.17864589205664
-59.112263767742874,-37.54501292946814,-161.96198310358773
-55.60574041733251,-38.40046783310326,-419.8525439065893
-55.98666820891128,-36.01653207228859,-323.24652895018204
-59.24938316633487,-36.237580225567356,-135.51693895857804
-57.67169056949497,-35.023164196744204,-130.03445933718336
-58.55491539940697,-38.068884604043106,-378.48937551004894
-55.10511630061207,-38.49783182667383,-382.24585755209273
-59.6498113261659,-39.9470312574839,-130.0020243215439
-56.092164890936964,-38.07993459909389,-134.91862619103617
-57.317130968717926,-35.99884616375991,-467.56384025677255
-58.172965284534506,-35.6741996623866,-260.5991531549163
-56.013964518671216,-37.051542664919126,-61.09833058063769
-57.85113014246466,-36.735385416485535,-373.8496359759348
-56.529547617341265,-38.78666742797962,-389.10894246370884
-59.32919642672065,-35.00282267932388,-321.1424134139952
-58.41985427104494,-39.11662099370558,-299.02175026489806
-59.66014233201569,-38.19479397204538,-59.233517634235554
-56.041407365408396,-39.034242505341986,-185.05363963111472
-58.57031883984386,-38.52570969018139,-46.514071878395285
-58.707036537417295,-39.66888767007086,-466.32632094981903
-58.70749229930705,-39.13586692830283,-122.1583247811037
-57.531270079891584,-35.03277800627197,-64.63734363698896
-58.08003954343504,-39.87553655594748,-453.0316943732882
-59.64976910235262,-35.44631382391417,-432.34100174676803
-57.839539246104415,-35.436875339631484,-176.5218478214327
-59.760499879436814,-39.117887588495314,-132.68951142666413
-56.824758762278606,-36.36613047083386,-425.3856307091875
-56.04434365805116,-36.63557809264664,-440.62552537038573
-57.088318114329276,-36.18649200166297,-433.31752625117156
-58.83982920520201,-35.640655544949354,-454.2626258587785
-57.723656581932325,-35.33461757527324,-68.55901644667068
-56.98991850820236,-38.84332750433232,-116.21095763242339
-56.94637790384124,-39.87787009568358,-46.69980628805846
-59.52931121567071,-38.09485213455866,-124.8244767663049
-56.829111128948526,-38.930706818722506,-185.58582991278448
-55.44751370333461,-39.61174600426522,-125.55859209500503
-57.81345261863204,-38.589900561088974,-62.539124915992375
-58.86487954430299,-37.38331179333901,-360.54059688185896
-55.77990084893803,-37.5064776159404,-167.5684630025643
-59.76973182427287,-38.0268442521057,-234.20217911877216
-59.015874051530204,-37.38355685564551,-100.8690751603205
-57.974042335136296,-37.514984887329796,-312.88605594851174
-56.07196865303933,-35.01908659411629,-284.42842977069046
-59.95119100569024,-35.69938321547743,-487.81509553453367
-56.740923503764236,-37.613782927017255,-484.6149507781106
-59.985946525106336,-38.606627372919334,-347.4488680535442
-57.23232320829947,-37.0612253051475,-422.4457074559532
-57.65916504484135,-38.462670700746344,-314.46932141432256
-55.61570174322374,-35.855705976415265,-180.20733700623373
-59.61153658076235,-36.87759190001914,-472.5616454031441
-57.44512013436357,-38.40552733526552,-430.25527087125863
-56.631172400179395,-37.63877907894726,-162.77923495922147
-57.04419272482623,-35.81205851673907,-344.0587600719055
-58.99643837990099,-36.55528650058888,-194.82983989160908
-57.57963313727595,-39.996808810489355,-460.37670042847833
-56.514105006938095,-36.607876548379714,-388.17019247940345
-57.95621844390933,-38.261658438313255,-43.677081589088
-56.82903205224108,-36.710391660575496,-439.62353179214006
-57.95240730666957,-36.60733357089813,-340.7167167569006
-59.71240373274198,-39.29268895599408,-98.32798058982492
-55.19486729593197,-36.59827432488788,-441.2096637874914
-58.518159167292175,-35.197287328938366,-112.65672412183976
-56.65176818171107,-39.190584749059035,-399.04847532186153
-55.139341740584086,-39.57269811936733,-399.8327165192825
-58.53990952239648,-37.43696153952441,-421.0662248688432
-55.03461996427675,-39.70714032545862,-231.5844492148597
-58.20471363928859,-39.857580669414524,-403.16709973531084
-55.27736986963235,-37.709279605700985,-345.76789850595105
-57.30070301054438,-36.59908430271142,-90.08720269708749
-56.51716344866366,-36.91751612519738,-243.42279059884703
-57.055183739024706,-37.10954279498392,-68.78106744582472
-58.34953656336377,-39.11377958537894,-122.13319021824765
-56.783493218901974,-37.479529425447694,-172.97815544480673
-58.37217912599816,-39.736312640582405,-401.2513043522726
-57.046351733308114,-38.63921537432017,-151.28535579899463
-59.87594003118005,-36.209217382743304,-199.63172936460626
-59.899319477693204,-35.513910275814524,-92.05625154015897
-59.7007013861545,-39.98138073153551,-291.93731371047505
-55.4009526350926,-35.50818534981883,-370.3651217081014
-56.59427663291563,-36.82671725367969,-423.81370943300243
-57.56656816268008,-39.39334014547771,-139.7356899476749
-56.827031475587475,-38.52574846923232,-133.44548673834976
-56.73771306297919,-36.92532799694445,-448.73591304922604
-57.5242283691663,-37.473804856728165,-214.63923198085106
-56.545148522297595,-39.33212048644147,-272.6807970234939
-59.71923891046944,-37.85214343114774,-211.67795448494033
-57.11244346962376,-39.471867219499806,-286.1044941848303
-55.26712961551484,-35.71422652412257,-232.1474221598654
-58.4610607442543,-39.65804939743505,-396.9118899830618
-57.63590933961698,-35.330932975033605,-237.4052414232637
-58.56625101565924,-39.626044973190915,-486.32683895867945
-58.199117304136315,-37.02410524260068,-88.74118089944439
-55.460425189532856,-38.42628628387734,-275.19922197152056
-59.344429301489335,-35.74426873051706,-308.70459465647207
-56.21229421961905,-37.85835310644014,-445.7568722274438
-55.493106382732606,-35.48580643412073,-110.55538268004517
-57.69325058351941,-39.026799564069265,-374.7951979647453
-59.20157967446878,-36.80254455155064,-377.1070593366079
-57.99260080991647,-35.577123830325114,-339.9193648721655
-59.23809255464221,-35.233237713675436,-380.28693373410897
-57.88459520993125,-36.28399942116994,-412.910657423157
-55.477792697446034,-36.81569897331739,-81.69337768018647
-59.50980931413698,-36.84347887850246,-218.1495395364745
-57.28515117809199,-37.88155682577789,-114.1193061328793
-55.444878051214346,-37.93441569110021,-395.7959711078947
-58.90884332416376,-35.86380894199657,-214.551789171464
-56.70382670519493,-38.44792910656831,-411.66937548317935
-57.89991426747784,-36.732169928256205,-405.79143517065967
-57.10996910124643,-38.04116797798439,-97.36676684144777
-55.62141014535858,-38.81621234148023,-276.7233534710106
-58.92633423897587,-36.3886143996754,-248.1203311341582
-59.28235161590649,-35.36501662702413,-216.5024745735873
-56.85351702711884,-35.64496253524521,-382.46183174780265
-57.224976873014114,-39.234567422751226,-65.07375174378576
-59.694579285821156,-39.183368490176505,-224.09404976342103
-55.606494647115035,-38.121535867863315,-430.0161887194986
-58.30101300888229,-35.17600973819792,-201.94651099135973
-58.803434818264606,-37.533696289704196,-368.70048034331654
-59.92486198131839,-39.64649223307753,-364.37814626957555
-59.43773892796908,-39.12677068025606,-313.54780755013405
-55.762485800050456,-38.81220607200941,-356.2202195835577
-55.519922439759696,-36.01592342702949,-86.33615611837658
-57.71543004974111,-35.93117911381799,-74.29226368030713
-57.98361084853953,-39.8315906253851,-394.86763483347573
-58.16693442780288,-37.23847406997409,-230.06811487049387
-58.82545567474304,-39.65718927530687,-181.9920709076219
-59.0996852762819,-38.63677313774954,-335.8533391687753
-58.83323222378846,-38.07874947257214,-87.95705650951498
-56.53976962875473,-38.13143692558761,-336.0002392535106
-59.6614262769414,-36.73212697092449,-494.13242216899965
-57.45126329758302,-36.93101050472359,-363.4898951337826
-57.26629328776101,-37.84629828965901,-89.166012599664
-56.987598416278416,-36.06639133011562,-55.546766607183734
-56.00719786777207,-37.92792326639066,-299.53821342878916
-59.191243556105725,-39.11258268594781,-393.52068664811645
-55.26181077262861,-36.99956298145766,-138.33777484963824
-59.635104779119665,-36.62664212963537,-281.84150218284304
-58.30519881135539,-35.932753131168106,-483.52424402435645
-58.38379627043133,-38.914432473957646,-312.4394216791379
-55.58968991245703,-35.52848650572805,-112.86729537028916
-58.138472811227075,-39.01472290689658,-92.82729879600748
-55.49271193200532,-36.09783184145173,-438.9822248649302
-56.85100428455061,-39.148388813743864,-179.39712028646352
-56.741864771638184,-35.745511103526376,-301.3099422861096
-57.79644133350695,-39.808281539047755,-280.59801456882025
-57.31974292657914,-38.1776640303786,-131.00565360769602
-55.91783062894931,-39.20496706924089,-173.5412363344761
-55.2584379802185,-39.47634577098537,-353.027509900571
-55.91819441051339,-35.548724732299725,-353.40592002321046
-57.80902830170318,-39.87804740294804,-212.0334100302507
-56.16754905504684,-37.97581712837127,-234.58153731545883
-55.99281246659362,-36.85827563048144,-136.36329863766278
-56.58579785860654,-35.13343765451715,-93.92565710162567
-56.09877355626584,-39.8937148994846,-392.9792197793228
-58.397203510218844,-37.21850786496474,-70.81531369040174
-55.89485485500134,-37.44129522727796,-195.7073226933153
-59.92564312117644,-37.438085877230215,-439.1676147514044
-58.24967363236597,-37.086653718533434,-453.9996223300319
-55.40412258942255,-38.41855011957043,-319.69270331878056
-58.745745030372,-36.54980915156431,-246.9125151568925
-57.64556697675525,-38.54670384753948,-346.14540788454053
-56.29180898549333,-35.26043925281132,-499.30827027689037
-56.03819079827492,-38.67559492956737,-75.22081378300652
-56.85879540826689,-37.92461292058609,-390.56571869806
-58.757837995634276,-39.68446238801061,-417.450137695548
-55.372531161256624,-39.69495219866266,-169.79067610556496
-59.571620265187065,-39.38779031366922,-310.5524963699922
-57.9477823738923,-39.59577695400915,-196.60344857220994
-58.37744983788035,-37.563475723396174,-115.17166492685533
-58.24631850055717,-37.842158889319975,-345.6722896670615
-55.88942743118376,-36.28007401256281,-274.117927911253
-57.348439207800006,-35.18817840302839,-291.0373260989603
-57.996143914563746,-37.216191621510625,-327.7601456418346
-55.370738321303044,-39.06239538249621,-159.42498292495486
-57.545352520565245,-36.96202485130187,-230.50119383623914
-59.42816633283666,-38.850270328026916,-351.6357934696937
-59.960802604490034,-35.78632148915011,-289.27095564980743
-59.67160345401674,-36.98068934738583,-459.12685955639165
-55.596997683287704,-39.92600106411389,-122.71925031880406
-58.45089813229592,-38.39799540039277,-248.84079547476284
-55.64872965124115,-37.14946515320453,-101.1594740235753
-58.35685919897723,-38.60533141134634,-172.91643529813402
-59.39896355653888,-36.9749949054713,-217.71585135279892
-57.480400943777944,-36.03699320584058,-248.6607184230716
-59.537190534746536,-37.169024357316246,-239.58893137941237
-59.38742621687763,-36.8318480146063,-410.36035536460076
-59.70257750629589,-35.66085789882267,-283.332977895174
-56.17728387163192,-37.590378297796015,-503.4130097414291
-58.20344634502423,-39.63612563908551,-93.01852322091766
-55.10449423543191,-38.7608337927824,-95.67885189024842
-56.00731376935936,-38.0355517503969,-418.00747328518395
-58.25691620201683,-38.7853864228692,-272.48430646664843
-58.45753964396565,-35.92970086674011,-331.1929026906661
-55.278120876362756,-35.4353834099037,-452.70626218900895
-58.69917489369393,-38.87814056385731,-362.88910780032097
-56.963682849170866,-35.94562997738225,-137.64194962595332
-56.65439759039598,-36.12730347488028,-299.4657745890843
-58.93115014176288,-35.259334781422034,-254.010655196104
-55.54794727068126,-35.73648372288501,-436.18026770231273
-55.709894131186374,-39.80664386904977,-261.16175844382263
-55.859583479582575,-36.705925882763836,-169.68167663167543
-56.49537555581754,-39.9410061065331,-286.1582433441123
-57.38681858542152,-39.990241618721996,-263.13670058743884
-56.0406046563927,-38.085399309605236,-475.6252550340606
-57.145905684101415,-36.850666063055534,-352.6116138069426
-57.951694009582276,-37.852591727853444,-72.3616039920131
-56.37634348172901,-35.42173239920038,-293.7398942809265
-55.62321620368558,-36.88498893715614,-214.51686674647883
-57.26212492765244,-36.12552964781032,-153.73580958144274
-58.087950940418224,-37.07648526829599,-295.1484970720416
-55.15139832953493,-39.78086547016601,-470.93734470138804
-57.400983321679604,-37.45409816109217,-323.4243655604773
-59.64551381341232,-37.88724411011585,-67.09244730240096
-58.693103283596855,-35.92811708290355,-476.43501998452166
-58.59204387154711,-35.942571502090914,-376.4152208726507
-57.88208149389516,-38.07682542271522,-131.27774230067345
-59.63297283018336,-36.28975431506005,-267.56313208320125
-57.048427189741375,-38.97938339022839,-332.2440003426334
-58.91215037750341,-35.42947476896549,-169.45053136138
-56.136793320767644,-35.74899254443819,-213.9423332734881
-56.07181252681746,-37.249763949313376,-230.44434569548008
-57.51660099704074,-35.89273423318069,-48.57006561978578
-57.034915456757155,-37.08483847791045,-327.6966782608748
-57.913921927559095,-36.47150549726198,-111.32553998859946
-55.60167122142248,-38.34101599164109,-172.02407057030024
-59.112989959962654,-35.41021137639006,-135.9251451468413
-55.29545168269748,-39.56089522096459,-183.51278663468486
-56.374824593558095,-37.509148811639264,-96.99360812368194
-57.86442152150493,-35.81578226571486,-422.88710586545113
-59.725075895359865,-37.74125458243317,-242.68244064268907
-56.125350944256624,-38.77081445074627,-295.0221172001956
-55.46079787052253,-38.30815686085376,-241.22765006967245
-57.42163902024486,-38.24645547630104,-46.136968564590894
-56.182609195469276,-35.37978434681604,-450.07217184907284
-57.38451600589096,-39.25043236562673,-142.21965005623952
-58.87378047669391,-35.253009083394794,-56.99109434244712
-58.177590176786836,-35.05133676741181,-89.45266539975474
-55.07187424650957,-36.82470510451538,-294.2083617293172
-59.86767780955911,-35.60221409405259,-248.35889271187582
-59.03345605993143,-35.70432263778921,-156.65231660634248
-55.882517649523486,-36.00296194186144,-265.0885731175379
-58.84981669279309,-35.457312305597334,-128.11363647309997
-59.05125727028342,-35.8879828885225,-161.94373423849123
-59.35171842833166,-38.241706887484334,-151.3991980823981
-58.23730130222932,-36.34420785444362,-189.74551062735804
-55.77094785422409,-38.41789210071066,-273.11507419175257
-56.460158014041866,-36.403368036632756,-67.64697714440668
-58.434712162261086,-37.15869388783982,-429.92389127619526
-55.26209298161216,-37.47575746813837,-145.38766230023208
-57.353909294949894,-38.240315276614055,-42.92612290764459
-59.77126438716141,-38.616596886913,-219.49264813493255
-59.447828751429704,-35.075866979532265,-388.24365163582496
-59.725765984676045,-38.41567778410534,-441.4678377342168
-55.86618014625914,-38.079247832281446,-373.3098939147635
-59.506541590925494,-36.01829444387557,-306.34105948635175
-59.31378645683152,-38.64148904415321,-465.8941579968656
-56.54095974199118,-36.631955527803356,-488.97378713444164
-55.56665610638971,-38.710478870493944,-399.30849261029846
-59.38639299990522,-35.68225983632957,-164.3213195204877
-56.303205776642194,-35.99801369857587,-151.5022999607058
-59.410453377929876,-38.32438922051179,-340.08723479263375
-57.91125878503028,-36.382290567805384,-463.7298737046576
-55.673963875148516,-39.34195313115669,-390.70689242940693
-58.9768724059641,-38.29058494935467,-220.29159969123594
-58.785377707847935,-36.22563547476975,-368.39230833253856
-59.166961723097735,-35.577188566759844,-408.8500943066432
-59.212286833883695,-39.6478633035994,-276.16200312361184
-59.32656823419365,-36.53566370113333,-286.81417258172206
-58.966976103973295,-36.661596250958745,-132.40604085165876
-57.01862481150587,-35.718832677716186,-211.99925131265402
-59.30626557872823,-37.458850944661236,-238.5647958568209
-57.014568581746516,-39.38107564310569,-184.04180375518283
-58.04810783693349,-39.22496080268049,-271.42292380581335
-57.19078432300681,-36.19515607402206,-203.77671411291598
-55.07653187221074,-36.64950490189708,-506.0568390828513
-59.44012510046229,-36.87276718509296,-87.62993638017558
-59.964881226529954,-39.635815570977634,-347.9799774564451
-59.721281904615886,-37.81924351948444,-75.51743489688685
-58.478245898689906,-38.30418793894132,-385.43176380330635
-57.24930152565085,-35.100000785432755,-217.83733825523856
-58.87208284272445,-37.632824773331386,-419.4752095598574
-55.26011705495195,-39.7948947326299,-395.9859676887125
-57.796190355078124,-38.8645285095678,-404.33030273137126
-56.419936124319136,-38.19556786782862,-275.9907464923824
-56.456879573760524,-37.43217901879328,-483.97040233245974
-58.76823196808718,-38.482680922598504,-252.69770760268133
-58.93462233574278,-36.30681180295908,-105.54740227165273
-55.25555554646987,-36.708940365302254,-364.5616991410768
-58.84069979940828,-36.19503330845376,-113.68485792500564
-55.2408005879904,-35.46104414714753,-452.5160679306767
-57.36082530338449,-38.84005726208174,-192.64096849129174
-55.48524529669588,-36.410847255977444,-275.81450874831523
-58.602515350676526,-37.744374399799646,-477.4785316449121
-56.98077293562832,-37.33831999798037,-422.4105623609702
-57.60968454061617,-36.927573241214674,-297.6504621558643
-57.03214334264621,-39.23494281879742,-341.9440633140651
-56.18280634701623,-36.17513807179122,-57.86434493444211
-59.027676038906165,-39.16932092879807,-196.09984661584346
-55.27430460867133,-38.613608264178076,-376.5776616698715
-56.7379937048875,-35.705818801782065,-62.17171088589993
-59.47026386356454,-39.61055142081712,-261.0249158153733
-58.64865425265956,-35.903591530082494,-179.79983742427473
-55.33254402064568,-39.24015073027469,-282.0928571313729
-57.236513158506874,-39.78376358857717,-365.04469810887304
-57.02989962321844,-35.19195068136179,-359.7711367117934
-59.60730658004411,-39.981651282260806,-486.38617894424146
-57.02956513714674,-36.880719745112884,-425.63781831638994
-57.504783467543135,-39.34335751159468,-48.702635364213826
-59.78735623768892,-38.3927414233616,-293.6265266683748
-55.62995819413835,-36.75518156691491,-217.46650219614637
-57.5550689609353,-37.114887548414586,-60.527316999058456
-57.81817105914187,-38.35185313638885,-376.54736261722405
-59.532417296170806,-35.40261527347146,-304.76271942664397
-57.77205074598895,-37.75494860544097,-81.97074638540494
-57.22242710614213,-38.402426327467715,-379.2521330161438
-55.561782810495444,-37.09438370412839,-340.98343198854997
-55.48056344122225,-35.925048633815265,-502.335811966893
-59.14556899002389,-39.38525979454786,-183.37110133230303
-55.230850796998794,-38.60366743535351,-426.8385317212184
-58.935186077598225,-39.78018889686435,-46.2300344018211
-58.76179651354348,-38.60847471625142,-437.4207514858466
-59.64603435161924,-38.44264635761861,-184.80835604858513
-55.99526122366073,-39.182425619669665,-243.42706711794358
-55.30007348066938,-37.258463592693616,-501.0077414345489
-57.27904158635411,-36.21783719934767,-273.3936323543098
-59.977168198909645,-38.22317274818466,-70.74889773549774
-55.892544968263095,-39.716931706888786,-294.7916718552659
-55.326741915582474,-37.059422668960146,-322.8700618848266
-55.25354239166401,-37.47287768643517,-118.2874509195066
-56.84699677750562,-39.43697084009986,-348.28176134978906
-57.3335230544917,-36.62057861227864,-275.26125226722974
-56.0525087470353,-38.55119831408148,-147.62312314172067
-59.24418483146624,-36.11362357465326,-356.2204849833184
-57.47559016121161,-35.59443174885806,-78.46926377839694
-55.69945953163054,-36.99783804705499,-65.70050276090312
-58.41502532452349,-39.00392466129394,-102.56091930378005
-55.5649206149792,-36.57981332192835,-210.5467501609689
-59.44785699793331,-38.099632202498974,-147.76096837168396
-55.560352451549306,-37.295926237681456,-178.33539601315113
-59.315219033127036,-38.87561149780591,-231.15371414586923
-59.166344187884235,-36.562302731220434,-401.6508938488515
-58.39380363139996,-36.633059810258885,-154.44669007600262
-59.401727672586105,-38.11497887165429,-74.61900706305661
-58.24824731817839,-37.90726787233688,-461.0237094777943
-58.52171003564831,-36.70577700970129,-156.82241475542057
-59.540293885417526,-36.983991443364204,-331.48356163455435
-59.36370024458996,-35.88286292595083,-137.87303816164305
-57.81305306824694,-36.636417022163236,-395.11013593476827
-58.260543704924686,-39.73342064035372,-275.27046312908624
-56.14440719253554,-35.53711521195505,-158.69830658933753
-59.26403691956542,-39.24089451302347,-115.89209892418835
-58.585577886736836,-36.544149613641686,-49.261200521844486
-59.06224955580974,-39.000506763374894,-380.8729824271679
-55.97594944071196,-38.32606473346313,-97.58151083108825
-55.47221845783995,-38.353265532519856,-297.9620870396281
-59.2436310781168,-35.2417103195767,-332.0992421734608
-57.76374146832935,-37.50913023152049,-329.9186737857769
-57.46063186138528,-39.71977857252701,-103.56492472277591
-56.46278155777991,-35.66730727896912,-370.86037585954966
-59.73491964646991,-39.959656908294036,-60.025602382408486
-55.324737140006455,-38.04190385549567,-277.7969380319533
-57.15669510360661,-36.45840746639562,-88.19731507597893
-55.522165604842726,-38.762365226262524,-323.956169605654
-58.621313474119475,-36.844607537799675,-188.42224775363292
-57.72345455121087,-39.9524948950336,-225.75744159521233
-56.90292704822689,-39.09342409154106,-405.09442589953176
-57.21652507872818,-36.36551567117755,-397.4768593654403
-55.427564779244484,-38.988640878638805,-162.71447019333672
-55.62162691234096,-38.3566236853363,-354.6111756901335
-55.15227256272091,-36.373365340918184,-363.55370202027063
-55.849397441956455,-37.83473171873824,-429.36814914824146
-57.45119560367947,-37.4490641381435,-148.6412547418048
-58.83577802843098,-39.96411776950301,-354.4859832700636
-56.025391654529756,-36.231386445570564,-182.00577598554403
-56.747130775541194,-38.827987030174576,-312.84243263655645
-58.592594252274864,-36.470280825168715,-454.0627068289075
-56.510316763421486,-36.89852462362539,-342.49688946515937
-55.654052076037324,-35.16106014537754,-146.92266449730025
-59.05712171529176,-38.140616509453906,-379.80746589422426
-58.39711910235838,-35.94421433064122,-285.3642252097887
-56.792632220763196,-37.85069247577094,-422.93884877196206
-59.710724886780824,-39.70303743747589,-461.1508715983268
-58.628112246315936,-39.79969194472645,-334.54561080557403
-55.67379840729908,-39.17364902110698,-232.50929205405063
-58.892899947662876,-36.991973771572056,-443.8715407706562
-56.1934768784866,-39.44804410041762,-206.37169117209726
-59.64624848478676,-39.134696451911374,-187.02341831103615
-59.59731811188127,-38.0375418096382,-202.46974206813707
-55.81402031787953,-37.08703851552012,-130.49306056173344
-56.1146701034914,-38.235118126044355,-303.3457936665988
-56.61228114763772,-39.997488031390944,-226.71828252117518
-55.405743932323034,-37.68327582509297,-389.08499961294507
-56.364710290312686,-39.48547440342255,-313.18453533594464
-55.953939475986665,-39.317927155492015,-68.40612377741996
-56.31154374497477,-35.48377167485162,-261.7370027729152
-58.27249836846009,-36.677781903359,-41.709842168703275
-59.26394970882796,-35.778700340539025,-158.36157272375993
-57.95565791145755,-37.9239288175582,-73.65285980503135
-57.724073639065594,-37.36476591159978,-468.5226733883247
-56.17684041818637,-39.93365181530288,-239.84268358937408
-55.59113794986712,-38.61663189059619,-131.5785133700476
-57.514582622974636,-35.96175108826475,-95.33214439533592
-56.31538718190182,-37.779240246226585,-392.1208587648592
-57.97015456453218,-39.75052628376896,-400.423905047106
-55.95147521084792,-39.929197796486044,-273.6735606762825
-57.690961325678394,-36.288785642141136,-433.2053807094
-56.52048414954161,-35.20137679072459,-143.81047509164864
-55.29846286048581,-38.92959250713203,-509.4727757379923
-56.963214346711624,-37.31600298841941,-227.6695932834073
-59.693482553992204,-39.279191241469285,-254.92231053729665
-55.408689420916986,-35.718467351985616,-343.6819189304295
-58.68295913967392,-35.7976397593508,-293.01014059283455
-58.923198578911894,-35.28432300911295,-233.04163244179992
-58.62763662854227,-36.96050368807236,-138.15912660026038
-56.20688769168677,-38.04261987871948,-270.7142084795636
-58.12273833476454,-35.43553900590197,-213.4132699354472
-57.76599174355214,-35.34947419459781,-61.29520881583898
-57.41089799877519,-39.28220771773074,-317.4477977764592
-58.3441513134766,-38.37996204225298,-481.9237860960525
-58.40134368980493,-38.44523444719492,-275.5160409100582
-57.0638854534993,-37.12183936746201,-318.56829916280816
-56.636676347362226,-39.61768744390514,-191.11570194998393
-58.188588207122095,-38.84228893600646,-168.13727055697893
-55.79248312136893,-36.872711251618874,-167.40705581582665
-57.82119309355174,-35.23840913536338,-465.0896941964801
-59.4482783552423,-35.708106471814624,-57.098845845908436
-56.237343943799324,-39.568673663959785,-240.13999231064597
-56.79789685035994,-38.19891984852849,-361.8653733298309
-58.684308307743535,-36.96245317825907,-444.21178427107566
-57.82364659682912,-38.55878418536475,-283.7214123384129
-55.12588307254527,-39.52153517972049,-403.6723054091902
-55.15730185845647,-37.53093415762269,-335.40585589691256
-56.71232862822883,-36.73731158408495,-476.9822249264743
-59.711584344528426,-35.21380719555679,-491.76576236882124
-55.51396274008602,-35.60449559548378,-205.90818717093887
-55.15500771449405,-37.92178889298827,-355.60692925382835
-56.733395300304295,-37.25840121944883,-425.86200748785075
-55.466214457959964,-36.302347180881156,-233.3536152319847
-58.60525951268565,-39.30658128156284,-191.2408630980001
-57.56404051074285,-35.737321554275425,-296.3580282913611
-56.678773162977144,-35.84565010402373,-79.76109269749283
-55.00491943364179,-35.0694403332844,-111.85900696578919
-57.45864166425525,-35.82708296634062,-167.5712292495322
-59.123381288557006,-38.85749122807076,-181.81762289537613
-57.11754110943206,-39.820062073790325,-375.9894938557192
-55.677063916489374,-35.39214724184365,-156.0842109219603
-58.7473220525214,-38.19757563911066,-346.8670709118477
-55.02494932356387,-37.178089287583504,-238.00623831350185
-58.410023608422925,-39.148039599311716,-489.05067331856
-55.61359654075487,-38.37240718740538,-96.88894648459241
-56.85824935539794,-39.37348197584131,-247.1664374681291
-56.388256831672486,-36.186040117139875,-248.14463868487832
-59.47985609041754,-39.67613248498236,-172.623754587685
-57.79295899111922,-37.99859144123809,-433.5777835296707
-57.01740829672597,-37.60657571064224,-445.9661924694225
-56.93243923889777,-39.532858856320125,-338.791890561171
-58.52195215922861,-39.997501314497,-256.36816389436507
-55.57771428941335,-36.38233532897904,-313.8070385006415
-58.30819529056453,-37.20434865527429,-343.5948081318672
-58.29286435822526,-35.186204010652574,-64.04892755630449
-59.684016585109994,-36.20691669725382,-268.61311990643594
-59.705409809942495,-38.40089162863933,-327.75615971589156
-56.88489191125771,-35.887441827260226,-83.82196913310909
-55.23766677924526,-39.21911212335957,-314.13521806863196
-57.60288331239968,-36.74742271215671,-275.3677077480335
-57.29653204553619,-36.94435286315114,-353.5050512318746
-56.60897555978581,-35.96804428708754,-478.76842504362406
-56.46986986903357,-37.286125558376604,-265.1243485730898
-56.15653862392159,-38.69237141840122,-447.68882742327344
-56.466410571545715,-38.56711246953704,-89.11533411040969
-55.756302191818314,-39.1924341710156,-262.35770504065636
-56.94663938171184,-38.34723745853065,-261.4050949640935
-55.909665838300384,-35.95464717362625,-319.26888158325124
-55.302434982589745,-35.314089032890024,-388.36776548553274
-57.99986406942396,-35.91116285246558,-87.59815284498342
-56.95836874024291,-35.98969266882982,-492.54517469933415
-57.21217020987959,-37.782035586115065,-166.03677358762116
-55.689166656719486,-39.75162129509146,-502.8271537942941
-56.36167426606955,-39.61478178867631,-228.3029858272886
-55.667135077413164,-36.53923120934433,-485.5586308863863
-56.305599990784515,-37.959017004464144,-92.34155539428092
-58.0705772207005,-39.8039407462378,-135.00318816637582
-58.192937255779306,-39.649130826501505,-261.47824983054824
-56.95545977475925,-35.978342888340606,-217.0230623758805
-56.72670544252962,-39.567089822478124,-416.96537915795625
-56.00010196420967,-37.49509943354538,-332.20438298242004
-57.22081485604375,-39.446813789267495,-260.6604072124379
-55.76683555951779,-36.80916339159501,-109.4837447300662
-55.001618106969836,-36.73564326065999,-278.4859750949131
-56.582303053650506,-36.593895710435085,-400.4559578190846
-56.2319263491731,-39.293283175463934,-333.9829387832466
-56.41852381754442,-35.73896899920193,-101.46303472254571
-58.18960737610769,-36.38226753716879,-297.08044786363035
-55.02685075262735,-36.84230856151136,-122.57680372409288
-58.56546785197471,-38.46817272695357,-477.4652588055632
-57.364734388405616,-38.197260614124914,-329.41885680054475
-58.30262424809934,-38.73633903947898,-231.73290040577993
-57.66398786814223,-36.92878302833232,-486.35440703628143
-56.778752135849444,-37.7058384500224,-164.60811202445694
-56.93762851597331,-39.32614366275494,-256.9022377243443
-59.15031276965992,-36.271828140826614,-165.09751650409203
-58.103445762504734,-38.32806122357246,-227.25761122825028
-55.94390328305075,-38.65192509815697,-475.88346535115267
-59.456790023740695,-35.764003263359115,-475.2333031499565
-59.832154909246256,-38.15209760794001,-69.2599643571767
-57.61243463101308,-37.15705576533781,-223.382112024407
-55.085618003833915,-39.416164817141016,-239.88325384630866
-57.94980746931238,-39.10098123442313,-442.1821169467861
-55.76249880202275,-36.10863723712523,-412.5466639866549
-56.32317734128284,-38.40541626218571,-127.20775109054485
-55.04060722230699,-38.448373756647165,-474.9722257356072
-57.54198236389492,-36.05964709850942,-334.0423685299953
-59.03409843277468,-39.18726580243406,-78.0599127426847
-56.827617811086135,-35.82070269736124,-71.99246814504812
-59.70467265697871,-37.979796376747686,-346.3588491051695
-55.56311104679032,-35.97328976232564,-185.84624950403693
-56.22321585371958,-38.92968464455866,-91.2455202050617
-55.7101674563293,-37.10028126096736,-484.4736507881356
-58.698533886060325,-38.21002409780172,-450.6110252733533
-55.87178410256062,-38.476509312499196,-135.40334043315315
-56.24583912657266,-39.69888078300496,-217.05211185507017
-59.28790455142602,-36.88827706292661,-82.18772081988618
-57.256492781935506,-35.511061354033245,-98.0980528860209
-58.99245711364521,-37.28539961998675,-397.54490151012465
-57.49542733564223,-39.700780083473006,-478.21239370362156
-59.80963226981774,-35.766376936077656,-481.38030694291115
-58.236910618022044,-38.263475174425906,-342.5741494281972
-58.41027355321312,-37.03806853838054,-138.14181525262418
-59.074372115982364,-35.083657567838586,-379.8721855001064
-58.24773961363572,-38.60329335247991,-484.3999269794421
-59.90725185992828,-37.30901242638329,-91.84854941965969
-59.37177546539437,-35.189628520698946,-492.97250183746513
-55.09813629032606,-38.99376961819896,-337.4088358937721
-56.57207976960056,-35.202264393416414,-246.5870405648332
-59.34856025002689,-39.65741257408634,-356.1880289214776
-55.71587780679163,-38.779325139670675,-341.49351992600253
-59.80749334325761,-36.212897890820734,-444.22405040731644
-59.098302330769705,-38.48237162903074,-52.57730647717915
-57.42191983800027,-37.704920364792855,-154.05282290882366
-56.58097520843573,-38.94987630634341,-92.23296143559834
-59.1234549430626,-35.915899857208515,-319.78028575655094
-57.8302159634993,-37.205946701535886,-141.54277624889968
-57.11163228615806,-39.65105213081983,-375.53622475445565
-57.99381487741956,-35.16362616667031,-342.74601085874804
-55.16860600586459,-38.686045586186225,-222.53594979522555
-58.44568668596529,-37.370942036831124,-118.1914375558485
-58.19194633215141,-39.275801833389686,-484.2681307815718
-59.859977976401154,-37.17013149130145,-359.72810462291926
-55.64489003735572,-37.562842466115434,-275.1228305669801
-58.16853689575515,-37.68135756573942,-220.4030904534886
-55.95962464636261,-37.85199403113453,-384.7909486291765
-56.876043124568284,-38.76591007433019,-46.85388703810948
-57.94424743264774,-35.40962311135277,-244.9224686458973
-57.56738129678037,-38.20958413628383,-215.63184098308184
-58.423738091132876,-36.44574960748571,-473.97852896543037
-57.823861883652874,-37.281308255894665,-465.9735295324418
-58.715169717873025,-35.67057522851191,-486.5910494591258
-55.83890882877654,-38.76913778454609,-402.086763348983
-59.50124796382446,-36.36417542174641,-173.44601537687467
-55.18366984755673,-38.23244329641647,-62.4672805775662
-55.67709444326649,-36.14797874613256,-283.33938583892785
-56.820891801308285,-39.79488385734383,-75.73394040833472
-55.94369856372496,-35.19164008395961,-479.627563756878
-56.23169170132312,-37.19456458950427,-284.1698551489909
-56.984583945836064,-39.59044925474047,-360.97177989111634
-55.36321423339011,-35.58717588309757,-324.70299346654326
-57.612321115795545,-35.677994348129474,-337.39714463829245
-56.54358061238661,-35.06230545685584,-358.9337888093269
-56.33721353136932,-35.29296663489149,-449.9706191764571
-59.94992635029387,-35.18444970843091,-499.88043175911275
-56.94083362570927,-38.03876642043006,-286.43181832237974
-57.46395766787247,-38.29478907397561,-288.4615571519183
-57.73504600101089,-39.750239504894964,-134.52287823197895
-59.697161159882555,-38.799346948163716,-266.39777178890455
-58.6287410407981,-39.687337965756434,-481.6862726881332
-56.489487676907515,-39.111849634115984,-269.8350680260771
-58.65001577109098,-35.200587212530564,-87.52314098551605
-57.73831905501426,-37.12030152191185,-434.9349164086123
-59.68786785581334,-37.936430636252936,-188.1018350542756
-57.37761271663088,-38.03455729460162,-453.1375273722722
-57.6559670381305,-36.28059841834623,-41.58708508668245
-59.53446112036901,-37.398568200137255,-276.952378052419
-55.410118005373015,-38.79104195631145,-67.83418960167695
-58.960701398767945,-37.074312752913585,-417.8062266278012
-56.41108462906142,-37.26648748484023,-421.9407143263442
-57.51347950359431,-38.598315443820496,-202.99881716888353
-58.796073805491794,-35.753265503819044,-212.5147370838838
-58.052415846051815,-37.083398957700666,-98.13060172778948
-57.846983684609235,-36.46724679185042,-123.83060437864305
-55.669069293763144,-36.402896085365796,-147.00791897091395
-56.72243573536228,-39.33304999784849,-375.0166359877385
-59.83677234550091,-38.32236328618274,-417.17461505288026
-59.7407916833619,-36.68233340269597,-474.24098932266384
-56.7186614218373,-38.91782933078799,-306.6845772499862
-59.819173672135946,-36.31161110855865,-119.35331587131182
-59.49258421636762,-39.01129048786961,-336.99514250402984
-57.051891440863265,-39.63071226379477,-301.1487149735787
-58.76911289182367,-35.940156751422855,-477.11883919104133
-56.26096319008853,-37.03631765451338,-384.94314222033705
-57.26889170018721,-35.790654294289595,-233.87898050368918
-59.439669258588594,-37.84153275587609,-259.52586182191953
-56.21257268285862,-36.65751685611852,-276.5440371842882
-56.93793639171644,-36.30882421005071,-360.90576039469215
-59.4138899047782,-36.070591500617795,-206.35392259930592
-55.83792511262279,-35.11182267997147,-391.4061996565056
-58.875421361798594,-38.88634509535785,-131.11023656427747
-55.978335861453495,-39.79741608147623,-410.58481900251843
-57.09274821223014,-37.64906539537691,-88.02057487624273
-55.92413171766093,-39.72825948883142,-322.21859324450435
-56.24886777365208,-36.8062714450618,-451.976226219825
-59.36298118417439,-37.7121991706327,-379.2189352893621
-58.00338701644271,-35.50639422181308,-279.76619590230905
-59.481644100092,-36.79716012110826,-453.89445131595346
-59.0201592654891,-39.903196876586726,-401.2788437807519
-58.35327130592093,-35.732387360104404,-279.2850917234321
-57.28157146465588,-37.76482350310517,-380.8677050626709
-59.28540182273153,-37.63260355093367,-390.108251912731
-59.174045644562256,-35.60955681189821,-94.92425252472029
-58.05264139203077,-37.275663546090314,-206.93079906479656
-58.841288610048196,-39.163125412388695,-248.40582745792307
-56.28485428830871,-36.25527905820248,-257.4350011885254
-55.250738762484815,-38.54361690405085,-485.09236057488613
-57.30532349551713,-38.87913260865288,-108.9326728165595
-57.06890002052452,-37.02480360787868,-438.2945624064694
-55.31170110193552,-35.894601044025165,-363.9954905801272
-56.84245843370376,-35.7720482482289,-126.67758313254028
-56.15888745715779,-37.71464886885879,-449.8483478974831
-56.08971334022894,-35.07651217491014,-69.98765774367936
-58.82021957824665,-36.5995759675712,-179.59045149061532
-55.67873262063689,-36.635226042317484,-210.80880872682656
-57.17764977634622,-35.22296044341044,-97.36056064545917
-56.292865863851624,-37.84409046059048,-252.52413584902308
-56.20936933357729,-39.120140537244176,-156.97206716287036
-59.803179961117614,-37.12481945525838,-199.76927819313485
-59.24804806778124,-38.75283796265582,-217.2140557191748
-59.46191721327679,-35.60010187507413,-447.2709087279584
-55.507959221723326,-36.81488089085087,-454.62285373405297
-56.64204321540539,-36.47550611482025,-451.6782743476087
-56.763928614901204,-37.39602889398901,-123.73351685225096
-55.53135937932748,-37.51917736651474,-221.7103476522419
-55.036946133105914,-38.696867249176925,-285.98405622906876
-57.07034419802764,-39.71422320963124,-218.5335660762851
-58.3450960761511,-38.98355234470013,-54.583267893090834
-56.5971022370642,-38.88374719126459,-134.15333162444477
-55.08722739371817,-37.54624083421053,-386.61806599697553
-58.98780560376434,-36.84146782916954,-97.92923928965452
-56.28061330884977,-37.536025383269575,-328.5416536950238
-56.916615935805936,-39.596577079794066,-218.33533888104324
-58.90423009754395,-35.81209800817987,-208.39203810296473
-59.2440040242115,-38.2207917748465,-484.0569859859715
-59.12416001457754,-35.63097882580928,-159.48701134323727
-56.37620264517908,-36.69036535028229,-122.91963394685118
-59.7458684803601,-38.35893700724408,-112.6402988092964
-56.41216904771932,-35.45211684441944,-401.7853688315851
-57.202077149588796,-39.96450481777311,-377.65884274511893
-59.02362568692667,-37.54589157004117,-385.1769320063476
-58.84026263696507,-35.91011849310558,-279.8621305031916
-58.405612564642816,-39.19352891415421,-140.8863561579546
-59.36704005129434,-39.39642376172569,-239.04801905249383
-58.79349411400658,-36.77225322331661,-234.08960657665295
-56.673247590386964,-39.62283098859631,-72.94416749439617
-55.45468402240818,-38.241331993125726,-155.9544603952039
-55.86793577150066,-35.38173317796186,-219.76076956037755
-57.64038281692795,-37.6229021585437,-297.8517913125854
-56.50846440770155,-37.020677763157046,-225.3596612077382
-57.05471034240717,-39.58538662866363,-127.44196679451059
-59.126647360762014,-37.81514042041039,-416.45277073356357
-59.34079325380761,-37.08923236978768,-53.80818442813639
-55.33265237650459,-37.93730083263496,-334.0051205198645
-55.56496836416159,-36.864412569618416,-108.79474477671211
-56.678461409233165,-35.27298695766009,-101.96744691255097
-55.16802925946575,-38.648913297712745,-280.46587289306694
-56.46864724609236,-36.89186007578307,-114.5789693713369
-59.5922421729161,-36.39121855735243,-373.53902491219213
-58.06919650406138,-37.2688755874557,-113.14798178727115
-59.82769755601156,-37.32744823891909,-99.57924348309545
-58.61973256280504,-37.5276675097593,-210.18937182015733
-59.82219917327637,-38.58771937920966,-469.7190310617377
-56.350893732590464,-37.7881505821388,-481.1629348048054
-57.00740401768534,-39.64645102374187,-88.72476381437636
-58.18261490403748,-39.81304512567709,-485.6215711924747
-59.78978444986392,-37.42580984844881,-334.74325385204463
-56.71029794219444,-39.22879252295133,-191.22402756785326
-55.68374545337915,-38.27781074838103,-236.86409555405234
-56.98531117554893,-37.78895684991785,-385.01684443370993
-55.299275792434706,-36.74753901543521,-167.76204023134588
-55.215047844897,-38.71128621409005,-234.45336979548844
-55.3113970850484,-35.94205889037737,-318.2215745646522
-58.00657168964585,-36.22416763910127,-168.93615132432532
-59.01562114132177,-35.83063166699063,-351.03750464007965
-55.69136939391818,-38.560054295276366,-216.29895801575452
-56.5344788496723,-38.1230134108017,-222.5128179555837
-58.64919132935276,-39.250184174041706,-113.26221257880081
-57.16033837699214,-36.140783631128876,-98.2568540839593
-56.526737229740434,-39.68265083209454,-72.62997658947279
-59.0556212152084,-38.83704220353208,-56.935988305067234
-58.87754032554266,-39.64787253092796,-437.9129159375296
-58.97268207812574,-36.977666485418155,-99.28617459958411
-57.18847167047791,-38.82477097078022,-127.01038251262813
-57.128792489676286,-37.60133120338551,-475.5119938781173
-59.34692501199811,-37.24587002142005,-469.3901284374531
-57.20886628294441,-38.5352437866124,-79.29281941750835
-58.28695532037829,-35.18422418558975,-347.1067860077969
-55.36615835503731,-38.55984332555158,-480.31451782151726
-58.84476103219604,-37.67526311125047,-478.886810876775
-55.12777033957274,-38.25144152625968,-403.03212453386635
-57.771047281618706,-36.85145062784133,-223.47689684087425
-56.479039977368416,-38.48366987414713,-383.73942598189154
-58.83160426904946,-38.481480329285944,-309.02774313863176
-58.86922879169965,-39.881231149611445,-89.70105161248294
-57.68215525757557,-35.84091662511145,-394.10247598910996
-56.79012595224622,-38.717861502855975,-80.36485190345473
-58.72750168417261,-39.811362067273876,-379.65461306979086
-59.96693303116685,-36.00159232050193,-290.34043517290115
-56.57496581671375,-35.75352756688355,-430.2712106034006
-58.872741792723005,-38.16754593598613,-126.76819593582778
-57.50642939202259,-35.50350144584102,-204.14879629722796
-57.10840907297547,-38.61609009381037,-139.98753338212035
-57.559144690844825,-39.45895532012111,-279.6740491931105
-59.765095474943166,-38.59130698672468,-59.55156300105133
-55.38825433996873,-35.15303839687158,-140.856395629929
-56.50710157105103,-35.118334335267484,-467.33176353970737
-56.393933059108704,-36.23421992842494,-415.7552618400828
-57.37825855865881,-38.92508994816195,-143.15731767949214
-57.51260633193462,-38.37729144099651,-153.37450572109987
-58.419554390843885,-37.525228556130116,-51.89702680982595
-56.93494674052043,-37.17380117958386,-235.61297013966373
-59.662653983315586,-39.70509742820421,-368.7046654005182
-57.16963108301823,-38.84467719987746,-268.6628279548962
-57.05958131757663,-37.99041988195059,-353.2754859418536
-59.49314158284665,-39.937883129172654,-375.71073144941346
-55.81685731276969,-37.69043256097004,-414.70120085536155
-57.495905021507596,-35.05599886213326,-240.171494415076
-58.10582966949788,-39.889509648698706,-485.06780805677806
-58.0698190565135,-37.879165707267774,-394.58816414470976
-56.02955390336206,-37.579409966365496,-97.12081616704867
-59.76712382991316,-39.693948413562794,-465.20551757095683
-59.10065639101087,-36.860641312505386,-470.4646422460539
-56.00525439105621,-37.96058332246025,-58.00541199032317
-59.55889372168798,-37.45950264394703,-302.35369973827824
-59.735537951700344,-35.66235004254658,-56.60196813227048
-58.61306336117396,-38.00033587703984,-87.77250035218205
-59.0185445512146,-36.93619953630114,-459.5839570704634
-57.998445100187794,-38.48343164948688,-44.17649240573574
-58.824187778655194,-37.44699938403453,-216.0668209133928
-58.621440420531535,-35.60411257255751,-150.96391086122466
-55.10831434839183,-36.16306127794528,-238.7117447690774
-57.853648308257725,-37.72013269023554,-254.02778086402054
-58.19915812736107,-35.45931772025489,-346.09861922460453
-56.16033351631516,-36.375866424332905,-248.6216870518705
-55.461737569642125,-36.870853956576525,-66.62257510929439
-59.22039250126883,-35.91791436945826,-338.1134690507465
-58.71254960216822,-35.999156579101836,-142.5080347565945
-55.04279043178209,-36.177827608157536,-68.50873114433048
-58.1967653992968,-36.026947322208514,-435.0901931658219
-58.89887292695688,-35.3000207233239,-369.2912425589536
-55.52900043317505,-38.96494065638135,-402.5246885631285
-56.49054393817287,-39.60377792780433,-170.10475809379724
-57.28745254353306,-35.72369839060158,-107.70068990156918
-57.970743098481464,-38.301382407545766,-72.05036738188733
-59.09602491956633,-36.134214386454126,-396.22558379908196
-55.500899905760555,-35.54771138694769,-245.48159954960298
-55.147801569917505,-38.95267841064481,-108.50071039873487
-58.07031714975299,-38.14203349264649,-70.41015954873762
-57.314685915882905,-39.45409197445765,-411.38989967763337
-55.77674170252574,-38.56643083258277,-137.21304061096333
-57.99481301287291,-38.760417099383844,-93.36635567111122
-55.38830505631313,-39.31924168337752,-189.7894284621358
-59.28667647583467,-38.25390259961245,-254.39713144159555
-56.39405656182803,-39.46155326476706,-109.18570322174219
-56.89531585504449,-38.337549661477595,-252.0672323116256
-55.407235308627115,-39.04068553349366,-299.50619170743863
-59.64118926722332,-37.85799690179667,-263.71618288360776
-59.3547678407646,-36.72326706495879,-412.12893773917153
-56.880762918998414,-39.27584812304417,-438.34912873362236
-57.717874339389645,-36.280467453745594,-70.9871807700131
-59.97827312108881,-38.461802392922046,-111.84313603576553
-58.259893699280404,-35.69915403948081,-403.13748049198335
-57.433358001527154,-38.237134814719035,-249.08932022149864
-59.806854798803116,-37.541008711440725,-257.17242050390996
-56.32985527823604,-39.9594320562627,-329.8584033695517
-58.5897657528684,-39.07690815334875,-434.26715366578884
-57.6360527395263,-39.94634146603185,-456.84051124747873
-59.670554715640975,-37.05597921640299,-381.23073064973556
-58.45919590258276,-37.864958983748316,-447.5756655768288
-56.22109798624897,-36.101709323378756,-127.8919819963097
-57.44811250756743,-39.88610874755105,-96.13187581581087
-59.871627808799815,-38.69873367717018,-378.88521748984874
-59.94241289303394,-36.59808361846502,-305.83230685214994
-57.8408721712936,-37.10047607829623,-436.9977714102362
-58.52263233150268,-36.744160844911626,-244.18162240576893
-57.26555426113519,-35.30262900450518,-312.69338134677866
-55.71005076755639,-35.69249258777707,-462.3856192131718
-56.83796193928156,-38.971865169049046,-145.08983908642628
-55.14545384292969,-36.12690121414605,-367.01605660970745
-56.62866806559805,-35.76668430541853,-71.77864494704913
-57.70885865364559,-37.814423981082754,-315.7372587490062
-59.815075774206264,-38.957194429515155,-180.7788824288885
-57.70265035011321,-36.51682955347445,-135.43192537737707
-56.92812606453879,-37.788825391422165,-336.26052066575727
-55.25432778777641,-39.402289195956044,-198.70931693594534
-58.37338716165823,-35.652209736493724,-258.18815431229643
-57.56823547044904,-37.792009673342484,-144.37326303451474
-59.58753945968314,-38.67705572334382,-261.76076887848495
-59.88741009718434,-38.07488272350771,-177.2736401729534
-55.51681823705995,-39.74517139343266,-503.3367481413202
-55.91517781324112,-36.70709750616035,-80.92319197998835
-58.853819419342926,-36.10416532921988,-192.1462951638826
-57.299039417622005,-35.16341529200358,-215.2147785758662
-58.377290854850095,-35.7174514311116,-224.7813371531108
-58.91208604151478,-36.85638376928152,-418.0088511482385
-56.76881594139374,-39.68631039593293,-247.28985714607364
-59.35682111158661,-38.918699256370815,-99.16362820665785
-59.40092854382013,-36.53447242370973,-257.734860681736
-58.428362983937156,-37.68539305921764,-208.75487586624362
-59.48767981946786,-37.81554118498479,-402.07168844455794
-58.08385163799428,-35.789899221307735,-405.7105819164327
-56.97378887677264,-36.351859694904704,-187.9264187536401
-56.33578256265466,-39.1220447534186,-277.90166360400707
-58.45796820814811,-36.2946465226881,-411.0447837184112
-56.074958985351756,-38.57802428140026,-459.600162025754
-55.981774833534374,-35.18222686560196,-280.20314956386585
-59.88734386351065,-36.024224504668496,-439.41283376247384
-57.21405096874137,-36.33763099393559,-71.117833298351
-59.855324085387906,-36.02352288840852,-245.35473174756635
-58.32165023684416,-38.464047254696325,-103.74857577023818
-57.3319788111696,-37.39549819922705,-447.398838146722
-56.782156882321736,-38.74009534616695,-61.23956058071855
-56.65978366157764,-38.45819283009978,-92.4256886353251
-58.32955433905664,-39.033560730505116,-97.89001315327059
-59.65258905933547,-38.94539017574631,-57.66067625507802
-58.99959819857826,-39.13481260958656,-54.477546194445054
-55.46779457196739,-36.136277493504295,-334.34520632627215
-57.42672265347339,-35.263030865766744,-92.3846778744119
-58.741233121976435,-36.21330886939523,-236.30334614237208
-56.319201524081514,-35.488096898516936,-186.4579740765106
-58.39497962887595,-36.032985548200216,-272.2359618483451
-59.51091088963983,-37.20737710586453,-421.96846682932494
-58.22068145240304,-39.623956376411954,-297.7107095728981
-55.26421360565204,-38.10265874894032,-259.82533861144
-55.94008350635029,-38.024517920316086,-398.8753873819033
-58.73427297478889,-38.78233086270998,-187.84174039494144
-57.902457821621034,-38.028181605290655,-294.3435461166011
-55.56171892068177,-36.6637074037728,-121.0147172791691
-57.330263402040885,-39.54490774761924,-172.59446632533664
-55.51758248098434,-38.978642924588954,-361.45215819141447
-59.408045390282446,-38.108544007469554,-471.26060293497574
-56.463558959227655,-36.810919585008065,-114.45432127297279
-58.88071953444755,-37.031483123362804,-97.33649609056556
-56.99923165651035,-39.99344370164936,-199.30185000008777
-58.03901663227456,-39.62199981309624,-357.9918879381893
-55.407073439574575,-37.84869071980408,-128.91592297252373
-59.52457929269809,-36.538398094241494,-464.46808693528175
-55.502547450248656,-39.360559977437504,-301.16310244234273
-56.63982497140063,-38.23799091541582,-97.29261481111944
-57.906833921789655,-37.07956253676839,-466.3266592094821
-55.30415134355621,-38.71046763396707,-429.70826522061367
-58.5507769924402,-39.399546280613094,-481.1422980607617
-55.9645628993487,-35.22365649803905,-332.75192505922416
-57.166354323708376,-35.37621538468175,-399.89862589464957
-59.39440153137205,-35.753011964976835,-489.34441661557406
-59.98568228719797,-37.60645084297495,-211.80834005599485
-57.62272288009438,-37.91824750298769,-189.97355493774168
-56.0027930388546,-38.15121470844302,-125.95996986736439
-59.83725002368272,-38.651739176675015,-473.46429597367256
-58.76445776227726,-39.16987014450624,-133.56603778758674
-56.637894924607316,-36.607906613549765,-273.76846194498273
-59.419669807356456,-39.83655976441167,-52.31986769819186
-55.368589917566,-36.054661456978195,-505.4280100668025
-55.05696319331213,-39.06969322994881,-97.87628729517299
-57.829858633097516,-37.96580388018162,-138.3043971447232
-55.848418841075166,-35.20027219364676,-82.17258825236419
-56.14549314296784,-35.15627719785733,-470.0302950185421
-55.79220701220026,-36.67922389244052,-204.11954554791652
-58.31943715178923,-38.77852845255771,-43.5679207687154
-55.229103299445846,-36.48155722832726,-97.87903824326044
-56.9383901400722,-39.24169140911015,-122.13953131444777
-59.06553424260712,-35.81694180399296,-172.50641755919727
-55.84125516550508,-36.1030161412892,-329.084661564901
-59.00059639522526,-38.389088822345784,-451.58674530415203
-57.15068753828637,-36.740066988863774,-108.00444244275852
-58.699082400590235,-38.82803126417607,-139.89507881479545
-57.348608106723084,-37.9190632669352,-251.63250119459357
-58.77180589128169,-35.84689971869813,-318.0863617181629
-55.02098640686921,-39.18778544198987,-343.7192641410841
-55.9776337865695,-38.577063617582304,-427.6081439763834
-58.65426021200351,-38.083159429344796,-69.6273345531757
-57.52848895163382,-37.35273028840935,-312.8012416578331
-55.5008174047594,-37.3530809466018,-332.507335612139
-57.153360617024724,-35.57027951096578,-372.0697740239715
-56.81340039869495,-37.26447588649005,-89.78878852284595
-59.241237720293746,-38.79013304063209,-63.70836062758263
-57.78301557088168,-37.819122590902175,-244.96603160200397
-57.13921081940601,-39.178124250687574,-127.81447404052717
-58.538458748411145,-39.90862320139502,-160.60588082328195
-57.64818187788249,-38.60181408203495,-263.6447666004797
-57.77608642775926,-36.072795486312934,-339.6131300721758
-57.22395199262299,-39.81852068775254,-171.34796391663235
-57.16295189024065,-39.58555577273128,-389.36986270655075
-55.696130571680605,-37.551006611516335,-247.6305844497479
-58.46711814845339,-39.83958287938798,-269.1468007194183
-59.87555619991748,-36.52067536018513,-78.10680717899757
-59.60855036884716,-35.36281753991011,-270.6530881770624
-57.745336982046574,-35.13903263779457,-279.7129738165516
-55.03893108161482,-35.682740479816715,-502.6646554145757
-59.55357757464985,-39.87498854468951,-221.88325828944633
-57.02555627547443,-39.29296475319036,-169.36164338840936
-55.76240590380821,-36.65312248772052,-490.1410482181782
-58.17397422491516,-35.066526913326136,-220.55787667260708
-58.587575426793435,-38.45004204048562,-456.80503240155207
-57.85822067018707,-36.59219507717428,-302.3146043934309
-57.73242736371128,-38.5542438115309,-125.62056663682552
-59.68575840997331,-36.39549471322995,-254.08283977659931
-55.10932107777396,-36.12270739982225,-99.04477222126637
-55.35374917552438,-35.18930025966941,-216.09182669291928
-58.77663965414969,-39.2001510132367,-261.815218170579
-55.36484578745369,-38.76861348046527,-290.5380202968548
-57.60725308424824,-36.70910159396253,-382.0114852910594
-59.841862178935024,-39.93833829178547,-208.92281020417067
-56.09601394894761,-39.21154804580488,-181.8262584306829
-55.47694765560676,-36.29759171175593,-227.76530733828776
-56.17868276962219,-37.400353276212584,-435.5207164968694
-55.47108342013238,-37.41280577877481,-237.38391592788696
-56.43516817617926,-36.20536951537887,-267.1372399471244
-59.65697847094253,-37.46979945763423,-146.98422287564054
-58.001518488244436,-36.24503667061943,-410.72831180223693
-56.64905386087493,-39.26544041959543,-397.24995564520367
-58.09045264714476,-36.62882197394094,-211.59410012582114
-55.14599246738622,-35.590604923879134,-227.33298400580625
-55.49636049062204,-35.67576609387534,-262.52177768518567
-59.22770843434673,-39.71606561156882,-481.51018075921087
-56.610525609666944,-36.874521043902476,-448.2267611742948
-56.57718474377346,-35.85189027971483,-168.96133653365848
-56.00153612241236,-38.80086944211844,-404.34111912544984
-58.74060434882724,-36.84577494609108,-181.91290807955144
-57.01712552386013,-35.45325760846254,-382.5266513020205
-57.3899789635034,-35.81923957146881,-438.08544987051584
-57.82085688380499,-39.69118344035617,-286.922616205148
-59.395012584690875,-39.75930109193127,-266.828210066033
-58.83486291828727,-39.08133537041391,-152.28590437265694
-57.56600324050674,-37.28334164171397,-201.4037099756444
-58.57338210302769,-38.49064478705672,-139.06144111448168
-57.47631456882365,-37.45055048612242,-70.81382203212874
-55.22660430274203,-37.769415560705106,-422.7563695861134
-59.25690815858351,-39.00151800992056,-99.70223171750325
-59.34255988288116,-38.53492611230124,-194.29135753129077
-58.349244267727684,-38.62091597989638,-471.271958055487
-57.455233193667695,-39.19333462887214,-201.8192903268407
-55.52264796123882,-37.83006044706575,-291.0017796982508
-57.936068661954735,-39.55965221076226,-387.8378449740047
-56.60740812399456,-38.329036521367485,-392.9385557620479
-56.623344011264386,-39.6662540911174,-266.7847986800262
-58.09860910251596,-38.07983579492021,-439.01016249862766
-59.8069007799704,-38.49421819725035,-215.73392480612148
-56.56185715288383,-37.00757504742325,-112.74289208415819
-55.336201597028676,-35.89366444965784,-383.27202969416425
-56.730341470420655,-38.26542946856415,-182.90840941731307
-59.826952206938,-36.26293634738751,-273.75817793354065
-59.18706153916668,-38.69786359412935,-461.7756160277327
-56.35811500502395,-35.892654704092216,-413.91129979319743
-56.218632477257216,-36.22168117374418,-59.32264943869637
-59.68857843031656,-35.62748529723852,-356.7004027033758
-57.00507690805729,-37.1644805136028,-306.4731393764515
-55.10104820419978,-39.161031744619294,-256.0089192169613
-55.86768049686203,-35.52431373676368,-502.1307698295619
-58.131264811470416,-35.42328409314377,-320.4651931096148
-57.82435670699728,-36.326718237764005,-231.4718646368452
-58.756844541258566,-38.840020584154274,-386.0360231385748
-57.120368243187414,-37.30317288567095,-339.0031549543066
-57.82656437654672,-38.01257110591087,-271.0216109574244
-57.210306853213254,-37.33217101881601,-111.69915102903009
-58.1889475254566,-37.358418894037385,-78.5225075923172
-58.61896463844534,-38.48886053296238,-264.4121943543645
-57.12514404492802,-39.05205878091464,-53.41519893249183
-56.09376895663967,-38.462864898944055,-288.7819534009842
-57.21402414726173,-37.78568345025725,-215.2111462306607
-58.66529522702695,-39.19622686078768,-271.5262531338311
-55.71731033060452,-35.18870585516302,-320.2419110989684
-56.74419936647285,-35.34802588891938,-193.7796467938451
-57.39769920343339,-35.52827455600023,-257.6492715322207
-57.94082214120399,-39.18888439288658,-65.33854462400309
-56.25475353003207,-37.86825738666665,-316.6615248097613
-58.16883631174883,-38.6048661791344,-300.49119371018844
-57.800894186134215,-37.70937022869844,-412.5896369365365
-55.207210539549806,-37.18061975889721,-370.57030037588294
-59.834696956988296,-35.133215513258754,-489.32828509230734
-55.79805839881532,-37.90541934971017,-289.17503267835326
-58.863363898195445,-35.765183101615534,-100.21230278156132
-56.35418081530021,-37.098625699979976,-282.316863056463
-59.336436630036424,-36.80635777253632,-482.7758006514343
-57.72803808207864,-35.49704791912934,-185.30305988008504
-57.151646695947605,-37.00939302738939,-47.96974016556719
-55.73704797153598,-39.38087061320318,-315.0075413589349
-59.01076755435839,-35.007122664307474,-335.1014414131991
-58.76290253529595,-39.180932693839964,-325.73819172368883
-59.54160682615572,-38.323654832925996,-407.1128542870048
-58.321945164971744,-37.04224739923661,-429.7062430649763
-58.175888035468844,-37.88100177573472,-272.3444627268255
-55.74380385681126,-38.973532509123075,-327.428223356685
-55.28542644362123,-35.086980771418155,-190.70967847733493
-55.93751453175789,-35.81787195129966,-184.42198186117855
-57.66704043204997,-36.45384203225575,-271.5327908451169
-58.309051296802494,-38.46787159674393,-161.28154220149344
-55.93854802547242,-39.24029207192536,-363.0068997069642
-59.04443723840848,-35.40824064743501,-189.23617744472799
-55.24312325600849,-35.12605046888928,-267.46690652103626
-56.18691126906205,-36.038569996589565,-124.84084548215019
-56.76645719765825,-35.18385374787975,-362.6256736883295
-56.382644929099555,-35.44916755680359,-421.8889639540221
-55.98022722432968,-37.3272876029387,-179.17997027466234
-57.74527736100596,-36.37975476687734,-106.34565144895622
-57.011232496287164,-39.26883681633751,-333.31466214683064
-55.135843373022276,-35.8377779831385,-295.67696809726795
-55.14101897965585,-37.00616158954375,-439.287416999111
-58.47715431891629,-38.23275948796457,-434.51017682478675
-56.86222485637874,-39.648905300188815,-349.29715952126696
-57.303751364097714,-35.5978481942469,-129.32990813066687
-55.083687370108066,-38.889197312734375,-438.3811028717262
-56.18682853916524,-39.2655647298404,-128.0694374798438
-57.103452808849376,-36.85821522995023,-163.4167212026162
-58.17787238440433,-36.74087354592697,-142.7272821486174
-55.560868858373325,-38.297678043742124,-169.7773794341288
-55.543782681936406,-37.84231323913046,-311.2083875331594
-55.310516938785376,-36.442877292334536,-408.86333427462773
-59.48651209193375,-35.82912891596146,-158.0401672666856
-55.5419504609303,-38.19192751101024,-114.40111463178621
-57.482369038220725,-36.39400203006495,-364.04295894434546
-55.78936637189081,-39.16522093396489,-166.48117432711823
-57.27012996756539,-38.4253620536103,-323.3180823219474
-58.466958602720375,-37.56815359032945,-479.80071598283956
-55.55168171783188,-36.407871808858545,-144.15002618708604
-57.87153113609504,-39.47244172963726,-143.4168997330989
-55.63481765432453,-35.342327919212565,-273.6551636323612
-59.425209138039996,-35.12989022942115,-314.5824296636496
-56.10169336250728,-39.26553155596119,-202.3328907457343
-58.351036603003514,-36.34921491025254,-479.7165253380465
-59.54633238112073,-37.88520789694324,-245.3589651775446
-59.28815145275882,-38.870485855404496,-386.0496215859847
-56.1236635933392,-35.727199206190335,-328.0163289424772
-59.15960979863389,-35.66435611331172,-373.39082637274026
-56.36890824307352,-35.64168770360067,-487.1248100647977
-55.05328707807345,-37.40364581338809,-490.9956744354056
-56.7650202974225,-35.59742282086618,-287.13859716127354
-59.759633398041025,-38.364069631331844,-408.6131939441131
-55.69287452744897,-36.78505803530246,-342.5828319549564
-59.79750083402839,-36.8531488873862,-314.0608163234487
-58.26465168929594,-35.53965508756873,-347.740778702948
-57.945559825986386,-39.86941788106497,-189.08890611025748
-59.97519257129771,-39.95076401134873,-129.2814579348431
-55.07354396997236,-35.62650526636987,-305.81617483946167
-59.09944863974643,-37.4204445003271,-323.86350896843413
-59.421535905605836,-38.08287611177909,-467.3364998044428
-57.71552412481419,-35.48844228688089,-348.63663515164717
-59.081748544690996,-36.04416563735771,-294.3522017183222
-59.61709745020562,-39.893669226144645,-402.003870455218
-57.345547084689024,-38.98956325785806,-282.9652929255909
-59.13104234847256,-38.502167295560945,-111.87782649073067
-57.97721601763303,-36.05481030176206,-54.157537375860606
-57.17731103193311,-35.4624998024205,-219.21728174314958
-59.31822479093539,-37.38890524821874,-182.30352007517695
-58.745145917638865,-37.26559701564207,-245.9537760070701
-58.10896209738295,-35.41884519641047,-45.27972850848565
-58.98548354772013,-35.09828256375377,-324.7137397693419
-57.523558031487624,-38.179456620275744,-227.7468935480587
-58.99555323833917,-35.360252821587586,-139.09540336215326
-56.40817613244311,-39.959878533616795,-449.0552782476893
-58.96661066938455,-39.509139770945616,-444.6152726352121
-56.040737556546325,-35.91205758423633,-159.0116506627854
-58.06590351714149,-39.72151084484281,-112.47551331122662
-57.64111052612981,-35.382403444692855,-308.26555906439455
-56.98033347817596,-38.4692741997584,-374.8078664163597
-55.52234171992206,-38.122760713789,-372.92383439271003
-58.5092834937443,-39.64059882526262,-181.18571705812647
-59.48363240195678,-35.06115166212734,-488.9229805631799
-58.60480610869964,-37.81324374026334,-441.05017166218437
-58.27808235540865,-38.7314817428015,-482.4760273832427
-58.486361282257754,-38.48647350151328,-113.5460762923523
-58.1423156734421,-35.01551327518612,-424.181246838831
-57.50240262845619,-36.29587935531046,-191.79899197090677
-57.80507066394375,-35.70720234794325,-449.4961691146344
-57.64871227783743,-39.12473168290584,-109.3111685817441
-57.829120860869935,-39.60197132194204,-430.8638644131801
-55.27107208928889,-35.341352362120794,-233.8336652759844
-56.980435341751544,-38.96483917127224,-219.92804198101186
-57.51513542380066,-37.14988343441629,-466.5846948220158
-57.52272159891171,-39.68433287034975,-442.5835229886848
-59.50243714508459,-37.698345205075114,-359.98504198179967
-58.572069678156716,-38.046978059886435,-118.08181795721973
-56.37373106381244,-38.99926242456892,-448.86605107138774
-57.37821620090815,-36.735197964726716,-426.98471757447504
-56.70730973660822,-35.44833898983917,-394.5311723686949
-56.53207495147291,-37.68488589099534,-72.13387928284075
-58.489248120990375,-37.5992047087539,-298.33247719648585
-57.105130899671735,-37.76348091375999,-391.69849023249435
-58.22867989441452,-37.888858275389126,-68.46132829815522
-56.29576550792428,-39.99777547281782,-217.19346308597156
-55.189094628473654,-37.174814527830904,-65.07152635526096
-57.2158556294185,-38.633015079258556,-283.5063844406402
-56.21993897671067,-39.82859196018257,-181.45353136771197
-59.10068376134514,-36.941186064805585,-342.1273491619335
-55.44419690494337,-37.044456325350986,-491.08773324780674
-59.001620519,-39.937266672126015,-468.27359396483183
-55.69613146660109,-36.7827170525001,-307.5166836432764
-56.49075070892898,-37.280996125294365,-445.9350671850948
-58.975381630666554,-39.780808454530145,-161.03280811471626
-58.93054085148993,-35.90818726111378,-139.25548489629006
-58.903907774454275,-35.12447199648314,-241.9410373104388
-55.588611207490686,-39.44357431099299,-297.97698799336825
-57.08861370708729,-37.67844127573121,-451.39927350007656
-59.20230974057279,-39.08179060269463,-181.79493970424534
-58.25194650357975,-39.95128631328266,-195.07715290328744
-56.9270273760261,-35.825705325030086,-109.79980650011575
-56.17950895353499,-39.50853512300374,-124.4396651913498
-55.986407572861054,-38.77643735571233,-71.31914524286098
-56.95072378499878,-36.00112061948042,-440.96976290317593
-57.90663852329524,-38.372687968576294,-478.6570335903504
-55.63047482686858,-35.001779890510534,-345.0631347269514
-55.08177914606468,-35.33871284995552,-324.46668729495923
-59.74976807111748,-39.27470559822989,-427.87313148891843
-55.255400639434036,-35.542653773449956,-378.8145744557577
-55.292602183768665,-39.35760641913139,-140.56923820703003
-57.61718489426155,-35.94156084835551,-266.0910971637678
-55.3195636416236,-36.17090477777968,-505.07627159031983
-56.60919194566927,-38.0886885993964,-376.2417665588478
-58.132464068696045,-36.91554924844638,-79.47875538409757
-57.89909684106625,-36.17787910098819,-142.62576011589786
-56.26029391595099,-37.76184176461369,-221.3613518779704
-59.87749215681933,-35.779068310154386,-358.930661331705
-56.67073149750507,-36.91200604900421,-130.96117284498837
-59.23168640960797,-35.01929239834811,-494.32264189880624
-56.771782411304194,-38.130081182974266,-70.18804500589633
-55.89862773473437,-39.78477606755541,-177.14569308481782
-58.91052465276408,-37.57330810082312,-118.43121767405886
-57.06183473422542,-35.49851297788777,-476.3091623464793
-57.27923676237106,-37.4891834752189,-387.678817633833
-58.27029700867547,-37.488101726290935,-149.79947426804372
-58.645096172269284,-39.538405327153605,-297.04348240888896
-55.5261132941564,-39.70867925604788,-154.76486679195875
-56.060149523486395,-36.28552710655063,-472.81444111554686
-55.702083870101944,-36.890713438573115,-90.52886419636452
-59.59969704220052,-36.983454739513036,-350.5694265302011
-56.41462907541362,-37.24390465700232,-438.80530956049006
-57.722853086301974,-36.07510773669585,-426.79509940973713
-59.10459803004459,-37.63838662635695,-436.12268682815767
-58.74671058524017,-38.41762590334052,-108.45426962593129
-56.687873753420945,-38.615959105890305,-398.5289287192966
-55.499242651579145,-36.38460346271245,-222.44337791921578
-57.39269293865091,-39.00811167379148,-356.018034615159
-57.86205572972894,-39.864378804762126,-399.7135305694693
-55.93674342946527,-39.370155079717414,-420.188136779333
-56.089508664465605,-35.817812213349114,-92.93296004872477
-58.39355238427394,-36.1306312582831,-57.91021128114237
-58.598850157288524,-39.69039488139223,-288.29119139349666
-59.01772591588925,-38.25904194459185,-310.51415068296996
-58.34813421661477,-39.05355511979598,-252.6290281293894
-57.18450235076676,-37.933627240654744,-412.2359304158332
-55.573473646145096,-38.22868256894536,-486.10280723928616
-58.78376068111403,-38.91189103690036,-443.3778513775241
-59.98900680916306,-35.048341096262845,-169.3705893009795
-57.9730237249391,-38.80735479004035,-127.2778603180658
-59.41324918179571,-35.594071824164615,-460.62189629930856
-57.19380470720471,-37.33483324660927,-340.7814704665849
-55.901443418250146,-37.68955473174286,-246.49195822777693
-59.82603789104676,-36.90045416666314,-181.59482871413763
-56.47953977219684,-39.285128515387356,-316.06851741862914
-57.064640442749514,-37.90538367116188,-464.9478690558311
-59.55029175606455,-39.26907610308786,-441.08107275156397
-58.92370977425961,-39.78876843740722,-166.37254795191947
-59.36610294283951,-38.86699572473432,-87.41153947441416
-59.14297472181615,-35.038823394910246,-425.18916229822236
-56.56222505513026,-39.77494866271096,-252.1086472711304
-56.709771034765936,-38.6156983313551,-379.6690514239585
-58.65942316700501,-39.974391186045914,-313.1081125737315
-55.51886056143881,-38.315355247466,-301.7543939364189
-57.52467023239298,-35.80968907410221,-332.4822485061589
-56.15115267704138,-36.77527698779417,-333.4773880044905
-58.21397972054115,-37.898206120208926,-316.09520050371793
-59.35927842028488,-36.37204837558998,-206.49396767501287
-57.519975557446465,-37.408157143195716,-331.794310469763
-56.09024128399117,-37.33902037662769,-125.15779100913134
-55.68263543410776,-38.77828583955329,-293.21392738929535
-59.320676753530826,-36.43346216688372,-339.8006131452835
-55.9792927797275,-37.749665177979715,-482.53528867897234
-55.955557423492834,-35.8946116712427,-470.27713972137576
-56.74338934945071,-39.45125446086424,-152.3007968802013
-57.04543583743183,-35.38030988346114,-206.562468198564
-55.56531259791818,-39.20279310258441,-259.9058570284378
-58.69186576434077,-37.16112588889025,-44.92409846919557
-57.5751858191381,-37.02527373598525,-46.161675382449225
-59.781853552526506,-38.10942750907503,-130.08152355834255
-56.044089925141265,-39.47440931771486,-416.43924484241904
-57.339662904176976,-39.5681132383439,-382.4403577551194
-58.430848679803105,-37.84662166612038,-320.58072350296493
-55.499024881645056,-35.65876690739998,-291.5491191637093
-59.334711360637456,-35.906458456473956,-284.1928666756086
-58.26619745498721,-37.5027583307568,-311.1514273818159
-57.23142033555235,-35.654121461798994,-484.0793299849476
-59.32524493413146,-35.31535502059151,-290.24848218638164
-55.387991058535206,-38.36654511014575,-222.04554724176654
-57.51394993517599,-37.343441708110035,-404.30881063188417
-58.60071700140768,-38.4049441944605,-270.87249278365664
-58.11069745192535,-37.67681722943487,-424.55354850863114
-56.82864937181002,-39.860213440000194,-324.00778119921193
-56.340376964746355,-36.52761914310388,-484.5123933204079
-58.87187471165254,-37.961010011464936,-324.44590413651895
-56.21804401438402,-36.4084739277335,-355.53972025057357
-56.023828868383376,-35.26713053377164,-145.7515712670778
-55.16300038010693,-39.60763043537283,-313.25424131558873
-59.78034966070929,-35.39432132114881,-356.9575396583952
-58.46741262874838,-36.7066133116566,-474.0637323057356
-59.19985947257002,-36.13749908704432,-352.71848872175696
-57.31923603154029,-39.81787583368042,-464.6302809386185
-58.10919407009253,-35.017946872141906,-464.0248889770394
-57.55049165488369,-38.28417382193857,-147.55828190018968
-59.32750520675274,-35.9815549512017,-430.7203966663345
-58.57862375855017,-38.08183118629926,-59.397206595284125
-58.038734265976515,-35.5371674068853,-481.29242573568285
-55.60106834549484,-38.480651461831044,-258.8110965642147
-59.70646201042938,-38.18238700354036,-400.23573633923974
-57.085067551949685,-39.16793135073083,-150.1359866523538
-55.56400881035892,-35.63957684001032,-223.81026979180922
-58.63611635391174,-35.85522310446973,-251.51340914543968
-56.4607243019164,-38.825049058112796,-438.6369099557198
-57.04558107098637,-37.587667477145054,-397.7255032719637
-55.95115617792949,-38.66552108177849,-482.0857277588312
-57.60872464614684,-37.879849604629975,-277.6157314249244
-56.220337932730764,-35.18843928962562,-335.5538217243685
-57.192605522665076,-35.753162488999266,-179.1669600673336
-58.99656080628795,-38.57508648520282,-222.14255914164082
-56.97000480813221,-37.02513871294607,-332.9473938051037
-57.191030979256546,-37.921628272743625,-141.6970972015289
-56.825968430015585,-37.9428834925319,-370.0793637662222
-59.96055280607035,-39.03779967199066,-97.68879687394649
-56.00652355579611,-39.0914084618052,-167.54141557868354
-56.093199185540826,-38.302906300531944,-236.7674190548389
-58.22345188881242,-35.694469551869744,-270.59022577420745
-57.462626733344564,-35.779902883153575,-76.58807297913452
-55.939121998701864,-36.476985309845496,-393.86926201141114
-55.34384274452631,-38.999222796148516,-162.40927970370086
-56.55191493183109,-38.70795377243855,-213.66345999017136
-58.331899059955255,-39.692691878220124,-136.2429598209512
-55.59381322212532,-37.52944685897272,-479.1818298570639
-58.92422676842645,-36.38704985107137,-394.2472676259574
-55.521847483716186,-36.04468422589992,-312.7141376919027
-58.153871386662296,-37.02204210979625,-442.0551704799785
-55.16405616446521,-39.675111506030106,-430.95304589632235
-55.92197850792967,-35.53233190604874,-58.16583048541739
-59.819478868067584,-36.60598670784816,-235.59096486911926
-58.216604723270834,-38.63254496216861,-49.376621537978906
-55.55895823903672,-37.83396826009078,-364.640973943386
-55.56190373328512,-36.73315478446201,-168.17089923699433
-58.61257407669036,-39.30755267402885,-262.7936735502386
-55.65477704524227,-35.668751426289674,-135.50876395379345
-58.944921304103936,-38.64972504487356,-367.3621687958034
-55.84860817117297,-38.323583462469315,-342.6611057952627
-56.71913057757742,-39.587173055488364,-177.53757890872254
-56.488805967974,-37.75244749143283,-90.65931383230277
-59.587620021513,-37.57941025756735,-456.0850044995411
-58.80632657594508,-37.09378143589857,-209.8274434127056
-55.19540442259149,-35.68022442013907,-170.97909803259904
-59.21219438860151,-35.10411376104581,-285.9265449822869
-55.76253205262556,-39.887929686583135,-436.93482895343845
-55.148049841539795,-37.61977517308593,-428.6355875445133
-57.06256151585085,-39.280044957284595,-268.43931805299087
-55.688320462574104,-39.48117152391482,-436.35301661321455
-55.2892727100092,-37.94758634934266,-96.2857108485571
-56.855024403487334,-36.65700755583986,-250.38155444032517
-56.257684061235146,-35.158336870091766,-320.31652629280126
-56.46209192257727,-37.60977668946295,-328.24714266771
-59.32177669203944,-35.517609200808046,-178.72258858984475
-59.67863099795117,-37.29303656031136,-439.0620210798251
-59.184992176126904,-36.76070325953674,-266.11200539815934
-58.713740019094836,-36.81711233331397,-467.36011639519677
-57.01812137054164,-39.74258539469443,-255.97130974060138
-58.077961316358596,-39.765200785252944,-437.75625802922053
-59.34079989045381,-36.565284656116255,-458.7221165859204
-57.3209325357281,-35.75557522277829,-258.5386182523213
-58.808681806038926,-39.983500213366156,-217.61003650380525
-59.76543622432492,-38.58616543378953,-166.0944911978972
-56.72022954942275,-38.241598044491276,-362.3130474642507
-56.23058499189018,-39.397261363597984,-287.003275646438
-55.06460278978041,-37.415212478542585,-368.58802095562356
-58.294662562270325,-36.902508673770825,-335.96156884582035
-59.02103372598941,-39.17981394319337,-93.01963797069962
-56.51527443374756,-39.40505807903713,-317.89348287591463
-58.77770962748816,-37.99877523962849,-491.9639399785032
-55.11473337273847,-38.10466638797106,-507.61099688005265
-58.302338967096695,-38.88135367439715,-262.4940387012671
-56.67898303535323,-38.21451904403142,-470.1506884122741
-57.82983955293219,-39.24193330369296,-139.65624920482918
-57.62000004909917,-36.92958758081929,-160.99865438509892
-57.36401281831541,-35.49498596400517,-468.6731335562893
-59.95909866030742,-39.1380226035218,-303.84077904164553
-57.71554705231163,-37.58413565035716,-427.20889635797005
-59.21946942105083,-35.87400070456349,-311.0636270155903
-57.48617370993279,-35.06991576966223,-98.05547824015117
-56.98656880513116,-37.214502834542046,-421.30546013128185
-59.28265198193874,-37.930235647366196,-405.23503550376336
-56.70775618912464,-35.34550979104198,-140.6456717721155
-57.438802640734245,-37.32171158421923,-314.8906683416815
-57.253831139414075,-37.96393664531368,-259.51946758564003
-56.99357222524087,-38.21706319859846,-248.82888146474014
-59.08652103508078,-36.710869010103934,-191.02234493112888
-57.595753695304566,-37.002207803814414,-392.8262101341288
-59.18815532046783,-37.3798186837188,-257.34113910157424
-57.13580380999589,-36.54947389227535,-253.47953160447014
-56.33641610352428,-36.42147053465074,-368.60713106708255
-56.4307631004103,-36.88708406107797,-256.68125476572084
-55.36983161987869,-37.48803490010077,-112.63975198834443
-59.66020716661875,-38.20059732744386,-162.4175951128215
-57.26785540152161,-35.95278492096929,-201.1475130327257
-57.247603037676946,-39.58962867990985,-485.21629496982
-56.29842298120049,-37.62813864414454,-100.85510181253998
-57.5425179700336,-36.95454380356087,-44.70859167075045
-56.74890350995512,-39.38727137892264,-214.83550878840265
-59.41380746018705,-38.135434562876796,-174.0631747222214
-58.72424574701677,-37.813062174500246,-325.390938868435
-58.51457726127034,-37.81977761458259,-437.42466466007363
-57.54559288251046,-39.12538694751234,-214.11597447070451
-55.93941716895097,-36.566809594285374,-411.39412125183475
-57.66498243990698,-39.652802336644804,-133.83310029471627
-59.52426579004384,-37.6186085559326,-224.25219124959747
-55.894661056177185,-39.754520135879034,-389.02247996241374
-59.93326252818828,-38.784597079221015,-253.3748758946813
-58.41313664795366,-35.32594064593379,-476.70524960250714
-56.97863795045731,-38.01238035070783,-292.84038544215133
-59.858216775795285,-38.718047574426635,-479.66776960667295
-58.93495512902869,-35.349381669520156,-63.575444390109595
-58.11447741928915,-38.59489703617173,-488.7785115228478
-55.92861708910469,-38.90817034875288,-344.01879745885276
-55.68547938450738,-36.556627490876004,-67.70508801815417
-55.84424150016339,-38.70094008413627,-179.38055368719262
-57.76860804921728,-36.88548731195859,-90.94977285890819
-58.36914091285469,-39.195609505253884,-295.34178622591725
-57.95234306461757,-35.95292808271518,-455.7412290058188
-59.00490843951311,-38.30842065821935,-212.953842160208
-56.23696760767582,-37.3084693423721,-329.70765328080006
-59.539928776787264,-38.92924444653459,-204.95434365247087
-59.201380736000786,-39.701318317531936,-410.2007323525106
-57.94268352495852,-39.965601569192735,-216.7314699593079
-58.2720222872671,-38.25417143379474,-488.4280368018572
-56.71858966571933,-36.621293686968826,-470.133346147379
-58.22430380703096,-35.96336695809771,-283.79819311020395
-59.907773286573054,-35.601852981213426,-70.10325425475558
-55.7244273665317,-39.32345002569899,-399.7628133105472
-58.77730960959732,-37.05315859098805,-163.45412204261856
-55.07350553357352,-36.07490406274106,-278.50880387534266
-57.68584735959463,-38.731946909445504,-84.50424054629121
-58.16533121264303,-37.15501422440706,-312.0664786704064
-56.75837451640308,-36.23286916247502,-253.43129420853523
-58.045776513261735,-36.555628086875764,-42.6376138865307
-56.32417629370974,-35.70647617530997,-77.00807421297131
-59.71761320704959,-37.6919473791126,-67.94436781294267
-58.53041163825104,-37.6430796372421,-455.05213477794024
-58.31966937900106,-37.80043659142711,-63.400621256683415
-58.164947238262215,-36.39586200117837,-234.229355085107
-58.93984150649782,-38.13204826811274,-89.27874373544932
-59.87588164586987,-39.61939641842905,-333.7635312869084
-59.244102919122525,-37.49415639797191,-475.6899566265895
-55.160631499223136,-39.406955482519415,-172.35070851340413
-59.026025404836425,-39.33742044255439,-253.95193082452843
-58.33087520405445,-36.76105354525258,-78.33040158332494
-55.18622997486457,-38.4984040833278,-364.7647039460639
-55.79608487739583,-36.89708569770641,-341.7946915080192
-55.87737776168465,-38.17483694524375,-470.8945498321202
-55.01377946252927,-35.13359387621099,-474.92220157850613
-57.47749054655745,-36.67068840030947,-382.2258962221764
-57.9455201901427,-38.70108123490793,-396.3240501094159
-59.20321803707632,-39.03431249841353,-304.227963160367
-57.65008830944456,-35.324898724455345,-107.16237577336035
-58.14115361125032,-37.35737281240489,-278.65500299369785
-55.50275770625615,-38.21252365837744,-189.610308809604
-59.815306126280305,-38.69831327867086,-381.43918220762157
-55.092858660171046,-35.93342475326343,-390.6933678643017
-58.855247283654926,-39.0155718920766,-195.39797389686282
-58.808685626322074,-36.113449132740044,-54.73644772341797
-57.85382798466662,-38.839743222303625,-390.3798438464146
-57.273769006233906,-38.89167385095042,-224.1168056722319
-56.04936482833924,-37.00026359881463,-177.38263387471326
-58.69818624345534,-39.06029301097591,-344.5784959874948
-59.24645544002715,-39.54375280870531,-379.1041094075631
-56.21352465270026,-35.5404628188489,-283.55307133482717
-57.36421641461628,-35.465740151848095,-444.9859900153015
-56.93991458341936,-39.562592917366686,-392.73628669992837
-58.91562612076575,-37.40175750613102,-434.4184033221222
-57.55247127974474,-39.82736214442698,-87.58329574730382
-57.850793941871544,-36.60263170235538,-245.478563502439
-56.58655639995511,-36.162452793221725,-214.95843048536406
-56.57940937435532,-37.21778642672828,-425.7872610852962
-57.79949718655813,-35.27442753672365,-430.4900273845859
-55.70913004161893,-36.488003916402945,-275.34165465614115
-57.48692544179551,-36.52135515107687,-352.4712724967787
-56.962764539111554,-39.61161324007591,-83.0127541483821
-57.87615861681632,-39.28840383738638,-348.9606079570744
-58.9737983565764,-36.35626567977817,-441.9066834534119
-59.124979267557585,-36.08758408526749,-103.98726477319752
-55.08580455601475,-37.13860687748199,-329.83636395248806
-56.566134274902666,-36.76671754333895,-151.01440326935614
-57.16667265700294,-36.01689935381098,-463.33434130473387
-59.44135458296642,-36.97852388217094,-99.34628458755023
-56.20292181016098,-35.25128412947337,-251.23860251819815
-58.9714846369494,-39.95982731056079,-229.30426564893887
-57.851846640328226,-36.56590754738065,-92.24217280422523
-55.5380981386615,-36.333124751907185,-494.3201737148971
-56.30222379413634,-37.35091460576402,-159.31331717270774
-55.496621234052924,-35.62917070301235,-198.0044835947415
-58.16058918052346,-38.23355278965351,-372.48198504312705
-55.259787882522495,-37.317753456218824,-388.99753653956867
-57.56897665057382,-39.70155013790285,-322.5558476986298
-58.920454326028946,-36.531670229785036,-395.1283995356673
-59.12455845922349,-39.31269203757251,-410.2318775305739
-59.970966072699554,-38.549487674461986,-226.55880433353863
-58.93822300585352,-39.391844783927546,-186.31564255481675
-56.73522788662231,-38.471272705744184,-77.9988726507755
-56.64774669728266,-36.97062232199606,-160.14254719971655
-55.72428335578973,-36.57915048525352,-159.55546054020468
-58.42663871780819,-38.25399913374842,-129.29352581236984
-57.956640370446834,-39.21098305585461,-243.5311370373122
-59.23182945726185,-37.01802650979558,-154.33307005942197
-59.95245241475941,-39.288902865999084,-111.77988708989791
-57.13444751217075,-36.37762330161535,-231.68210959705203
-59.54233383900414,-36.83079332142974,-248.34537214769378
-56.9720192648189,-37.24533506955648,-61.81421945883707
-55.03249277140991,-37.40816078882209,-65.69121408828143
-56.84469179927557,-38.87943836852919,-473.28212937901776
-56.96652350437671,-36.25681944710616,-404.87114380084404
-59.70935981145092,-37.37132482597007,-411.067440972084
-57.731735651288865,-38.20800244748532,-480.41751557036787
-57.072584311028635,-35.879743071918426,-288.19706775319884
-57.90524521771693,-35.65820811071111,-127.12924044804869
-55.198274490000905,-37.846730413009645,-383.3190733657913
-59.32378614947841,-38.98924007759708,-220.41226393825238
-58.01483577926715,-39.261692017915045,-108.07309354195516
-59.016136679903575,-38.25805129988827,-250.87206866670607
-59.48170774440805,-39.856745122545746,-254.1710580079466
-58.65083085865978,-38.35831961964456,-140.03553636952725
-58.74731866888265,-35.52794552169492,-84.511591792137
-55.31797240391268,-39.03889091739989,-373.3826958312807
-57.274542136458294,-36.97478357442986,-364.6389555783037
-56.9618331301452,-36.08701911395193,-297.64722532011393
-57.731956476456226,-36.355766319044974,-238.42414423210437
-57.948293573973146,-35.953407659381405,-448.31794063827806
-55.80409977154263,-35.29533367515804,-415.11861052301026
-56.624021684090614,-37.65281057852527,-254.75507202205776
-58.73138591105845,-36.05997688069371,-112.01741416410209
-55.56685123088204,-38.08662020648427,-350.2142158569326
-56.68444235735256,-36.05711022308534,-119.36844530964244
-55.39288310466064,-35.04521148804125,-366.5029338693348
-55.818633213524244,-35.40270692322935,-173.00467975554275
-55.15118211693742,-39.708680711834276,-123.46651172555477
-59.27781061994936,-37.35161680812601,-433.6805608311576
-57.63009075129736,-38.63303038850746,-476.0053524273984
-58.17327433229493,-35.95462051131013,-251.73445762870958
-57.286345488300086,-35.2748930767777,-470.15913428720415
-59.93742794811186,-35.09400199219778,-384.0779059887744
-58.64847761831337,-38.300643106534125,-333.56730376045186
-57.9358681092258,-39.16706434765487,-303.21385279483536
-55.81428264849077,-39.88093664787409,-125.78012483145862
-58.08426197657312,-39.96432404820121,-56.40959400684984
-56.07948372101019,-37.733642084708094,-296.8131610067954
-57.68693865750324,-36.630328392398795,-140.1066407894245
-56.21451479426524,-36.41083488749958,-70.71927800326898
-57.791560309843106,-35.474808122503276,-487.4866915267859
-58.750152919079554,-39.63733195063843,-303.476144616378
-58.502538490396674,-38.473205780038626,-65.14001912313972
-55.67696580932425,-39.73665712190188,-109.34247356994504
-56.82947551145364,-36.16323680398037,-372.6506655610204
-59.830204161621324,-39.70729225640302,-299.25123929885183
-58.8214646010464,-39.12823870394903,-265.7973162499099
-55.911289781827236,-38.2248013978938,-394.1074939218524
-59.34121745691468,-37.3417517628732,-487.48316091783846
-56.61956568104754,-37.12080963389858,-96.58435620438279
-59.624356694866066,-39.39076549941382,-474.1446592286689
-59.572961784438824,-36.012525480426106,-247.23859007985894
-56.13626171602208,-35.64533913485523,-155.34557665154577
-58.18242130526257,-35.97565673481823,-440.69835148877206
-56.12619392895116,-36.73815138834427,-490.2349879321279
-56.12462433783349,-39.162877438155824,-368.85290792553633
-59.503312139773186,-35.44104851797201,-242.70493473176182
-55.66084841113092,-39.00896489821594,-103.17803109558777
-58.031962935014896,-38.388230129173806,-268.6283375765555
-56.57723871361473,-35.55833500244859,-213.4933194502816
-55.40495927219187,-37.793435903200525,-494.7247243425298
-55.44026684049361,-35.60610557725533,-356.515102260978
-57.690883811720504,-36.704435211013575,-235.5995914446204
-56.56432976989943,-35.013516598537684,-203.2859941985163
-56.544013520411156,-38.628610950682,-106.78808255413254
-55.00733505544474,-39.51343130613448,-286.0332529001902
-56.28804884378106,-36.771783235569416,-271.30709478765067
-58.730363803819294,-39.03170178377273,-94.76327911005018
-58.46528209401756,-38.28168748206708,-238.57354261681797
-55.86599962031544,-37.812848028843874,-420.95879159305326
-59.7368392074265,-35.68794626357173,-221.95651068323934
-56.242710897962944,-38.00500144666285,-449.2299518726222
-59.54984080695037,-39.307806788686655,-279.6504123354117
-55.042365820624866,-35.50773963113765,-108.69419837898735
-55.5355654118543,-35.58812454450579,-90.93260322115984
-56.06189371235562,-38.57135047282394,-139.43186461683229
-55.727291013398066,-38.138209348338016,-377.09452970843336
-56.433432027859546,-35.76771186528295,-224.64183477486355
-58.17141006221272,-35.60888242116541,-46.14570692785411
-55.32966447152007,-38.19725543088157,-396.56300131966725
-58.03555825829523,-38.122077256246286,-465.190618525449
-56.219108064416275,-37.38798891728169,-88.80798791409487
-56.73536494848138,-38.28566654752411,-275.19542271645923
-55.63905595350906,-38.16208008425059,-104.89349805745258
-56.5763833648233,-39.88797454364685,-265.8615456748571
-57.40872774960423,-35.41706142302447,-313.3836252599886
-56.85782621876954,-37.572222571582245,-282.35910864000334
-55.40426430787277,-36.68672833562785,-380.9984182861763
-57.53964129094125,-36.57068376075273,-123.61376580870966
-59.172271608737894,-38.97097461844891,-343.15053958842753
-59.98180013589587,-36.247095479623624,-462.81404437912397
-56.99781674823901,-37.30097124291395,-402.2678746090116
-59.988396220629156,-36.678019550266306,-442.9026480713391
-56.50548953930743,-39.13189633040101,-170.69729405569626
-59.34767893009022,-39.540182683644005,-172.28546077736615
-57.58353283087186,-37.21710237088741,-311.5630546418613
-58.125465187278174,-38.50888216292566,-458.3131583855057
-58.16926233531275,-38.47349749081087,-44.86746237079136
-55.01139166168864,-38.17723620000522,-283.8211531391553
-56.12630552700176,-37.409261201814914,-103.39273469741293
-58.59272510497759,-36.28280353515891,-325.6580398843287
-59.74565657856118,-37.670627895534295,-55.6886600265743
-55.88706594698864,-37.31590785691416,-179.92203882285298
-56.181496031835685,-37.959087356130055,-391.07564174682057
-56.97157850979379,-36.919770107634044,-308.77737858916686
-57.68128867641553,-38.777330404776194,-364.538629532257
-59.79223865835929,-37.124720386937575,-79.92012337567019
-56.32744706025149,-38.105153569396705,-124.32508509552953
-58.18144980073079,-38.02341208620727,-244.00195261053184
-55.12052891140803,-39.54694058581913,-300.7774263843087
-57.51042819898436,-38.879719901127224,-380.3089019728036
-58.276042337712276,-36.29244135461318,-318.2587385990899
-59.87726734688911,-39.30245915501368,-74.13559409551073
-55.480080756922135,-39.95313643347451,-419.76986196724516
-59.36604204463926,-39.70142829650978,-246.90432994682365
-59.59869604584282,-37.72259023146659,-181.7892596296036
-55.03194624466667,-39.20149367513416,-302.37496834013
-59.47859853747148,-37.69354368369295,-190.61427156172428
-59.454886928030454,-38.998850985891586,-267.72790478990026
-59.2107303536658,-37.14568256840267,-156.14512808644815
-58.74862001188218,-36.72887581311818,-94.53212006065826
-55.356578640850884,-39.04373980760153,-227.38065320176446
-59.43490430647676,-37.79397497973118,-494.75405830530445
-55.63516005877742,-37.77112446391692,-378.9125164723415
-55.23623287911361,-36.23128975033112,-323.23934415476015
-58.47169629768751,-38.97204201055145,-483.4478629546574
-59.41626598681164,-39.38186519496091,-407.0896335626555
-56.29425043412223,-37.904160559080104,-477.83901172074076
-58.519361793010205,-35.48102882865479,-488.05949698444033
-56.42952082438519,-37.12080443663546,-223.3277482881538
-58.76890522749578,-39.57272742787703,-177.3705499088865
-56.43131633292022,-36.32657232943768,-65.09308321534233
-58.84206883257165,-35.88397966201259,-235.47509034333805
-58.72825357954667,-38.280110853295085,-490.0713908421425
-58.54692675930269,-38.75707259266165,-341.5135986870454
-57.09276103340298,-37.99177003058179,-346.6132895057624
-58.61950560234395,-35.69083120186992,-430.6099087158889
-56.73433888362716,-37.76771741264109,-497.8788874518509
-56.668490219556816,-36.853478834777626,-91.46820765546533
-55.306597778236494,-35.019802242056336,-86.70308962338031
-56.27237226506778,-39.1164314689666,-380.17012775904965
-57.21325315411453,-38.807496895828905,-393.11954060674896
-55.70904706484325,-36.16959482364714,-131.4759628260998
-55.01679826322912,-38.61874294869122,-310.6305694327416
-59.49851288034524,-36.43162912668078,-304.02631702198136
-55.57928807962757,-36.318906909922575,-370.4359157996257
-55.752768288430026,-36.09131518688627,-128.94111221745203
-59.78728314762418,-36.89109236310324,-251.65886957431547
-55.845825298640904,-39.40885366752441,-367.1662884503254
-58.85350880628548,-35.01350869581357,-424.6151042937904
-58.33825184792146,-39.62820010065393,-77.26171512217952
-59.98315959002925,-37.024868095812344,-86.07433526316888
-57.820876209175935,-39.761094810587046,-208.6948162569327
-57.81245011351099,-36.276767000744634,-325.8992394754398
-58.2274454961182,-37.51300472262601,-264.81970645400816
-56.829678497393594,-36.69660196790796,-413.37836368477264
-56.583708051472186,-35.19179328640867,-337.4282931111897
-58.17043233350303,-35.28004315222841,-256.9483527581888
-58.577009311302376,-37.87125336904425,-408.6802343670569
-56.72389035005256,-35.96867110683708,-322.56934920325284
-57.590195074501246,-39.90349762064145,-453.93561925405675
-55.16002188548457,-35.62368676043128,-440.39301897616554
-56.93282244202351,-37.16081480072016,-48.84107673300289
-56.54862771073316,-37.98028008379136,-389.5404673244059
-56.569427916576544,-37.86046287965009,-361.7289364775439
-56.65489708718817,-38.30639722067177,-132.220508378407
-56.07600366548035,-35.35993719307568,-204.89149025453867
-56.202987839702736,-39.71020490006631,-186.93168725076671
-57.66304246568103,-36.34672029378582,-62.21746795089011
-56.02518909634369,-37.525348769819956,-215.8144383834433
-56.12716256157028,-36.527821371897865,-164.27257907976727
-57.67958270597601,-39.22106442983979,-102.62272088691866
-57.78527757429076,-38.17981201447568,-132.6374846533607
-57.400908570985784,-39.344480637939824,-363.47887585441526
-59.66983364268901,-37.91151666752215,-259.53976447138865
-59.30439459041327,-35.9917223973339,-298.41627953139533
-57.18395156818465,-35.56782038533752,-314.79915514501505
-58.00503968414189,-37.35943835491413,-453.0604092725809
-58.35891628625735,-37.81502340334253,-43.03600979449327
-58.05934329552872,-36.94752445430598,-339.5020346690104
-58.92329161556892,-39.625508726567126,-75.62891492900714
-56.77954213272996,-35.0123916432597,-175.08343010117628
-58.389674041177926,-39.50902818571513,-371.50319475505927
-58.38383024329031,-38.81685143993416,-370.19580047422033
-59.370411957849754,-35.10615334204943,-241.96715845249722
-57.78745207117598,-36.30556634315251,-337.76130695869386
-57.70620059298652,-38.81403989298107,-186.98462186962448
-59.40632001015353,-39.30608360677593,-312.5588208962163
-58.7508951742247,-37.682600093547315,-279.23103250821345
-58.41113388519308,-35.495068066488386,-372.0737768474366
-56.15539545070413,-38.631175205351546,-261.07833484494006
-56.94943163449715,-39.91948952993995,-245.5898538079695
-59.51868552966619,-36.921356771510546,-83.78533504037726
-55.87472526114358,-36.6954345477763,-342.75747958861587
-59.672913452969055,-38.51406038458186,-280.8966609344249
-57.93116949674522,-39.10938477907458,-458.16203611831105
-55.17289766009545,-37.41814970438189,-301.2503325933589
-58.33833898928367,-39.46831993295792,-246.27545985570583
-56.37262527571509,-36.2886458530637,-335.9630958407365
-58.54511073970999,-38.26958997778885,-266.8639629954266
-56.65372704741175,-39.134861907625584,-365.6662228208032
-57.108657657820345,-36.09513037584149,-336.41154082332787
-55.00635955349515,-39.819210281936876,-171.80151436340077
-58.66478717497618,-37.378768979770044,-300.50935922470126
-58.60790201598693,-38.448958213684705,-174.55745450208474
-59.7791232495126,-36.23641593511972,-149.18061164335063
-55.23687120709317,-36.45109154591219,-413.76050956518736
-57.795228897725096,-38.75742253991495,-175.56331854980792
-57.94946028707871,-39.49662233392069,-48.76153170141738
-58.22721413426647,-39.149929100304476,-379.04298103524746
-57.99092028738332,-39.98899049267943,-363.57376021822176
-55.691261715296854,-35.39740787938497,-478.7018392997287
-56.62531808120129,-38.6676820376779,-392.3151533026524
-57.3376626894058,-38.35073207825039,-353.95107574838124
-58.91214563643773,-35.07021237790012,-60.357706288726604
-57.303437007038326,-37.26307297588021,-438.3891433963538
-57.97065022581427,-38.03235939426779,-108.8894889427196
-57.96566869902354,-35.661720478339944,-420.2517656548198
-56.354326098681454,-36.99082553037847,-259.3425044366196
-56.45525569377688,-36.004772431248114,-431.0670694982632
-59.07655755787751,-35.7627633058497,-482.6338185102753
-55.37635610361322,-37.26827054193131,-309.1474504662277
-55.52742663236322,-38.69211471430733,-185.4714999296013
-59.40298723269165,-35.65680581047598,-50.319610164865615
-57.04180317116581,-38.284524855755585,-281.55354531530446
-55.37778835086189,-39.31874866316942,-495.0142066664804
-58.280748678196716,-36.53287601902896,-348.1246021656685
-58.83219589855912,-35.8655670162419,-83.56297808439473
-56.491324729875735,-37.372650709815126,-133.74494342877458
-57.59331869793666,-37.46991496219591,-401.95218122479696
-59.47121486913738,-39.163389796817924,-353.7938673830188
-56.82770714518572,-35.65745265809729,-73.97189019954656
-58.73381852298941,-39.93746697286913,-356.0610610980485
-56.91271125645085,-39.27679418431189,-108.74413460880453
-56.2858873335643,-35.2364838347182,-451.0542821977096
-59.40803682350294,-38.73858101577669,-159.8054881190937
-57.47434890689298,-35.58201330876116,-271.6962622751155
-57.4404713391956,-37.272505476428286,-464.84901941420037
-59.60857943265748,-39.078964163363906,-386.28190732216024
-59.489010193498146,-38.1271191658328,-196.908694238876
-59.384779051630886,-39.90374571926339,-379.8871145483057
-59.21288323037126,-39.35379821699589,-254.27686153842933
-57.98213796901895,-37.43005913383415,-288.5039970388988
-55.03510218968015,-38.58747761967184,-251.79584465021316
-57.713422786939894,-37.35253207096854,-188.58560547115266
-56.02004807427073,-37.71028897832857,-234.20897289707543
-55.46105657523756,-35.085644894998495,-319.7099643092461
-59.95971117830357,-35.56952447229072,-104.75155214811684
-59.11327051755907,-39.53926111068883,-137.12152586379983
-59.67554133184965,-35.47289044833201,-387.63512152225064
-58.63959477728622,-38.17762109277999,-468.94930914012264
-56.871769101928464,-37.041469291004255,-456.9678512237786
-58.8368170842631,-38.479014168051805,-169.53069333902846
-55.82506145703225,-38.90194877785013,-91.49419146052115
-55.356479912321696,-39.12503298205445,-116.32227363895632
-59.02148787827372,-37.53409251558447,-419.48170905709844
-56.76722317614868,-39.813185195257134,-61.83859268333494
-57.35816725397861,-35.9800090884934,-60.82384326467799
-55.39465879038802,-39.28590265799533,-325.41649457473665
-59.06014991217352,-36.146408371191406,-265.5831222914157
-59.29657745659038,-38.9715341081494,-161.2942399102054
-57.742556934312354,-36.957527940714805,-88.18275872530492
-59.60293469144473,-39.812181021687664,-278.32701116010037
-56.73003528148191,-37.653923634290926,-219.23356050142323
-59.76211220147196,-37.334445662294904,-461.65391910389417
-55.08190253798407,-39.81719933062545,-113.52148295484922
-57.69723414683674,-37.51953379131015,-181.60386707769933
-58.34851658349619,-39.21768082661337,-283.85478227643756
-58.16510669485029,-39.23892541790582,-132.4333651509203
-59.36997224167522,-35.96856214549278,-356.19902912718766
-57.43180823331137,-37.03894071983351,-280.6273420763128
-58.41607124243738,-35.739186774490115,-395.47788513374866
-59.5106903773117,-37.25746936192336,-118.73492877199538
-59.49738548065502,-38.89099750853185,-104.34028046913318
-57.30464867169103,-35.740275213846246,-55.31446217821785
-57.624338093251275,-38.342432050115676,-116.36964129060127
-56.83483247589447,-36.85212106772457,-414.5979138242049
-56.723847666269265,-38.936993295295245,-126.7107482927606
-55.07757321763574,-36.32136522829664,-289.5480693446775
-55.28272887388715,-39.391255862413885,-269.10647241724143
-59.89696062132304,-39.60730571185171,-262.60360384583794
-56.88734395394343,-36.68444392222775,-150.88086115942602
-55.57132656581035,-35.10014507796241,-448.42292649469266
-57.593080695116704,-35.46645156859411,-185.59536680401507
-56.14860690756876,-36.98064785084889,-201.28971809105195
-57.26307506572427,-38.32919366203451,-107.5758965995943
-56.84627244982272,-37.98066787229034,-486.9023559926701
-55.96901750557485,-35.73785044791291,-484.4152238608874
-57.74876318975273,-35.60938898251421,-407.9446323852658
-58.18169820236445,-35.704514036982914,-405.3581919869752
-59.517977613765254,-35.861028086454944,-64.44245356777323
-58.94507980424718,-39.14814695017249,-396.2163975886948
-58.321226262854395,-39.340157582832994,-454.60902875992
-57.451441342999864,-36.34687007164886,-230.97537773062055
-55.82964330234705,-37.96441108158038,-144.60516652697186
-57.980628669240744,-35.03732846369796,-81.8458689162217
-55.49095830780181,-39.729832843158796,-218.3753773044068
-55.60164207283125,-39.423114823718734,-440.5713207980146
-57.10803352555377,-39.23808632118394,-72.8365530295991
-56.63829809426677,-35.910875346227044,-161.47083977190755
-55.24953592363399,-36.397020090196925,-190.6265146325632
-55.41128005219563,-38.94925840088527,-182.85393283976097
-56.18377948689858,-36.93539265433588,-302.6783618589184
-56.79958542886023,-38.83522144473145,-229.90903339974
-58.32478554067211,-39.605965072984695,-337.88167617764674
-58.31660724843329,-36.56080900818903,-395.31294508644993
-56.38860887133716,-38.377362826644806,-72.909985773185
-59.73016910153952,-38.4544443361387,-61.917707644158504
-56.852124240186086,-36.672252949911154,-478.5542437737416
-58.206727966142644,-37.03861778917989,-91.05068048513706
-59.061683345490486,-35.5029458927541,-235.68422902545083
-56.08821714662944,-37.68908020904324,-346.7614191994764
-56.613917990189435,-36.56389369495615,-51.6500934819688
-58.373599462889594,-38.46380239025007,-400.0676964305597
-59.922510607932324,-36.39225857818046,-495.79183970456154
-56.99975809373397,-38.49143801984363,-203.97543210883163
-58.73423295610001,-36.38020107978378,-141.4310896734255
-55.1132586474355,-37.85396033636601,-78.01945973716064
-58.81518905230556,-39.85644828399118,-236.02861608383995
-57.27455134781837,-35.665325089482366,-314.2614467783746
-57.001691340483234,-35.75157103748326,-50.86353389311265
-55.95447060897084,-39.95700346521967,-472.1157287510765
-58.23660962703006,-35.1627130265869,-196.38813880067408
-55.81825095505852,-38.20829099726916,-149.53583138505866
-56.82662737400799,-39.1757884014265,-235.3582077558788
-59.074013358425944,-38.93928578375301,-167.74587556530614
-56.31419150783244,-37.31563345507199,-257.58428125382994
-55.07851800996907,-37.60966895153776,-274.3140080230878
-56.409307319247944,-39.41259618361021,-166.04899028955495
-59.58879667085802,-38.75210038216498,-150.37072975290488
-59.79972704037871,-35.00613272960752,-378.5504299015586
-57.95515217312943,-37.527522549933444,-355.270335381827
-59.1737749540833,-35.77690073624661,-164.59896458626727
-58.84862876829192,-35.36878524574393,-435.62471718815016
-59.890860794279206,-36.27888645125868,-357.1550859256475
-58.25297337102842,-39.466637403801464,-52.00615220572111
-55.31348889419263,-39.193502550653925,-131.9276916481677
-58.98830907852916,-37.563631444820444,-161.96928997573443
-55.72103577885424,-35.53867670551729,-175.1149659887328
-56.91924769241701,-36.29019333222681,-113.25415025421928
-59.48805509253321,-35.08844912416871,-420.21301901733716
-57.2484676315492,-39.70589478706366,-118.68645348145131
-58.4807980765847,-37.61657492047488,-120.3584714682527
-59.665852829233586,-38.94819951923406,-437.42089934697003
-55.00948335834944,-35.17573641861172,-445.7171712640357
-59.45787510962089,-35.568259138016785,-130.82797535532694
-55.90266237938277,-36.39673934772135,-268.0674702153884
-59.747233306968354,-39.50776296776058,-92.49880088507432
-55.51926733524576,-38.42719829463787,-410.2214202368921
-55.285403003352954,-36.508914475605806,-118.69020253594218
-59.5651377594169,-36.22047264609466,-441.065379479171
-56.653460758000215,-36.77099180051818,-339.57521670580616
-55.048909520048255,-36.365606972229244,-214.95051335026835
-57.71037870984755,-38.844028631981864,-237.91522143468305
-58.31827122467273,-35.08255732509576,-139.57452053925414
-57.47420166348206,-37.42168407686492,-487.49738542052
-58.373125779967374,-35.21351067935546,-170.76558960109782
-59.938420117637925,-35.24359188680258,-178.04220439085142
-58.97178003874673,-39.51629644164862,-230.21849739514246
-57.63351893776311,-36.49565871332909,-117.89377814398269
-58.53276087443805,-38.474678690885554,-312.1457283566928
-59.67619941437127,-37.237515954069174,-467.2596907204215
-57.24063183137524,-39.939119380477614,-89.08266983952203
-55.63820564370025,-39.10465094634959,-100.29337954927566
-55.51598146697267,-37.54732796082132,-393.7888485196769
-56.65407014564899,-35.88575630213645,-471.4749371984413
-56.260088278293075,-37.53652823595539,-166.21971754374079
-59.955564698476046,-39.89575595040373,-355.8527583013092
-55.27782466189182,-38.023603027841425,-248.7976590303216
-57.26752393578993,-37.362839433537005,-143.7489594547928
-58.24242225585097,-39.899635873983314,-257.72568960467936
-56.49371956077345,-38.40873239132118,-269.0850262295391
-59.545486021733005,-37.82732166377245,-403.99084916363387
-58.89759969228658,-39.86023711312858,-194.50298823879916
-56.10090784578545,-37.87307700380892,-325.4097238280957
-56.047840251061096,-36.81708031851761,-459.4944089415918
-58.629856922113305,-38.3691204215387,-433.20456299417043
-59.609724755232065,-35.70761748818234,-165.91059641470835
-57.540216360052945,-36.62544977282679,-173.23135567370903
-56.928536429476644,-35.9318436985389,-481.28748022447604
-55.12516925247482,-38.31338946954204,-429.6292994171614
-58.543871159691754,-38.25435101964738,-84.78836472728645
-55.43708105105738,-37.51720532536475,-154.96054959901267
-58.63621124751492,-37.34737154560143,-311.7295597426158
-59.47971114252559,-37.53499285896097,-179.42056909450403
-58.41429021775011,-39.82236359580838,-214.1549418455701
-59.617444082002976,-37.963903327887344,-52.10720774161434
-57.24901337325485,-38.5234096343571,-82.84486396973016
-56.78110990419849,-37.26231665858655,-479.27978672588466
-55.13706497345401,-37.26731300590642,-235.7845791849525
-57.53364976220117,-36.482697499092474,-480.72208676099865
-57.233405973071015,-39.87075098730821,-423.3637171882599
-58.771313241389116,-35.46849187775444,-262.2703434263747
-59.61467943256397,-36.87984133212656,-282.90058792443017
-58.38870881093173,-36.95107996159419,-380.5727701617165
-58.45387323967729,-39.641963276247,-275.3559280416826
-55.12112433566155,-35.5986601438853,-69.66362359191548
-55.84460843453369,-39.88193713391082,-488.2712218035067
-58.80999564040558,-36.56392073848083,-118.35591112405216
-59.703587163472584,-39.279496280430216,-354.4399273354391
-59.53598059308719,-36.32448965951353,-206.02982976163474
-55.41518918057087,-37.09542030640253,-204.67297853861115
-55.575975093597435,-37.30405607266345,-317.7757708679929
-56.106472084138275,-36.103502992538345,-383.2345790933034
-55.6507945723865,-35.52203756724337,-358.6535369816657
-56.60348487670995,-37.88990335205451,-476.8421868793814
-56.624997692957635,-39.330562210704514,-381.9097057824971
-55.00577194270671,-39.66869848786122,-335.5614643579292
-57.84656629168524,-39.404804861595636,-120.76358948998899
-58.12102382298723,-36.68546427900034,-270.5343015916098
-59.90292985875866,-37.629385040760646,-419.9537065058847
-55.5437303222494,-37.66108160467787,-431.6905905305531
-55.95464881178038,-39.356345441735115,-329.192587295613
-55.462484288158265,-35.172072542139055,-205.2984413047142
-59.23790628451749,-39.7953304954581,-289.74042046251736
-58.801216116074805,-37.1453627313601,-208.1413977518677
-55.33924362647107,-35.806524429581984,-94.63598835468387
-56.70489000725622,-37.72360724266583,-395.1287231542447
-55.55770382823747,-36.40077771456804,-313.28395700447396
-58.06907942622853,-37.461119462146684,-170.63412582225726
-57.8383251773644,-38.90709482918397,-268.5733956510513
-57.350799347658615,-35.5438383433707,-432.60747092309464
-56.120945884292055,-39.478360572668976,-63.03397665450153
-57.29448899387949,-38.968896555328236,-463.684256286016
-57.890001245489046,-36.96508219988783,-457.1771873134164
-55.41115003520987,-39.68028731336446,-378.2555076112243
-56.436362050875566,-38.00594084566516,-77.43612550972708
-58.52300538566265,-36.46679308713243,-151.8444232815864
-59.797838967262415,-36.2671915001064,-468.5917055279814
-56.74218075723519,-35.97620267764156,-336.969009284785
-59.531988983060444,-37.26986604851518,-375.20581985022983
-58.4630777713168,-38.225370150740254,-51.66804442069076
-57.435433515389356,-37.12545044464908,-181.42491548587992
-57.3313703612818,-37.77007675060598,-402.5485793488746
-55.17047567858886,-35.45869649721447,-218.32442302675653
-56.987365683187726,-35.29837361906872,-289.01070444098787
-58.53227709048576,-37.26799542997694,-153.9579532284906
-59.548868941413346,-35.030956104815985,-236.7020652970829
-58.52311134063001,-37.955202663370336,-327.87291371152304
-55.265201926572246,-37.871842170692304,-101.01615416172942
-58.63007907463166,-37.834028970656334,-111.84576714333862
-56.38566207922133,-35.877660341741624,-460.73238724906355
-56.85060098713327,-38.9940984594656,-459.63163532474744
-59.56630371153509,-35.30949643849989,-56.034643854680134
-57.86175034419302,-36.78651868318695,-163.96644608652673
-59.63160808477009,-36.67316802375915,-426.06208303951547
-59.385969432884565,-37.17543336050783,-233.57724062496874
-59.62992556945272,-39.8983559264401,-428.39173188075466
-58.48444062228006,-37.60393842736054,-417.068380674421
-59.7894205876098,-35.77526982384857,-381.16368447856075
-58.61678465854371,-35.300525086812776,-143.164656518734
-59.23989484557614,-37.74806749523443,-483.8103596780974
-55.87674392773222,-36.44852338886876,-124.96182093898594
-58.71183949912733,-39.82425539000725,-218.94712963236432
-56.21001679821997,-36.23458166481771,-175.43295760080304
-55.99460985548176,-35.70175639135052,-345.7130014540931
-58.166369566687536,-38.20656399632073,-208.34387660998684
-56.00496530684334,-37.910060463938635,-141.4569845212974
-56.0043570881153,-36.8869269731673,-89.8343339941287
-56.810378320706434,-36.88462509826959,-495.82010785808365
-58.09883662188637,-36.97311265717583,-85.70001030103074
-56.815442162675495,-39.71810034498506,-367.1170683332749
-55.68980951670983,-37.18046834107854,-320.9129064095702
-59.948149447453495,-36.70961992256481,-409.98278816250155
-59.385182371819255,-38.24310239673112,-99.82483336247904
-55.18939937856139,-38.24837570909814,-371.1110951073423
-59.2521341385441,-39.623590324203875,-287.0788013015362
-58.96767083025327,-37.258247635180844,-196.2036594913845
-58.86311067480909,-39.66552365475859,-100.16017034283892
-56.81359273531067,-36.64883044173106,-72.86670365175894
-57.395166872213245,-37.36618385755635,-187.15884408612933
-55.30281836662461,-37.726522711295125,-152.40987234445805
-56.07678729698903,-39.20740906384403,-476.24093270196124
-59.30996567414687,-36.99450872209777,-268.29480213035663
-57.71108579453865,-39.35131336845584,-485.3052423623807
-59.31307745598771,-39.92052073065541,-148.06354229971018
-56.62940163040412,-37.42002329478641,-450.11911935655365
-57.7875667443548,-37.221353574919,-406.5260852233097
-56.94318978695729,-39.81414966430721,-389.72506474861314
-58.62640180309025,-38.43160051068246,-490.82308594706365
-56.933067888995176,-39.03023741031493,-195.33027119194574
-55.081079610420794,-35.55712053306157,-445.43559580700685
-59.99484312440677,-38.0591622296326,-319.1864476233733
-57.21779704033738,-38.73666020778027,-225.82612367957384
-55.89366939645734,-38.657456041719705,-328.1965240807928
-58.85746126924427,-38.30077379185989,-447.52944321534375
-56.808429774597585,-39.701311348930304,-58.196919675715804
-56.26464643250899,-36.38406466008272,-98.24711240293374
-56.99834174932159,-38.59555013766822,-435.58501745554014
-58.96616579671531,-37.3171215678284,-343.1376165636783
-57.23766544879906,-36.55030896837158,-243.35272966254652
-56.14161094304031,-37.942951581386936,-385.75839764120985
-59.56155728881352,-35.32873167099723,-458.9582291782696
-57.530396503468864,-39.91817747288351,-156.88015924227204
-58.9333161025871,-39.099882578932835,-184.24787694610157
-59.95954732749735,-38.93418898413003,-245.82037345334743
-57.64473123176646,-36.35847820840252,-259.4980462584573
-56.15728422887007,-38.80307330758507,-104.41448657869537
-55.89048423968088,-39.31316261941363,-65.39231102889002
-58.96168568119459,-36.229879777710735,-241.0854156847832
-55.19694196008929,-38.87096301192189,-332.8516560548236
-58.259101100450835,-37.0785096845435,-209.68022200612015
-59.686015708719644,-37.33830266803457,-80.53682923868071
-57.41978531380716,-38.27107895022851,-424.6083412016744
-56.86416453766207,-39.461488373591145,-469.1547422988458
-59.55741423983121,-35.57835640137616,-491.35656916204897
-57.50013908888918,-37.8598584105636,-126.13526684337782
-59.76541243528783,-39.104101670891396,-388.1309999573304
-57.82409891845212,-37.357154056107575,-414.21494787956755
-56.4717346582475,-35.7576304432666,-141.992826992864
-59.490407314639036,-38.12142562723418,-316.68824261204884
-57.97712927173466,-39.25509850428042,-254.16024925905333
-56.984331815370176,-37.11611841859659,-428.0478051803866
-58.016629794702816,-37.887724381861894,-403.20579650728433
-55.66224805947355,-36.19105523251238,-353.6962781373187
-57.52399294279212,-39.68199488745814,-105.29056246739928
-56.96553017401135,-36.47307913664642,-64.15962961930678
-56.974186936322766,-38.609217028862325,-220.9305733396626
-58.20090063355845,-35.27136460967109,-59.195202268763495
-58.39350842249704,-35.181010234107426,-342.38741657102935
-55.3102817036502,-35.297664084938944,-115.27562496983725
-55.74662711582072,-35.62596855916918,-73.81496614381192
-56.47647499712989,-36.223164181346974,-253.28235480470212
-56.13796899841527,-37.53423176636518,-307.4921571683755
-55.17886495714682,-35.44047425046206,-297.5204106828918
-55.62127414793945,-38.44221303626909,-186.33289854299002
-56.442043060959314,-37.062784577756275,-93.7901864603691
-56.77579542618488,-37.52760613225756,-278.56175043282144
-58.68898222034588,-38.19822607968858,-438.2014603222261
-57.36151847573499,-36.448741766949254,-137.4323985827516
-57.001123026680574,-38.18912311765024,-208.89396002441404
-56.21057629506962,-37.86081303738504,-240.2497691729481
-57.66422207298211,-39.2678230457799,-109.49614164446503
-59.84502053774131,-38.5663222242594,-419.1086862518966
-57.61559504984765,-37.06025360368269,-150.65913578481636
-55.256974242560354,-36.45333393332891,-300.9994362082286
-57.40033935512495,-39.92998459243968,-343.273577578871
-59.08696911241155,-39.42029990650997,-429.6480002105626
-56.09302258972407,-37.978373659086294,-363.26256888672424
-57.03873059005326,-37.36369246730015,-117.54476490207864
-59.270252537445536,-36.903923347946545,-320.1144240582471
-59.48373358874537,-37.50103528940065,-418.93008164316205
-57.728139028669204,-35.67121874154299,-204.32250041147918
-58.23313403447362,-38.73745453014676,-174.57082633994298
-59.311110962226074,-35.67194669761328,-309.6988259844132
-56.24876001324773,-38.58897134671341,-215.7697265275631
-55.96729030443578,-36.775852903126975,-482.47223936947887
-58.7601291224442,-38.41127975114087,-366.68642865693164
-56.30694777598894,-37.61436594321354,-445.42993850529655
-58.908969906495,-39.180388357044734,-322.9345847285017
-58.73658392894773,-35.034919413745115,-413.6709746737305
-59.819763252591216,-37.24731563211961,-401.67936272002646
-58.04350272274621,-37.644409891242184,-287.55824228690375
-55.635624405511294,-38.609246551516534,-427.3622785376516
-58.87554711870717,-38.83363804841317,-478.1761416838308
-58.792951487196426,-35.42174758154968,-248.9216776219495
-55.74464419299856,-36.35760599703377,-191.60213768916645
-59.296383971727224,-39.75747950458966,-285.4575758989454
-57.22189468828408,-37.8980153790384,-114.06757060102781
-58.714729557075756,-35.69141969654114,-438.69812807202305
-57.22867380908776,-37.22672936514854,-185.1037141541186
-59.64097901391897,-39.291616366943906,-418.35796067047977
-55.806904543199735,-38.02876760219908,-98.74589287631703
-57.97182526386324,-37.466592203397845,-279.46698148211766
-58.910877768044514,-35.732808312278266,-69.28959206351291
-59.215043708165176,-37.09623144837981,-96.96000341853754
-56.02456778464752,-35.055407339881704,-330.5538701109792
-57.90356400019602,-36.77068690751391,-230.28236943226332
-59.07274093021959,-39.501915974163694,-190.6414029568014
-58.00200767909051,-39.36473413719979,-395.70455001032536
-59.46588409004824,-36.597322744350066,-50.63559876022486
-58.866976915454195,-38.93255644811926,-217.49438754942747
-58.90253837556532,-37.86700212453124,-118.0793353188037
-56.02345456304948,-39.56237118579653,-400.21618583818366
-55.26679356437119,-37.92787072861891,-487.424676231862
-56.62554495610717,-38.52964086151705,-251.8147215516456
-56.369394167922735,-36.123164049052306,-197.5485276290693
-55.014521785561485,-38.62903081039758,-303.30568861851265
-56.39956926807822,-35.16763638805533,-399.1085278299462
-58.87558515525647,-36.260839391753805,-400.8828597755576
-56.177276592750374,-37.10174439381344,-422.362108210706
-56.19523070196509,-39.711110270430936,-130.74890758138542
-59.871342695677484,-38.837365241402026,-78.19870129312571
-55.63333051079578,-39.97681737329327,-192.23576558312487
-57.861870580414475,-39.071040284504114,-51.702132002943756
-57.64635074467712,-35.79924491051029,-425.4587009808288
-55.01481555738239,-36.07021488746775,-245.0660889342016
-58.85204612788235,-36.24870986537449,-440.1950737613835
-57.90400318461493,-37.6082343577958,-385.2703359371383
-58.61031446211333,-35.21516028434992,-112.80259583622053
-56.4948324363511,-37.752550306963364,-366.55779877917104
-57.32658749538245,-36.05895965151299,-426.8871910516905
-57.73714628199381,-36.288683278968165,-136.83539849718622
-56.36562732789916,-39.31729915517822,-295.3209833720571
-58.63320803679883,-39.41693376300196,-132.54363461215266
-58.810184217241265,-37.19533947463251,-77.71139554297122
-55.36390279381306,-35.00770914362141,-91.76886364898712
-57.47105783356034,-38.58184314433879,-169.45083132536806
-56.55839508193552,-36.898101311599355,-137.90493150337292
-57.135162927925926,-38.41057192123692,-456.4880120783001
-55.33979089488528,-37.19256822477834,-481.13032908433667
-56.61921245513118,-37.544317679459525,-317.45153640619895
-59.99534699044523,-37.19414923514236,-69.38588339588335
-56.268611684840025,-38.13926562886987,-122.07239089517223
-57.89385107095767,-35.99229694154562,-439.3964502648018
-55.38245638048681,-37.343905701908646,-175.39771218167357
-58.18137568239381,-36.700407731444045,-462.2765017645457
-59.68798555823601,-38.50752084690037,-211.43959831122922
-59.06173945520606,-37.432055839002345,-277.4305710491353
-55.30874607990092,-36.8402750014166,-204.15629387749232
-57.687605287863455,-38.211200911214085,-166.84060274518833
-59.69974597461122,-37.58287903664262,-229.25274281159443
-57.662237528982395,-38.00179580395917,-266.27866062437585
-58.80145410699817,-38.28756180904487,-271.99503663376163
-57.69376022677375,-35.1972167945706,-377.7399297832658
-57.48391218330449,-35.488838649967036,-309.82559813556855
-58.55280028716109,-35.263350215861536,-260.6143654279158
-56.89836472970574,-38.60845205384322,-386.2755365296748
-56.761630146081146,-39.2093881451399,-92.45500160822549
-57.02238542147782,-37.76899327803117,-442.80291553171503
-57.57009711296022,-39.67235786631995,-93.33040474660012
-57.51902597085203,-39.55902107365793,-86.36789698565573
-56.20873165637669,-36.062415933321944,-388.3943660778444
-57.45363325833083,-35.096639354390064,-394.5327940416794
-55.47864076061835,-39.4702475702945,-231.9293782281063
-57.16457015647581,-35.069474566845685,-374.63029006237133
-59.08874535282759,-39.071510430156195,-473.3497830757089
-56.801528029122856,-39.24146902365425,-128.88884104624125
-58.56908180363022,-37.96792909890999,-266.2711280260749
-59.88967932407341,-35.244342868162995,-382.64061867332674
-55.30724519117907,-37.09599571993055,-92.21568876695726
-58.17252310027621,-35.05028899324453,-469.6377284866595
-55.93015250738049,-35.44747505996817,-173.55236555723553
-55.56764999909108,-36.10469610073164,-206.46400573800776
-55.302985239923004,-38.60708832676309,-353.25124840626694
-55.3319270110853,-38.109464548158144,-152.72383416177001
-57.69066479809741,-39.73256749416146,-83.39637642373707
-59.91732680923173,-36.326719981270074,-442.68641749366225
-56.519073410851846,-36.64716030239694,-367.86271895918736
-58.08988356041876,-35.96163277967644,-163.37507835435426
-58.17462999753748,-35.099466093552934,-255.60640754070766
-58.508273570677375,-39.27100210105375,-160.91115124890976
-55.044777107848965,-35.94805827777903,-400.56906688218106
-59.97601456819445,-35.54441929968698,-216.83098186151176
-57.3159747688391,-36.930938630641016,-289.36134889059014
-55.94185433019814,-37.78362571209604,-259.13875066968774
-56.25356339169056,-36.00204325907982,-104.5358305158811
-58.82368667328159,-38.46176917511473,-53.58469979790364
-55.680381150106925,-39.79396997904432,-252.23633182006884
-59.89561640087614,-39.55832876456639,-140.39081702304503
-58.35204382081784,-39.44185341499031,-47.929897491995604
-58.53337312522717,-36.65901732285241,-441.3315192670541
-58.505137901712544,-36.819118598735926,-180.25882358264607
-59.38719685748835,-37.729496570248884,-263.0982080275211
-58.18717844537359,-36.72866187274055,-118.64312197780919
-57.33679434968094,-36.27893145563646,-51.30736722710937
-58.20122467403894,-38.40877906834886,-459.2639332364715
-59.44664431100234,-38.61007439444452,-197.34045926201958
-55.74283570957603,-39.6768569308869,-247.5068572660271
-55.54247607996802,-38.33233914596872,-296.3077069182751
-59.96587259398911,-39.89376156132998,-453.3748458903028
-58.48268345783044,-39.57709510680903,-118.40794695500504
-57.34606491494007,-39.72286604637403,-357.65597242915453
-58.99065371786605,-39.10936679310322,-257.5723715835013
-57.99797729180375,-39.66571672859579,-125.96423508548813
-56.20754840893218,-38.88485600483835,-94.0682670890279
-55.8657447848337,-38.66685490091752,-309.5838390086702
-59.77530190535697,-37.759207548743866,-425.9944057239279
-55.69017601816541,-36.7442733459592,-159.7238136004999
-58.6807884954779,-39.91292327547051,-166.9647976227045
-56.59590765519755,-37.42326810637173,-104.01501722837845
-59.10283955375294,-38.3047812125259,-427.40965513778434
-55.65678203560507,-37.14481759758553,-395.78634236575715
-57.56852800594828,-38.53967433333611,-388.20858091612064
-59.2532202737683,-37.9383908615417,-455.2795928692915
-58.902067437467096,-38.657653389653646,-391.1414037780643
-56.08396660277604,-38.98533703194726,-218.697250996681
-58.97757066276684,-39.64553909617027,-420.0837197183219
-59.69243702359597,-38.844501214007394,-464.4120468630445
-59.48881334051563,-39.6870973849204,-109.09568264389725
-56.09425905403726,-39.82571395283395,-485.39607702445954
-56.22365735238774,-35.125585285150805,-324.1909361494104
-55.12136383102534,-37.98393564904295,-325.75848444380875
-55.1416617762217,-36.41872471154392,-305.94022013269296
-58.205919362583344,-39.81722596630021,-304.17199389728313
-56.03164988917413,-37.24692502953271,-216.65046553489404
-59.53897865073034,-39.8772337465706,-281.40444626613316
-58.38259602906379,-38.341639984208484,-465.2670945847204
-58.75723627318738,-37.57203458176976,-446.75839803547575
-55.51740474694726,-38.511699288129556,-151.73118341539418
-58.50389291035836,-35.71766916418428,-47.611680473945476
-58.01744841636455,-39.09221302872343,-186.05113008566414
-56.45476529052497,-38.84144070769293,-418.9402499564742
-57.19573606254801,-39.83916442263493,-274.75262769977434
-56.268985477870245,-39.858210807262445,-323.7499463352032
-58.08815221972898,-38.217282256125905,-381.8982062936478
-56.908813479776846,-39.644361119154134,-397.6268681520051
-56.06690716512839,-38.56738498225652,-69.33174739348253
-58.66705630479555,-35.46196160506918,-198.7038860563488
-58.402711804436784,-39.14653702343888,-480.2676835914419
-56.01649170618777,-36.29290982402642,-361.9777062854335
-59.63213042946601,-39.92067621265725,-168.81602767987962
-58.13406377791353,-35.30150761035329,-70.60743029406987
-55.510478581034526,-35.98954406223675,-370.93663716471775
-56.81861404983223,-36.248238674033054,-465.7798432371656
-57.99514382543598,-35.21094425382226,-339.1364720527005
-57.19136344918335,-37.291257195083496,-76.46206312545664
-58.5820346032385,-39.522243674507294,-332.3500314160804
-57.14271475027285,-36.98007901196278,-389.14192763404685
-57.23785557063526,-39.76622128739619,-449.1084617238077
-57.807864117308185,-36.392834897156334,-230.15470802549473
-59.385201890739076,-35.88768626112462,-212.19876660507623
-57.747675982962065,-35.28335191974171,-328.345300556483
-58.083323233033816,-38.82525144389866,-302.1582285695029
-58.01323149783412,-37.55801308270498,-468.8425266456951
-59.10315237224779,-38.66025518199062,-257.14465310085586
-58.07161627279713,-35.826202947386435,-168.37138992475548
-56.4963222023816,-35.11711438056756,-146.28748364547357
-55.61594009822927,-35.61949219298512,-140.65755198323006
-56.40031079396189,-39.735654257832536,-433.09878040965685
-57.595299202144,-36.656624619188854,-287.7952745855887
-56.587662230486885,-35.556209558749366,-301.8834390305939
-57.57051642466123,-36.86384349066747,-411.02965826723215
-57.44050932734172,-39.38365026089599,-344.1589976262864
-55.319244212588856,-36.74979757418084,-400.4257265678351
-57.72424670010857,-37.80233413751749,-140.19986572499056
-59.33517353830509,-39.90245911425859,-58.70627931569663
-57.60265194059395,-39.95188800448233,-182.90011511850818
-55.59942084831324,-38.855258241228704,-380.53420357998925
-58.148578257633666,-35.077473559507865,-81.5582382800419
-57.54670072409129,-36.83098431670475,-53.187402168242066
-57.64761608133827,-38.037795325726144,-392.2292252447319
-59.110158248152196,-37.876479396200416,-141.94040428128042
-56.23795575071494,-37.55095182308051,-489.65345921975546
-59.11334161669215,-37.44016987303476,-204.3470248070937
-58.95818159879941,-39.20259033842557,-166.22237931689148
-55.55713738159306,-37.02428440161075,-92.2934279358009
-55.00449090903681,-37.14050444361958,-162.0461590579568
-58.03469840240817,-36.0079832981753,-245.62650322500363
-57.9349894159672,-39.63181377084378,-377.4379242403348
-55.20875294955065,-38.7157179641744,-149.2667047658627
-59.40247882359688,-39.516340825563404,-128.29752244720612
-57.11308062139852,-38.25065902208508,-69.77341687511702
-55.8023848111228,-36.95370674661637,-130.10844918368068
-56.53511565628362,-38.58505291638729,-417.63961089099644
-58.52361019239207,-35.742297274831266,-213.38935325477934
-58.68822856168508,-39.04475799635817,-194.02424163367823
-58.46949872101487,-38.96661190691609,-290.22366532350276
-56.87306179522657,-37.833704521268686,-123.37929129273394
-57.3842016919787,-36.0171390452364,-423.8961576621807
-57.76122218685645,-36.021802010723654,-432.34421949076795
-56.15815262538315,-37.67418248787246,-391.82811777016633
-56.31923987121588,-39.382216382460584,-257.961083388686
-56.01468770444844,-35.35917799637418,-201.37312890356057
-57.69491874119015,-37.49612643581752,-54.59445070913555
-56.01164525442188,-35.12380661379837,-504.72085413688393
-56.30332601107498,-37.93445104968321,-230.29265125669392
-57.12216832510156,-38.66747858736131,-347.9476202190644
-55.44503491272899,-35.932162500344056,-402.4926980275649
-57.62693166450442,-39.95189460892162,-278.40840799406385
-56.88409297403417,-35.307248696389514,-454.64010709155565
-58.18248881771334,-37.25478883011731,-489.55365453442744
-57.90102339047197,-36.161970316560854,-374.5983902307747
-55.99655722483435,-36.890331336385344,-404.7303797880061
-56.61741614924998,-36.94657788990087,-182.9059294978172
-55.97842269185147,-38.09002323306449,-244.82006619626623
-55.08862596438254,-38.14665003319036,-283.07970339487713
-58.9752470045041,-38.23789390867508,-237.8712568875634
-57.02438799528179,-35.86533495811753,-73.9801644485373
-59.37942931540275,-38.72118849214147,-356.31751293590236
-59.93868465610171,-37.9502106976549,-73.24696896743747
-58.417292316616724,-36.08244605454874,-80.67500979336893
-56.02788801497243,-38.48853217073797,-154.84493389643794
-59.399997887405846,-36.819225365930706,-413.7203979982812
-58.85822131589096,-37.882880578046894,-42.621742811331714
-59.56621175959513,-37.447081068514464,-250.5016145620077
-57.186865769466166,-39.24831040468024,-412.827591089234
-57.53249265631793,-39.760226302030276,-390.54090299505395
-59.34851136242856,-37.619812684916084,-77.80113959433429
-56.608312401267874,-38.45354614567735,-287.2644884887057
-58.68162555573612,-38.71573357619363,-77.95406545317931
-55.936886327765265,-38.21039127592134,-154.50391815716935
-59.532651109110624,-38.691510154707295,-74.83390724048526
-55.33882654582585,-36.224371991341755,-454.09765540168166
-59.02835657102885,-36.15961115239643,-488.8333555460641
-57.4304800234808,-38.2544665707274,-210.6781433939228
-58.382402930752924,-39.60785450377462,-443.9756758822374
-55.38406349581108,-35.69551406353922,-454.8733710500658
-55.07958425427522,-38.800038231276986,-200.0915087004526
-58.74725974992874,-39.218290312332705,-452.4994640150571
-57.53311456640948,-38.36537502083908,-94.93054347038036
-58.91147961071949,-39.796784917814776,-202.0178341411718
-59.764276269224794,-35.37537254878831,-136.65642744656702
-59.06055800092318,-35.66423578068066,-316.3358011375878
-55.37062724874907,-37.98518672338075,-316.94307489955145
-57.48815135798002,-37.54815102446821,-233.55518596427828
-55.03978245924195,-35.67852799708911,-396.705269706131
-57.685281796645455,-35.42191671752875,-413.04426002333867
-56.07707021321155,-35.94098499208881,-306.42388169439545
-58.72243287806519,-35.37027047517838,-110.29371122798305
-55.93544143962797,-35.5437901608276,-274.8670732350412
-58.869195383792146,-37.0974147301997,-316.8498481926636
-58.30547908350754,-37.8085475212191,-287.036941658118
-59.40701575017747,-37.504205597384015,-164.62710000678416
-55.39654057247799,-36.507731361077155,-294.1873378822055
-56.56519035955702,-35.96749757321947,-311.88091731271425
-56.540374736351154,-39.40099973298368,-436.99892196974747
-59.37504927830358,-36.8940382793518,-141.37578416448522
-58.75174062515323,-38.20328187604405,-419.56406487035804
-57.62508231677719,-39.90948738015994,-467.6638609171972
-55.560393079733835,-38.7562153925463,-67.94084245383382
-59.413976280348,-35.24460967570533,-420.31103974303454
-57.13138473993438,-37.06770685957656,-148.33281846110944
-55.10360017729512,-35.51440027427534,-379.04030582625614
-59.92998527884703,-39.64225318095546,-493.31028644509047
-57.45058981767879,-37.637421278608045,-405.7460420234128
-58.596033713185165,-35.29968613214124,-335.0020066696936
-58.21269360972326,-37.59745558654947,-371.8143416595902
-57.84760199632422,-39.54563948673954,-350.925482244469
-59.9917148986077,-39.23858992418725,-62.2460478791006
-58.164186242536644,-36.23568945432962,-478.50221143475056
-55.19681183771254,-37.79881595854743,-259.6386298157166
-55.70291688511128,-37.74803862993017,-219.62542250574649
-55.813368903253064,-35.7362505227065,-305.41808144640254
-56.26207073624588,-37.246144838369716,-200.23479085014222
-58.097054324155245,-38.673141627142485,-50.19606100467711
-56.21789488434991,-36.7402094723277,-75.04483964636853
-56.107548263718805,-36.65833248318121,-84.41917798381455
-59.89743601306566,-38.93218256890135,-211.34501951112517
-56.65094134054696,-35.881194869823936,-353.64451578516395
-59.4853305533573,-35.22111492864895,-334.14858505928385
-57.57714556600917,-36.52333009923179,-450.6224199592438
-59.06460305481715,-37.43584591654826,-283.2190735237002
-57.78872886212786,-39.43929663591538,-465.1500060631806
-55.80315611346692,-35.33206188727878,-230.5146733287708
-59.82175366212289,-35.651019226686984,-232.9404421522599
-58.35993610587016,-37.57423120239339,-464.44417887161296
-58.05950402530898,-38.99209627885371,-198.79928218262384
-56.75967576093458,-37.42999386338797,-155.64080570577
-59.56687007212308,-39.42344018603204,-494.6933482070866
-58.387371332443315,-37.970756720306426,-320.78998445813653
-59.104031608992926,-38.57203658185946,-410.8063668138222
-59.256851964656484,-37.41718742106188,-338.6430923118946
-57.04935458492036,-35.905309222017095,-109.34526843116703
-57.38164321994989,-39.24148258429524,-163.4600249967356
-59.268077210417886,-39.18565169097737,-74.70476825135354
-57.79999911536465,-36.75373880226232,-266.90471523570073
-58.53225287724884,-38.375306102318504,-372.89002680959277
-57.87429677629697,-35.95748890465052,-46.29385568867905
-56.24334094806981,-35.986219674370986,-471.3863160868553
-57.31225512753551,-38.38209017244208,-374.13332690252787
-56.64415413236468,-39.243003913726575,-413.87060512863997
-57.093286388559875,-38.634144164822,-313.94992656047754
-59.53441049068811,-38.88965078851613,-274.5328040582279
-57.419855773275906,-36.78295936086316,-215.00112035359908
-56.17552376944457,-39.735184897919304,-92.67331900860259
-59.114300180865555,-35.2947796236128,-310.7776439495942
-55.3699021054027,-38.78321537015133,-498.263345011802
-57.33254537017984,-39.64368198866356,-345.8491329441354
-56.43226055811277,-36.54613043006503,-260.27276138028225
-58.71232609807375,-38.02108459721724,-112.75663634702619
-57.783676294885424,-36.98570244073444,-202.80207027341274
-58.03487124508262,-38.867270716127265,-356.4274153715071
-58.23726185635226,-35.16089555307606,-191.76635800577606
-57.20791919381949,-37.95567252450379,-62.80636104143822
-57.54238178745936,-37.129540041900526,-145.00727135829752
-55.77027389840753,-38.11827896811978,-163.22344598563475
-58.76638195627088,-39.92244448188205,-146.2517683858283
-59.925401343898116,-37.82267444154204,-328.8804954147903
-58.91439178521644,-38.14863727552168,-315.4062322557296
-59.50866994494688,-37.57462661076848,-213.95383612097743
-55.29690579560294,-37.14651540083907,-172.41900206418134
-56.77589371064379,-35.40634188390537,-368.47392095596456
-57.21455685090398,-37.817944862338344,-448.2848982059982
-58.648055388202685,-37.395601641974565,-333.442315179683
-59.690978473040516,-35.7191737961482,-474.3792633752771
-59.50648633459508,-36.60929157817903,-483.77665523252466
-59.36800076963394,-38.83191063395364,-81.8142603738454
-56.33729245774186,-36.494049057900334,-268.84794461736567
-56.95328028711271,-39.30195101772711,-187.61247185311112
-55.87237490033742,-35.79605693477843,-237.03851804027886
-59.343906240490575,-39.60430078969538,-459.6704038970937
-58.401345026988785,-38.85957045879347,-440.4883616812231
-56.523880890596914,-37.707202243058774,-355.7849785926358
-58.92867676142863,-37.28554262067041,-478.9751449462327
-55.74470117948495,-38.98891740429175,-290.70325117285415
-57.10352181516159,-35.310235384505944,-219.92908865938062
-58.638340122687254,-35.50640876847652,-387.3152182372719
-56.64816461126229,-37.042239455850265,-495.0511052197339
-59.926912721107676,-36.06104476774362,-460.88175002316285
-57.8347649074727,-37.490631526489395,-298.4073711090501
-58.15275532412678,-39.33535057258893,-122.39561043296015
-56.63276481492059,-36.198029668554895,-368.1575597838925
-55.69666805917315,-37.84193012042374,-392.6926407326739
-59.96606816708021,-39.38214820729652,-262.8756788252775
-59.74557709854702,-35.21775867434219,-287.5815573335152
-58.61539604356102,-35.22115550801675,-133.71197227539764
-56.66497114304174,-35.262724360060965,-447.7272393393632
-57.794624558217805,-39.51933988601218,-231.9241663050271
-58.81589261200286,-35.58206392405957,-230.7773361302867
-57.7224522816033,-37.50041374200343,-207.1280468295381
-59.32595028229323,-35.86873049628522,-262.18849608224673
-59.27074067362422,-35.94944757467871,-306.312518612264
-55.879456797122955,-36.5760930763427,-159.8158629326356
-58.305900825061,-38.54427117656417,-218.97309948139946
-55.131568672051294,-36.8997840772744,-463.1385292487944
-55.90466358620677,-35.26615720303769,-504.2173091435171
-58.87372813549784,-35.562661933596054,-286.00999417877944
-56.51925513613801,-39.45425207687845,-368.2962245733232
-57.05536517202682,-39.91113037202489,-223.45351144794765
-57.43396543074162,-36.491868689289404,-169.70158179467762
-58.59101962075387,-38.025182020074695,-48.40050491155687
-59.27330416919603,-39.09932691902323,-446.5454837667663
-58.28026829599572,-39.64275261927792,-433.1128613764178
-59.07116018808131,-39.63240108932153,-91.22530482887872
-58.808450520823634,-37.481834259598976,-189.41439936407497
-59.35473067636334,-39.203977237982144,-56.68104213486002
-58.70550535661457,-35.73278681993816,-210.05182348351212
-57.0879864278935,-37.59702726062921,-139.41181032644508
-56.453045897260765,-38.72011669995417,-399.60555924022407
-55.84757907865928,-38.034362377037176,-325.39268944235334
-55.37545935222306,-35.488992889150566,-447.760213467465
-59.363468825604315,-35.37785125783372,-349.3503691990513
-59.54084508997474,-35.58538467005877,-328.20459917519247
-57.15867123226,-36.56702282164262,-151.91289299524726
-55.28107180747112,-39.98275623110707,-133.53795815277886
-57.40804001870642,-39.13817279979867,-367.85923150366295
-58.671014412568745,-37.590255538652634,-356.11915522018444
-55.018927210285355,-36.5937791193904,-184.20121621247193
-55.313544656317724,-38.20294364887454,-234.85473944904118
-59.923069973116036,-37.76269672307903,-319.91561073655976
-56.78583928502257,-37.096213856952126,-132.03545133857338
-57.95166495584462,-38.704644532469985,-292.91694492439785
-55.268159442224324,-35.65908677393037,-252.04920505444053
-59.54252502551564,-36.72639330730821,-447.58213056681126
-55.59115541744353,-39.4304343268568,-478.10820238677815
-58.04300406469442,-38.48221108209655,-381.73203413697564
-56.3988425810146,-38.5408425510109,-397.36437576800927
-55.83455564764821,-39.626157639030716,-196.22549490054428
-55.71918821036634,-39.832575034412166,-241.29321632726942
-56.405187140211,-38.85596658440812,-398.2263701511742
-57.01210399167614,-36.74666856113881,-355.34294603191535
-56.635051296971575,-36.54821929340582,-159.8282174318275
-59.16410574696798,-37.336251798847925,-390.5475914060015
-57.760187644072936,-39.48702638629604,-80.63917920465553
-59.641227433061715,-36.09320485851516,-218.39912394619336
-59.234451517310106,-36.179379186652646,-164.84882008403721
-58.58806813504796,-36.76269520971954,-444.0520683488566
-55.45407173455916,-38.52509190299913,-277.1271759324679
-59.04952513191212,-36.718327848028956,-119.73195109002124
-57.15140088459408,-35.30471025153078,-362.7468213054177
-56.862680680273485,-36.221957570330005,-365.4241688186738
-59.38982950534228,-35.58686858625565,-386.0759315269048
-55.1748868794773,-36.360197063975306,-309.0319915626044
-56.85400588339975,-39.06238296518455,-71.04599904928962
-58.12031064935676,-37.672338620681685,-130.78220982185394
-55.40132007126369,-39.05155232430224,-238.22367711066897
-55.834713008583265,-35.27368943953792,-265.5154436010905
-56.73493185960522,-38.35495122889119,-479.31554647747464
-56.089803751271475,-36.78751289184599,-236.74977626913594
-59.618556886489266,-35.95774062838121,-50.605412534686586
-55.09179111083493,-37.270622493919674,-258.2720066909381
-58.231616412560754,-36.48232153188443,-331.7682426973709
-55.83843498706358,-37.048901004435756,-313.03510414300365
-58.509960621433386,-35.89833319336769,-95.60255663329238
-59.24914828668165,-36.59437457608954,-492.43216485613493
-55.07610150925903,-37.62755134877435,-304.46804344835454
-57.62679963948111,-35.39920043651183,-382.7355104121474
-59.819927991711246,-37.74368138519735,-191.15852089844432
-57.06514201243861,-37.136424965936904,-182.56638024762023
-57.5204043442518,-36.237647349498005,-48.387604585250955
-56.31473137011856,-36.89264286599002,-213.2110097750574
-56.98454709807081,-39.290532284267535,-54.08071337213073
-56.34393930869955,-38.75579438860437,-143.80851253708235
-55.97834747193771,-38.217157151712016,-113.23663627621566
-58.632019174356174,-36.01813395260253,-280.35340584581974
-59.29063277288554,-35.69907395313121,-152.8317478109191
-57.55689949295118,-37.88350438635973,-340.2161181277071
-55.687783356798086,-35.613005850524196,-144.95391018518407
-58.00723004554752,-36.27784584993621,-314.912298952531
-58.266514246992365,-36.74812989254739,-404.8906168038031
-57.96944030849057,-38.38210629544348,-385.0809983833796
-58.534702764427855,-38.42000215878299,-487.66933374051155
-59.86691028229449,-35.0238012698488,-93.39241732009822
-56.77045754395361,-37.432388993356085,-325.85699049398056
-55.17074641108336,-39.913563049446005,-226.8553922915417
-56.93332532229078,-36.33365049218389,-464.20347768370294
-56.99000064020865,-35.03120721100214,-494.70670172143684
-58.715299614705025,-35.30353128175358,-453.31039998538995
-59.732944823664106,-35.65066419871181,-109.12956390753367
-56.69729546835696,-37.87696870044283,-106.16928369065728
-56.72680462012891,-39.14281987034079,-214.39778675497416
-57.41721464974425,-35.817344168516414,-487.00980980152985
-57.38264103510451,-38.96975228265926,-413.8310669545614
-58.16504769569706,-37.60581175066398,-213.365534594474
-59.80337032449719,-38.40744737287287,-71.15246215950903
-57.975431169843084,-38.512890044410625,-294.82787069001847
-59.347575897047086,-35.33179464946459,-481.7828872177864
-55.869042245298196,-39.12006195385699,-484.2923134513392
-55.74772709549104,-39.94176505383839,-93.74224167318276
-58.364057745954725,-37.65017236343267,-353.7036911996058
-59.481532376460486,-35.483107523014134,-208.0180316420449
-58.4633144162167,-39.78916359353938,-241.3448111948942
-55.03873290032236,-39.63625816423713,-431.76249776513595
-58.81701467137898,-38.88379069832723,-274.9838922106366
-57.45488251197832,-38.52515771904333,-270.27290806057516
-57.798005155360016,-38.04761135339985,-72.99806380383345
-57.92294765573216,-38.52215620301888,-104.69173136313933
-58.2873818241721,-38.30609570253727,-456.94133913934354
-59.409837297313096,-39.41770376595679,-314.37738537443414
-59.85685989352459,-38.298005822266084,-336.3827413390299
-59.020504611050065,-35.59529137423262,-54.998861801637176
-56.391430866855316,-38.6931830832199,-340.33296054938523
-59.61799248297088,-36.61201643798769,-299.4459494681141
-55.020457258908586,-39.66177892123964,-358.0489458200788
-59.01300087545995,-35.70197235302783,-438.1275398667605
-57.807372465606505,-35.90596242433159,-263.18603937303226
-59.31415319113114,-35.990976729474134,-67.96689307142728
-59.57786685521719,-39.271169983654076,-306.68452986241266
-57.10786341209477,-39.3323705428904,-274.4063992908359
-57.63795519316655,-37.70467349398944,-391.532783445105
-57.58136452979146,-38.73837808836055,-171.0189526503557
-57.392823617407046,-38.69349075339302,-306.8707148786898
-55.007745881618966,-35.99135990395314,-206.95264114858466
-55.88429511479599,-37.00638410356594,-116.29464521969336
-57.37162941088456,-35.991300882494606,-133.55884451826333
-58.20830910762508,-37.90949038354852,-192.80665920975392
-55.559367332454215,-38.702088085511285,-336.6887841333816
-57.881942111937875,-38.445610810499495,-370.407115930644
-57.22805128324957,-39.33316692383807,-274.3617054494301
-55.57394265137141,-35.417132284739175,-157.79790659775986
-59.985555225504704,-35.19246278619273,-359.1988770387136
-56.633091563695274,-39.75263938805223,-486.6807310135872
-56.476261330270866,-37.08886418784255,-419.02263920367955
-57.77429189908526,-39.145740048221896,-174.66506377263636
-55.26212497035163,-37.64147942430484,-362.4624759673057
-57.245731400208754,-39.63486345322187,-223.6808108646008
-58.069986802978875,-37.63084498782643,-487.16990926668353
-57.3420018526486,-37.15615847689045,-322.62968940050047
-56.46177275579158,-35.38916774254312,-488.0985645667768
-59.60956122305202,-37.911851803928435,-367.4070336171956
-58.8114962919773,-39.928808162871114,-352.79770048373234
-59.45037925987655,-36.720272904640524,-374.03658529091626
-58.54374162813095,-39.885472026518855,-187.6140732862836
-58.24837320089742,-39.535361011286895,-168.73847855425106
-57.55874581671598,-38.76959685005746,-166.85543071624562
-59.22604072719539,-35.11747685844229,-440.30365336967407
-58.153920810842045,-38.19330446207078,-460.61547242894756
-59.493612066549375,-35.37042156405012,-485.23599192352833
-57.190384270293336,-38.013607404494714,-160.990405493206
-55.47377796051752,-35.95080549250384,-163.65526504291796
-57.06171499054697,-36.88902692596179,-426.08369232330114
-57.870790744348795,-39.56475374881109,-444.067485532846
-57.63186335814968,-36.348344862793965,-389.72608407176637
-59.47853297623487,-38.28766832950559,-218.48041170538022
-56.037867783490064,-35.5704168621206,-207.16888094597513
-59.61641930080459,-36.450955225610876,-385.8606143291256
-55.921103640344214,-37.24249765705959,-428.3593844282483
-58.15623546682633,-37.65325361611284,-219.0615207246167
-59.01202529904242,-36.14184557361945,-198.13477215267685
-57.359149027627815,-39.384050864005935,-387.8888559035894
-56.67301977954373,-35.56158946213266,-475.29769632566763
-58.24787855046709,-35.684286955961056,-292.3422914890067
-57.06079572033779,-38.86671744760265,-182.29032677418718
-58.12802323625112,-39.29564822595571,-112.95838426873075
-55.56929567870659,-39.72944169466175,-304.146185677487
-58.93026504812642,-35.105210720843004,-52.32860049541175
-59.318535588384215,-36.286508454208764,-189.78968280548264
-59.16063148217767,-36.74343346812065,-54.83613966801825
-57.590592126229375,-36.97195348003888,-412.78939631128736
-59.81634922520357,-38.326830400697006,-427.33836106783923
-57.65830823555262,-36.392471541741614,-240.4414299815457
-58.1810401793162,-35.272375822073016,-80.39197101821317
-55.8225514086276,-35.82017692774925,-439.71365009600277
-58.33408983003793,-35.043513406460804,-235.55540269068698
-55.8293925451458,-36.20721933983908,-479.0868267317832
-58.01599696354911,-39.69188957293154,-108.00270413514554
-56.227429743960315,-35.8325398441662,-89.94201674773456
-58.08765084313555,-37.25171640012103,-174.90125215408818
-59.18667372936453,-37.02698899108137,-113.36611024921173
-55.1907518950571,-38.78172898879594,-500.04704736128804
-58.56433987079289,-37.49377448974612,-469.8359622479882
-59.574499328983194,-37.89538546492011,-286.82060326248404
-59.74781716100825,-39.746614445857176,-175.36679699007465
-55.22880745296928,-39.93458919916041,-183.62470365574796
-58.83561924842794,-35.57406188481602,-48.88990154329403
-56.941152921229715,-38.553274677112256,-340.11688870402554
-59.43684556060269,-37.76195392408417,-376.9676025278055
-59.95842365763112,-39.65718371912628,-189.21578588063974
-57.14316152069111,-39.41503209688021,-289.63588390509494
-56.677741057617446,-38.065465754688184,-168.2584300912316
-56.70577285909235,-37.96557079212966,-303.5833469990551
-58.015343132777716,-37.765856074787315,-208.52630440178808
-56.21636558895015,-38.49493661402801,-314.9075860374235
-58.6322116547904,-37.16216126212681,-404.2411851813965
-55.73654799086631,-36.16015084125955,-281.4319294290741
-55.33508746194456,-36.24056648365824,-107.10913385410532
-57.71479234556408,-35.56122761347179,-164.5871091711221
-56.37389911723598,-35.40244489919892,-365.5097631104629
-59.30354037226117,-36.52301900519403,-141.17299563681746
-59.658832066848795,-37.6346025292189,-228.2640639296857
-56.44401127547371,-37.346906280173215,-83.42018623927494
-56.33376372067309,-39.54405840637065,-342.9649430692877
-58.63291570130356,-35.83293127556399,-278.7034256561198
-59.67659272593837,-39.13347091237463,-189.35989481845172
-58.01610434537722,-36.017867584875226,-210.95717843505625
-59.97242503966506,-38.22709267821955,-378.7320354960457
-55.7517188629726,-36.43431837661802,-435.4289615261312
-56.53969354750468,-37.869062937426065,-315.85496881395966
-58.71228513646667,-35.196055627109416,-130.1929102021011
-58.26245882425584,-39.20808277664442,-345.448685774603
-55.5648102138119,-36.095945324807715,-411.75429327707536
-56.67639330075446,-39.972675146889124,-112.92139063194274
-55.74787825582789,-37.482335581747506,-389.2263575216946
-59.67827589284074,-37.35523590327719,-167.73158633776663
-55.19969673387751,-35.88474977483082,-104.68149581049141
-56.86958342207522,-36.05661426419512,-300.09133733505564
-58.900799485988685,-36.73737883199402,-259.96174777476796
-57.01503448746663,-36.59818962824392,-312.6203690836013
-59.41505141105231,-37.041710742392354,-333.1829914034891
-58.247082765461016,-38.21244590029969,-224.6742210702789
-57.65292208406197,-38.38359945016941,-272.88693294474257
-59.24040985339375,-35.28637327425843,-48.53708591888017
-55.57378190747692,-35.54709378857824,-463.04389152528177
-59.826098363258325,-35.81670581786663,-201.20674480206023
-59.55276002706619,-37.757603597687186,-439.77144331557975
-55.4681468241298,-39.290505553689314,-266.96153751193424
-58.46961302409969,-39.628388722463214,-425.67791594232995
-57.40934306303754,-36.70571056669518,-276.8446406750419
-59.015307419460825,-36.53260185157971,-108.75895326394794
-56.96029782141568,-35.67921133949732,-465.32877419952507
-57.93313668960164,-38.92441993736903,-382.4252953072714
-58.61807987404247,-36.987621902970126,-348.4723517580705
-55.79773737992695,-38.19156769009283,-336.91863693645706
-58.3072057969722,-35.405620278038455,-71.40629473797917
-59.587817453246466,-39.378314687970935,-66.54842181362264
-58.3456396508838,-35.04051414394426,-295.8296598767548
-55.03183385329356,-39.853687265056934,-491.76508024639384
-58.93055578331632,-36.718640379426326,-376.98017399185807
-56.64435959454354,-35.24201162471334,-378.1129941262021
-59.8447246334944,-37.959743801863404,-356.15524737758625
-55.80094831117486,-36.54185340369136,-435.0634794743876
-55.379873224080455,-35.46097834735418,-475.7984997510095
-57.274585713890254,-39.31337384946897,-137.47300575107272
-56.09197910355042,-37.71926258626385,-255.43374201642237
-55.94990237281029,-37.922168064752015,-416.2340021360051
-58.14444859624935,-36.55870425967319,-235.60361191706176
-55.806907015782585,-38.202827056900134,-490.35141787687144
-57.5276752257825,-35.35322288608219,-417.1942073954108
-59.38756121086704,-39.797181512716655,-407.07193571908834
-59.924643040415475,-39.944567515532086,-225.27645950081376
-58.25425646405178,-37.47808964260358,-137.6403830919087
-58.26806792761633,-35.87021063010167,-151.14266539583835
-56.70076581388802,-39.97855806762699,-348.895558689761
-57.11795591988189,-39.775906792584735,-179.07918001167417
-59.92815843381761,-37.24369152743935,-188.6103744260226
-57.000002224612665,-35.25963347944729,-405.68634742190847
-58.565523268946,-35.32552425738931,-139.33553748426493
-58.89711984504743,-39.44791269433347,-102.42305946185634
-57.016981424234714,-36.34516523288923,-383.6615417309632
-59.42757978865149,-35.30365649586609,-200.4218542334976
-55.492481332327394,-38.60244668032074,-237.69855652159842
-57.21579161736361,-36.44621061122112,-89.26852946887114
-55.07683211933961,-37.45314234355996,-245.51634790906593
-55.49561164610789,-35.184279004107275,-388.0465247121226
-57.38129041381463,-36.73303707847302,-268.28609141785756
-58.73551028037393,-36.643211368636315,-397.67337017806335
-58.96632511583356,-38.32899965016355,-224.0132645666572
-57.01713707894673,-39.93909160045742,-300.7703944606946
-58.25188709364639,-35.024750452433345,-201.87288118683594
-57.32219341815072,-35.83610981405015,-185.84164590303445
-55.367815824786554,-35.647268228230516,-316.3993358502469
-58.21820651002531,-39.00364789280677,-384.2940801022911
-59.338889895389805,-39.26475056905822,-274.3312438742375
-58.49577800143917,-38.223702804000254,-414.1504440997048
-59.07811528292707,-39.14379302010867,-167.26430634008
-58.20376262918503,-36.62563474402435,-388.13243777087655
-58.32954368978214,-37.41773991799836,-45.2291465773181
-55.97649508241051,-39.32635127065777,-205.78237850782241
-55.422994972935086,-37.357222962755834,-59.39126257882743
-58.91221688063987,-38.99832539483319,-194.53455288740676
-57.703602055026906,-37.21861673625261,-227.0787809175062
-58.52043971722548,-36.94864325896161,-482.08752374727356
-55.68139944089948,-35.23661428258307,-437.1130360625879
-57.24723034282935,-35.10287373243929,-346.7075426249461
-55.367431238228306,-39.38478732665928,-353.3074358396383
-55.17900255960407,-36.974310529824685,-62.37735295542241
-55.48675087733703,-36.24257687670715,-304.7243773455332
-57.576622959612386,-37.79456690899406,-78.03018345871666
-55.17913115766304,-37.765071711589506,-153.59732732326185
-58.53771203896255,-36.43203864070168,-121.07150610768767
-55.339686229066785,-36.687810595699986,-505.3636375205118
-58.30785349523759,-38.44399084917085,-408.95811483062374
-59.574673953599365,-38.70931488969281,-361.5931318866472
-59.23034718977624,-35.92452586070972,-160.67717640424098
-55.42150680381759,-37.493163898356364,-444.97965106365956
-56.14678789417638,-37.896878495353114,-66.89701399953297
-57.22572638860004,-36.25701563820506,-418.5369794111631
-57.21461177698549,-38.10051655164042,-419.14974785635
-59.07508350920225,-39.699003498928185,-439.67296307858896
-59.748477968530175,-37.2129971977308,-267.911961165342
-57.8096578655465,-36.78406758422658,-117.93084470227494
-57.91009287116862,-36.622609664712535,-214.20632164791087
-59.400797158173006,-38.01441913569836,-162.30422358129667
-56.368179915798315,-38.3543423483884,-181.56006199729458
-55.188442652585195,-39.603272042515925,-194.30962575506004
-59.3807976807254,-35.37665035549475,-238.97305581350776
-57.07178578036018,-36.78709074846477,-48.24964138088167
-55.55058224576444,-35.87012110610884,-395.47187533738276
-55.3207208808589,-38.36611815615001,-83.02409100066824
-57.357435524343,-38.55392263566164,-401.2143409720946
-59.124179726688084,-38.89167019359227,-82.56308446302974
-58.69020786270227,-36.157232501580104,-312.9048675680932
-59.775559502865114,-35.515944155499334,-233.8238970161787
-59.10435098844439,-36.8562747070749,-279.1277535054611
-55.951517449673524,-36.628648451282956,-338.02833869821694
-59.93860209170479,-35.55118202640958,-80.30288615160781
-59.17347734915619,-38.00727915335896,-329.31642990700163
-59.141002975588776,-39.8232283787909,-296.2378177630495
-56.072246995490644,-37.74528899908638,-108.78274307478874
-56.48407531846075,-39.236509032264635,-112.12570676617665
-57.61462077156271,-37.75551817829758,-390.9276460361323
-55.58545649015697,-37.537623803570064,-230.9748134796297
-55.11412900182483,-38.37223076083395,-489.90379474884065
-56.254872042015,-36.7791086289673,-252.87955005843546
-55.16342591412532,-38.12920378855871,-268.9171028877201
-58.39230787504669,-39.392043422945626,-227.8472135817608
-58.78126697913115,-35.93037456621006,-324.427848228438
-59.61374820219738,-36.71494063655782,-424.4140573170215
-57.01852568984935,-36.849456477882754,-65.01503770007936
-58.273332320682236,-39.181499898868104,-114.28516951471637
-58.89808445419395,-35.06826711525263,-210.99528241719204
-58.81321654310476,-38.262187140488656,-157.31799155389035
-55.194145050645254,-35.1565021490123,-431.2253451990351
-59.06551360212797,-39.1490089955123,-493.6184790964029
-56.97876895775225,-38.27429197862203,-199.24723136996974
-59.18344296339901,-37.83718058739454,-54.51722066296391
-59.10644900949851,-36.305897163963316,-410.9969527416557
-56.85953556405745,-37.659456503103556,-123.81384711314276
-57.10301507621734,-36.080798858944235,-458.3589785093863
-59.61870315085699,-37.552216185801306,-101.55818997705596
-58.34769494522937,-36.45643971202652,-196.31900640891794
-56.07008029503832,-37.82519242646491,-66.57654437739723
-59.23176271443568,-36.89372102427617,-302.5336199452372
-55.652712838014196,-39.05366042564691,-479.1126117595331
-56.187365045621995,-37.335492557980885,-63.58368868836187
-58.4716530730721,-37.29002820149512,-290.3693416500681
-56.5032480055425,-39.13359490871574,-362.9117845657704
-56.690615423042566,-38.01704088929996,-334.4309600092943
-59.244757373611726,-36.676835009791375,-406.7150939666847
-59.62695567896,-36.76310835350085,-450.6006845776733
-57.415306281225895,-35.99677985446785,-251.03430772051493
-56.76325104379555,-38.26875912942246,-434.52332083136884
-55.65077979771956,-36.97502110329445,-403.274854100926
-55.080049960261285,-35.19964929613993,-475.5438321286924
-58.438162871916994,-39.0405457304657,-64.0280575284277
-58.18924616657009,-35.56819832390806,-128.0694398354443
-57.41664822675745,-36.6909933168393,-294.2378797851299
-56.34600521026467,-37.351287986087364,-468.67623479542385
-55.337443014002005,-36.22342452844297,-245.4874720045775
-56.29883286526562,-36.06841702639935,-222.84879392765137
-58.614748661007724,-35.88010703078395,-295.68882496082165
-59.30398978184489,-39.23828496210868,-177.25670949832138
-57.16657829284547,-35.98483273990444,-121.54109588092946
-58.079694268359916,-38.838469334558496,-272.16188832935677
-56.32559325804178,-36.26110930378058,-265.3708084586129
-55.39887950274485,-38.90614176364891,-229.05249818038928
-57.65542862421239,-38.62627216586663,-174.426294163481
-57.82521781763648,-35.278719001591526,-110.49654349837462
-59.996919615385764,-39.286925357713564,-466.01994510512156
-57.51955046404779,-36.724495005286926,-463.2239124298004
-58.628358270674134,-35.15747582303396,-462.1388154337506
-57.94518632824845,-37.63224182310469,-100.7116602417042
-58.65130219459883,-38.07856321032438,-130.57129584953617
-55.88384465629693,-39.74366592497423,-393.4147212463937
-56.91605427287503,-38.76226731914588,-198.08774184552283
-56.1050233247979,-36.646702023784165,-85.25136412529936
-56.93026895620011,-38.22233932801249,-391.488754548764
-56.52933700348098,-39.19746795539266,-441.0848042215765
-57.01830052425448,-36.38691447078322,-83.29178740783631
-57.956732831327564,-35.81972890311645,-452.51768580184535
-57.91800960180802,-35.887488056465784,-241.17846223485228
-57.18325685221263,-39.27900237381592,-207.73759828520056
-59.179939735444925,-35.62932360306199,-221.7465828717408
-59.449605603944676,-39.869379110144116,-325.4232704008023
-58.45589154872562,-38.97759798645101,-263.7074366516357
-56.43293289707143,-39.73094769416201,-495.16701805721954
-58.511683006168624,-37.6069329589223,-399.9803148846736
-57.82302810493219,-39.600996704751,-309.51289682988727
-55.23669137778955,-37.1434010312455,-501.7817050616122
-59.72057204088724,-39.775673131744504,-51.58436383742095
-55.08075614920454,-35.02199416346238,-410.6718726645767
-55.6336796976978,-35.137634524979994,-448.5865232433153
-58.209344823660935,-39.417177615115335,-110.07286457676845
-58.51308702219671,-35.52590501051309,-349.366719522024
-56.79173287725163,-39.59073616001115,-392.4436814390315
-57.279521167117046,-37.19854030154726,-462.72916995181
-55.8073789046515,-39.69193360654454,-429.6578377825599
-58.3256965058081,-35.15761872986398,-473.5577256350619
-55.68988410663381,-35.9018795102557,-121.26963566411301
-55.62721534875463,-38.85578046776259,-367.5500833596318
-59.50003135796334,-39.5382095182629,-292.97526344789475
-55.14023115266912,-36.54148874740403,-358.8253542920227
-57.92122008022024,-39.223675588806394,-290.98357413719737
-59.02586886431693,-35.334716004393655,-468.65643551937615
-57.82447122029472,-35.82298862527601,-83.17784161652025
-57.539472529846385,-35.51539441624355,-62.71486984180504
-59.57089307635454,-39.89378487338825,-378.3854752049681
-58.92919031851507,-35.53525302502758,-92.85400250604782
-58.814185767564894,-39.68560742911238,-271.77004034349005
-56.43867545775022,-38.25496880665948,-165.59226077289176
-59.85700178851713,-35.21409288414902,-269.28037872617597
-58.66763562616474,-39.65444105901245,-416.92858519478057
-56.18072371115522,-38.11730974713429,-295.81672002453774
-55.09946941821699,-36.096090724031626,-249.85700978124504
-55.98836888956346,-39.410682097540544,-474.2493220011387
-57.52030961572241,-37.77793454257358,-147.0349106949939
-59.564199291601284,-35.292111285730044,-315.0658129686429
-57.846899897045546,-38.85664004486603,-232.53930539392817
-58.529996344639805,-37.01906230919462,-325.266569636036
-56.04128145204525,-35.62106018954578,-375.35173148103615
-57.05731725115687,-37.270050822777094,-471.9043077429183
-57.4913160462999,-35.35479753146644,-233.8547097271732
-58.254781126434295,-38.76543612786516,-196.94964586109327
-59.8457245189985,-35.4902777283246,-69.7180403765789
-59.21334043670918,-35.078310839540364,-386.9075075805862
-59.0963383065509,-39.278815879344585,-471.75752806102633
-55.413102849021016,-36.55929047824257,-272.36159081824354
-57.862288729228666,-38.14568911791257,-411.43503242732027
-58.67372726051562,-37.99109845813124,-197.8210968478363
-57.82454567446039,-38.81258917601571,-166.68004861613906
-58.9496479820932,-38.40757473263202,-411.1765875481749
-55.6758285128986,-36.66970642581695,-173.74752701219117
-59.35139767253984,-37.06450684872506,-123.99986959929593
-57.96823846342512,-36.23326149617901,-440.8803494624696
-59.714170303727386,-35.25921363488633,-203.8799775539896
-57.16662025130981,-36.15433122886699,-350.7341137992599
-56.76147275904366,-37.866827126797084,-197.47720059493423
-58.35137610318904,-37.049623147861766,-112.0245119460014
-57.98008833448983,-39.042541202902136,-432.4567364718852
-58.47830825081104,-36.41929775814641,-142.97091443403772
-59.17056550152728,-37.63811095777822,-357.6235943654497
-57.075216457556806,-37.18967223308552,-469.9064345154903
-59.56360059755745,-38.976454755068296,-370.76213266047324
-59.3568842327678,-39.84034807067303,-396.40573740900567
-55.396869679666246,-37.50325819054715,-242.01817450065718
-59.22314062405156,-38.71443402392683,-349.66592206055594
-56.27906600096482,-37.49914930378396,-248.03342665320122
-55.50526855963884,-37.05327818089245,-65.61417197396449
-57.941472791789536,-37.74278214579978,-239.5298291292192
-56.82507377386431,-38.13231317675672,-348.4995552711209
-57.760655721655816,-35.65889074567284,-102.61434888887686
-57.154710163972105,-39.06034711183249,-173.55918022119096
-58.712924736977186,-36.100065091709766,-227.78087371277317
-57.12194705255151,-38.520083687532804,-493.035827090138
-58.863832589557646,-36.38929730266826,-352.9102359144368
-59.928004271166806,-39.755054057790105,-492.8278863395994
-55.74053852318304,-36.16404386433056,-62.46431543104132
-58.153796056566506,-36.8695195027101,-459.46839377035917
-59.737872436437826,-37.413575923061806,-213.78406726409705
-58.80030780514479,-36.14487406893551,-287.9872445572203
-59.89552289434669,-36.02104727707947,-181.98949763521696
-57.09438007437205,-38.22330885014233,-225.58080551694087
-59.17328035356598,-38.65007167114113,-222.8052850634685
-58.00535723565273,-36.036587000921834,-409.79416198121015
-59.407049743094156,-38.626260229964124,-423.9646823329787
-56.87947017682276,-36.771223513817745,-469.4970778497105
-57.537742332,-35.43542552552861,-243.52945500459086
-57.38635891998492,-38.53053952243438,-431.1791711459265
-59.7305572196494,-37.0672847538709,-322.6178801550836
-57.48607808440882,-35.06317788413093,-70.81974425802228
-55.59130632915728,-37.513938720407396,-59.81652980196286
-59.899621446179005,-36.04206381878718,-468.56994436177285
-57.42309737835321,-37.793334955801235,-451.06384990383424
-56.80832869502445,-37.38005390189244,-380.21869356757605
-58.50997561569747,-35.6442688545362,-124.0258958340926
-55.80498633164483,-38.76251692018038,-356.45027983877804
-57.687461514229184,-39.749854940361786,-289.42357051275474
-55.71753293451166,-37.13509266291406,-455.09726692012515
-59.10162976826977,-36.34074786559316,-303.8118275729304
-57.42958371911132,-39.066182977700805,-110.92183792781864
-55.85954970532916,-39.47122045830754,-462.4543667274091
-57.68417513578975,-38.48911509225439,-226.0333313406972
-58.47701610739953,-39.81445395673251,-346.59846809261444
-55.8118230843724,-35.163418169014285,-194.69147983832127
-58.604540386890584,-36.04407715987252,-432.7866574811378
-58.81870231119515,-37.07573369797735,-71.8094610470294
-56.94887752916419,-37.43676286545559,-143.01089142153876
-58.29530911734679,-37.30371895836301,-106.8066975598419
-57.59048137936995,-35.29558751237324,-371.18718053443945
-59.271165602857785,-39.53504366693183,-403.7226477038569
-57.17149037034686,-38.47591142961779,-433.0060323526866
-59.83074468213042,-37.62951613229234,-249.7808123136497
-59.922533620411976,-36.300055439628096,-250.18625044573102
-55.81710247810557,-37.75572703386369,-393.88741494192357
-56.52239073091621,-37.2527556688204,-483.1506016536654
-58.141832997251356,-39.53655619083698,-49.81917390336141
-57.873531698402125,-38.10944089293144,-450.2709723705188
-59.361389075160574,-36.47841776407989,-264.55426096151996
-58.8576824909065,-39.985478090473414,-293.5779882709956
-58.83552384142173,-37.47519725161833,-450.93294292065895
-56.33418787304525,-38.66958828971377,-224.9449448345756
-55.72011362146867,-39.09997831621258,-433.9440888119182
-59.99022082144169,-37.90212132048609,-433.95390843123175
-58.95951798121145,-39.40422991572265,-182.59020910042827
-55.877507819770074,-37.5258989521557,-111.99618439427383
-56.8412572137295,-38.86064911573961,-164.46856646000282
-58.87993227026942,-39.45411050128802,-452.65731341906303
-56.505002371862744,-37.766657884797866,-141.26678810058482
-56.292965639634254,-38.79469845078972,-374.048643162332
-55.93873031436497,-35.43222246062351,-322.36697801297464
-55.9390301777937,-36.01291272546638,-304.66214577653
-57.596316886474874,-37.17603291040366,-383.3862698710885
-58.521516467163416,-36.85847838986094,-371.9893496576092
-56.32844447260462,-36.76897237176877,-290.3944465794567
-56.847959467776576,-39.28759494348216,-407.343025212803
-57.97998588533816,-37.95978168454644,-138.4557740102516
-59.79375362581622,-39.49102914614988,-401.27244364344597
-59.63084396907711,-35.53270802047521,-484.44072908913006
-58.93357113044583,-36.72904325795075,-212.88258012578302
-59.70845990904404,-36.41791622764383,-351.3888062804708
-58.6393312166761,-39.45345340085689,-336.6297509162198
-59.04599573777396,-35.03224307326915,-141.2082730561526
-58.3805253317524,-37.9667803210295,-191.06890968291117
-56.232083185436736,-37.882936357761054,-331.31125974565214
-57.74150066459697,-37.105200490214536,-328.4018324976186
-57.86189981976927,-38.71793066138963,-335.58307491926666
-58.155234491513255,-39.80652848643262,-237.00064487760997
-57.5095811122116,-39.49983351578054,-438.244805362762
-59.52714536601336,-35.17435960450949,-246.3427385351227
-55.78181184293195,-38.21301222005933,-501.24510874596774
-56.73201254061661,-38.80132208977145,-457.23262055767503
-56.98488515221569,-38.39353826525985,-247.12934163274815
-58.728322370252904,-35.3898414215407,-305.9887751552286
-59.488524254484005,-35.973444712915374,-271.27517174007454
-58.79987989965899,-35.65837948896654,-480.27778279338634
-58.151091430540546,-36.02937492492063,-420.70022249989796
-58.917478616874895,-37.648577426691,-56.487043494832825
-59.68411376624211,-38.12924294971427,-472.58893352689915
-55.669573309822866,-39.421562058814445,-268.62917273752976
-56.277519640188444,-37.86188507497838,-73.18738088190426
-56.62035342940079,-35.702423096176936,-252.09495718284597
-57.87263711177571,-35.26450623114785,-423.6387106760164
-56.70981337674392,-35.85123430142122,-259.2831791654078
-58.40893077687148,-39.80840997852187,-185.53174851257927
-57.57355511401689,-38.02936353433533,-392.94618436138524
-57.38277220723776,-36.334234120469475,-239.92803320078042
-57.103094267613535,-35.756523793600095,-226.56953199592195
-57.29285571824667,-36.65544999009449,-417.01689894083603
-58.11436725386265,-37.60967332963215,-284.8872287418618
-59.56137302009582,-36.78436333570263,-420.486659192184
-58.73605642488399,-38.93427333008583,-401.89482644526123
-57.78431031412164,-35.18914372174153,-490.2968895960733
-58.05745081391142,-35.687056867459724,-68.03923553778435
-55.022890452269685,-35.29045142666484,-217.4854893620645
-57.0664018654543,-39.19016690569614,-330.2936796406186
-57.48911193957678,-39.46884964977768,-412.13277801176343
-57.26047162322675,-38.464659611117604,-436.87091160065376
-56.02732079471584,-38.40416100454344,-256.96991137612275
-56.765845691344786,-38.13855725870139,-410.6782748551851
-55.390256941940564,-39.13690900005087,-353.3608905166031
-57.02056196900513,-38.05138344009723,-363.60103243002544
-57.91927305557187,-35.48766360125157,-450.0692158506929
-57.47805399539477,-38.325965036761005,-168.59148732220837
-56.01022922116688,-39.50839428095387,-255.31525975413922
-57.279964948985295,-39.19175089558644,-392.8471093134265
-56.58571558637778,-36.12318974326574,-383.6007059132987
-59.45334241238466,-39.013835065760034,-289.7913199194885
-57.11633888074832,-39.620116613739064,-474.77291703670954
-55.94667346419941,-35.89425729285686,-227.78846073678517
-59.29706722363187,-38.00396594991243,-185.307400912627
-55.404431635810134,-36.870863656084005,-238.1691283074264
-57.027842098037794,-39.3046476124212,-65.74261455669598
-57.40077772496928,-36.8764775121205,-453.673247204433
-58.829441534838175,-37.19217170162318,-313.99304536362877
-59.214590031069335,-38.322057078806615,-292.46959796114726
-58.77460941308244,-37.06998480217849,-447.65278592411
-55.920832931833104,-36.15413159756334,-469.88068230133035
-56.45297166508581,-39.96465653847077,-103.05543369409953
-59.34278078865387,-39.35682485865802,-337.3995061428118
-59.99688964262888,-37.954801246347586,-154.40379785161065
-56.14546724532525,-37.940304725441884,-433.72145618335776
-59.390957871461104,-36.299093902129144,-269.1143662496563
-57.25147882539011,-37.521291179144406,-98.18459246709696
-57.35426282836004,-39.76261443251806,-181.04767795186973
-56.10182025129547,-37.79749115828188,-55.8924495520368
-58.45738770509813,-38.001920774317306,-54.67245165526287
-57.150752861415484,-38.97146994889357,-467.5652571452764
-59.84023310636722,-36.278807534240755,-393.8169315227989
-59.83012522900364,-38.429799363193986,-480.1340837723404
-59.21430090302913,-39.276841402595124,-85.08107420229192
-56.72673348776951,-39.22689414759433,-53.849057399028425
-58.571827930973065,-39.83125657156578,-211.24652796517393
-55.68952629394314,-37.19534200719505,-353.30340961731184
-57.757738310371856,-39.87423884996729,-413.7939732521719
-59.73362935919009,-36.37562626168735,-403.2425606328443
-58.5087823886368,-38.64341538379897,-170.00269660668366
-58.36798183451637,-35.83048483430189,-58.97008209726747
-55.06475335414929,-35.270377039152024,-307.2785362878156
-58.70991030987844,-37.63065020821623,-469.1352952927051
-58.5513438186027,-37.40749048358331,-237.18752026749203
-56.23455088706466,-35.15668885779954,-122.67619683963073
-58.42816294220785,-39.718765828667294,-114.72872972265822
-55.48555063180089,-38.410333949204684,-306.94183262708975
-57.63936181176885,-39.75979840440108,-488.2786486411544
-58.488682876437615,-38.10345821570545,-345.66694695299174
-57.71378990428651,-36.4458487317954,-125.98174508888295
-59.520565918482525,-39.03965886656849,-116.78289857684261
-58.49180195026403,-35.973730802309845,-387.4060007761238
-59.86861653305589,-35.6677585565086,-179.88085958851943
-55.8468520350954,-37.42615875533998,-111.65302644101217
-59.42656405724841,-35.711912953637515,-310.45243334334907
-55.53494246632443,-38.960084216930234,-198.33144104355068
-56.96286993436402,-36.82643188870075,-463.20430029758137
-58.00466591628009,-35.62008259866481,-236.35060157712928
-59.32197183505424,-39.104701449798355,-458.1685824513916
-58.31284098289701,-37.956524567640486,-132.98876158801255
-58.36775382940761,-39.1798529707976,-250.23585416786628
-55.5097822626592,-38.93158197958832,-398.14828823925785
-58.38885870342335,-38.328775293107434,-261.4213596052862
-56.079679676299676,-39.76204841775122,-127.8911210653903
-56.515702551102514,-35.17642303570814,-63.83347594112298
-56.35151452289109,-39.02809710852764,-71.96559464507742
-57.29304314031672,-36.97872480477008,-470.6807317778787
-59.77935234000784,-39.959357015058316,-177.4349006721388
-59.83689872098182,-39.43681948628216,-115.04792405386299
-59.22185426567864,-39.58183454094372,-287.3272910359714
-57.25248140588627,-37.27353156808609,-391.1511174715357
-59.83857482361506,-38.02627173408155,-328.88546659863283
-57.28077593986352,-38.2700515202155,-279.446651266401
-56.212463099886016,-39.19017996259998,-332.5966587322225
-56.77502164450553,-39.91594835843486,-385.86439350194354
-56.62347020694541,-35.43921822164745,-236.9143448555778
-57.53957485065352,-35.437323413687935,-486.7552118013
-57.100152300458504,-37.12337384070639,-232.6004211097029
-58.97652259091605,-38.763027786621194,-157.15416011794886
-55.088542549224854,-35.215294770099405,-391.8700669201153
-57.38651556693439,-35.599990129696046,-77.52895358162041
-57.50014150829332,-38.49638327534198,-192.2767585904741
-59.16544471471028,-39.872559766327825,-370.0589269582727
-56.186252702360925,-36.79342378301842,-484.1046112215903
-57.30865486979964,-36.9163089080257,-399.2777179051361
-56.17895289487534,-35.88412921447958,-343.02390621956096
-57.79226380140546,-39.853915366732416,-347.49534006642017
-56.36024622760673,-35.71998356153136,-187.35974073520532
-56.5359705069951,-36.92668854680653,-226.3441553430508
-59.29791024236774,-39.39853085248694,-451.4580916317732
-56.87698051897294,-36.94669350042296,-310.5122328801911
-55.932795566418555,-38.574008809258956,-143.421552858307
-55.138292344978105,-39.018620246896155,-343.0389674617383
-56.16203159496649,-37.85608296858453,-192.63890098985604
-57.43699173649428,-35.340668426155474,-431.37442484074865
-58.25037765985108,-37.731459581059816,-431.93313823405185
-58.88909059062503,-35.39772150396364,-183.31995590552995
-58.909074901934936,-39.6651238648355,-162.48784492422348
-56.97200894214254,-36.575383497431126,-49.772478334197466
-56.24581723406362,-38.67305303678609,-387.99428059995967
-56.5934274878404,-39.374976494566,-304.4410993198908
-58.381822595874425,-37.94937215999328,-166.94484703363833
-55.28782255650559,-39.3053387931628,-99.55412181525642
-56.411004216019926,-39.31873889174588,-293.6267507043115
-59.95646291454504,-39.89587101731125,-473.4834878263976
-55.66634542370025,-37.77608650166816,-258.90353662603906
-58.34106594377004,-38.216703554089776,-339.607771396736
-59.31740847516276,-38.825577765021634,-98.19718173960351
-59.24164985412075,-35.89115784672276,-426.03748321554434
-58.740738499133734,-38.70789610090149,-369.81242627282296
-59.55954000913711,-38.820196964298,-297.8247982901877
-59.78088903482766,-37.51683959784154,-429.3375118016242
-55.667461557568906,-35.95825992742958,-404.5585484296453
-55.48911725714174,-37.78653705878748,-182.50915961706875
-56.186864432617,-39.01235588694277,-329.53242590515623
-58.587160480795205,-36.68666174850259,-69.29359049399963
-55.93255568066792,-37.714620215412346,-73.07889276046281
-56.589711096749284,-38.86557252835747,-133.42867733037795
-57.79212220326912,-37.43044271769358,-197.4957166547339
-59.013565559972,-38.40317434060625,-103.51695812343362
-58.646161939781024,-35.82243588822891,-468.1259104416333
-58.71192808617512,-36.82776778271841,-174.64915965607284
-57.127456799163184,-35.45207135037136,-360.3736945937774
-56.048162336669414,-38.90342812262703,-329.2523433520559
-56.77189885840197,-39.37277116371101,-190.60541910978407
-59.79447864875961,-38.718459673162606,-343.8704273957383
-55.15451896553769,-39.725389131775636,-309.66843737715675
-58.554622007205055,-39.635309461722045,-253.80358069843794
-56.48692976988646,-38.945764142462934,-318.40704660072595
-57.478981550094595,-37.38703402432061,-407.4845879886346
-55.593953064582564,-38.228262718471356,-457.3776428427498
-57.83794295995117,-35.64915216545352,-169.7328305490702
-56.55048870392256,-35.74907031891886,-431.51002411834764
-56.02271697498913,-38.358619848316806,-481.6735463713911
-58.380263862046874,-38.18933009537078,-146.34668622245752
-59.15633246026237,-36.49226935283377,-165.87050533581663
-58.31282397613243,-37.54816260396671,-308.2566259335417
-58.19958019820778,-35.73301708300688,-212.63715408435604
-58.323276689153495,-38.39950194889632,-94.15884419558208
-56.95850690653159,-38.69918085629624,-203.18481841704943
-56.373345128040526,-38.93352478635506,-411.2586810238514
-55.21258269767893,-39.6810662815735,-356.10666356480556
-57.26500077721952,-36.13560374557283,-429.23314384808964
-55.48410791267718,-38.8820685440343,-210.83517905382874
-55.684752314781036,-37.69885396136679,-304.798245683306
-58.18931662985327,-37.76782718710135,-443.6662176619261
-58.34359697998609,-37.395807039778205,-253.9836922369056
-56.24560047872254,-35.31708984858322,-332.37608837124907
-59.002384697803556,-35.19676782183675,-354.92114437026004
-55.06861517849641,-35.52110021674417,-63.57230158472854
-59.06247281826036,-39.338741520029096,-148.2567011195734
-55.9192989056648,-37.32690657041676,-348.13041359554575
-59.94239788924424,-37.071256285783974,-128.95123053481063
-55.36721231639161,-35.21973473396436,-269.1331302521441
-57.5370767999701,-35.276649372598115,-99.40151584751247
-56.76075760176389,-39.706450116699564,-465.95728837716416
-56.35904686485509,-38.465103087549345,-162.47213889196513
-57.78678323780908,-36.06721773932288,-107.64623580207262
-57.64656076802122,-37.242655123219905,-461.9093034860204
-59.55312258295385,-37.32196366025559,-109.21893924858897
-58.618528925248064,-36.84649236690676,-335.47729247584687
-58.76648802820166,-35.47120903832888,-144.39585685506287
-59.26213209486566,-36.196271483700194,-291.99553587474264
-57.02208237305287,-37.985626156252444,-304.99677847241
-55.70909089884387,-37.00334699768608,-483.2726575512524
-59.729379296240694,-35.01194843172852,-334.73214200283354
-56.89588146506742,-35.093159414744385,-407.76129929104764
-59.0721958413166,-38.81970613888351,-293.11981283244876
-59.27325305945506,-35.717882146303296,-414.96849806489234
-59.48674896066882,-39.45950429535005,-265.34875613007057
-59.5015974590454,-37.64143624187293,-73.6479439743286
-55.96769080816974,-39.1811793483283,-339.37117819382706
-57.87432771924117,-38.47360393079299,-266.7438356652336
-58.51490354012262,-35.38770968112455,-202.37118781685984
-56.082545470458484,-37.344225886343686,-85.20218819837265
-55.11382859538698,-36.53144876932535,-320.5474039259181
-55.38062726776579,-37.40640215277893,-222.09655196581394
-59.74293683548978,-38.430306911678265,-62.932203956460505
-55.37680360543679,-39.91989219043976,-475.62487028620404
-59.6272149693677,-38.671892725939436,-401.28720539791635
-55.228310346864106,-35.08586528339076,-110.87621126651027
-58.50107435912962,-36.63455677665071,-314.1606569395341
-55.65611154419216,-35.53788954628656,-281.5978583446956
-57.57452439349533,-35.271946321617435,-265.63025321875773
-56.56183831280655,-35.714636862079466,-69.59422013463089
-58.816892428458054,-36.176345669717804,-259.8163858281889
-57.52679615094335,-37.68346263701923,-271.5286175010553
-57.734205653380755,-37.7759743034892,-101.52104498982855
-58.62503173239335,-35.26168161375223,-281.6362612125309
-57.32739749250997,-35.49359713721825,-196.1174686222126
-56.94807264824071,-35.88301358011546,-292.8925036973229
-59.465756432102516,-37.802427772594235,-138.78276708349875
-58.2939069545313,-38.27031030354047,-227.73646828292456
-55.0992087887552,-35.88271950847742,-132.03026379765765
-59.24147913679125,-38.364301773079255,-198.83907260619796
-56.299897043348096,-35.041951897377785,-393.35975680104457
-57.727944441083245,-36.00314567287288,-134.18467595625515
-59.350079030561595,-35.37447724111789,-485.81306916442566
-59.84829905777568,-36.95362129373609,-163.47776514464422
-56.758869284108194,-36.84638103230806,-456.8746248087537
-55.206880851884,-35.23689673665123,-449.80879302058173
-55.890522310394125,-36.09090646414693,-351.952179450595
-57.59126731120413,-36.67799714477327,-300.6210511285332
-57.762510937326724,-35.71838784442177,-146.55603025162486
-55.44004367031488,-36.97659259826207,-372.71699036298605
-58.59120096904198,-37.28296485101617,-171.44112980517193
-55.45125359964059,-37.36555663938237,-66.29670827007062
-57.28492713969412,-38.65031795730712,-363.8563566203645
-56.9469327662895,-36.59949824111876,-231.75500571462374
-57.753301823409174,-35.361856898209886,-154.91004340032293
-55.265449394835656,-36.472045600334205,-297.9659757449104
-59.3651747257024,-35.38938786281665,-351.53789854294627
-55.8655447538341,-35.670123632385135,-275.8783084055241
-56.90219302581787,-35.27288138221188,-343.09956403645344
-55.462714700977585,-39.32115474199551,-285.08833017467856
-59.370044071547284,-38.26320569156275,-58.01609126967791
-57.645782602097825,-35.910944251813184,-385.79225541762094
-55.44913172478834,-37.60156655319581,-399.8452447257922
-56.37652371999916,-39.04426970711899,-232.05177363102297
-59.57310269528783,-37.4560408483343,-224.48954793326104
-55.80606531278239,-38.521146153169184,-218.02850105822696
-58.071570696587436,-39.10648923320262,-197.46751790209385
-56.63761299283015,-39.32524166499768,-63.71074240592669
-58.28164628147352,-37.714508523402394,-306.0364865802251
-57.64687472522907,-38.4279968451118,-128.96661405846297
-58.70254292120937,-38.57949773418243,-226.15075230160085
-57.789419417788224,-38.96676047381394,-383.6858520891991
-58.474503209317554,-35.66885120950242,-157.8314510360538
-59.099075913065306,-35.10155138242568,-70.72394856968505
-56.066682413635675,-37.12318563899429,-104.16070084657095
-58.23408298958967,-38.92397240053453,-260.44609713905174
-59.376014544717194,-37.48452745185381,-226.20555032737605
-57.80995486159217,-37.634238529980806,-222.32402232456315
-58.49147483245359,-38.7203839750234,-340.0555369781018
-59.57675975914178,-38.04418167714225,-395.8418924300557
-59.760751787750685,-35.78092130331386,-279.7798596153951
-58.05924632646125,-38.6631636299984,-88.47472727173289
-56.986400522458375,-35.98996388695438,-372.14750614246253
-59.16358913775371,-38.90836228601831,-292.6495553332839
-58.58869218813893,-37.43262172721427,-114.18869682548782
-55.702393131059104,-39.677216934281496,-97.58565848663359
-57.182719190206626,-35.293802009182,-462.3428190134817
-57.54709745274192,-37.851477672752246,-139.74125560600064
-57.83340111205354,-38.81331172138213,-341.955403358224
-59.92869709881158,-39.20149730582062,-479.3871885030654
-57.05347503952555,-35.071702780248216,-348.32183819659184
-59.40110649072838,-36.20231026516841,-244.6835840533246
-59.74799503785032,-39.08296460573073,-152.43445944131537
-57.30599930014826,-35.88870527436865,-455.87316755006947
-58.23081489355848,-38.65181621849691,-343.889122859131
-56.5042261827704,-37.30306789659212,-483.2754562811088
-59.70491966765851,-38.173243975490806,-453.2085453133248
-56.5018616625795,-35.497972722917424,-216.4233430594035
-59.837374270684,-39.822056472208345,-422.7402355867727
-58.32069839368182,-36.470275874932014,-460.56624999339755
-57.759833393488556,-39.79284434588626,-318.08331341451446
-56.019801477932155,-36.02990323592714,-89.50133609863136
-59.050325042460116,-37.36330777582112,-188.1743286775476
-55.5755101844644,-39.2052030468439,-432.36430265422797
-56.77230249923405,-35.732726464893915,-282.32428848117365
-59.775509414701276,-35.630213855157734,-147.05057239456593
-55.85722372504851,-35.14554451519028,-348.8947332297024
-57.84589996007612,-36.23140221951091,-233.55597166853377
-59.38383417828683,-35.293290597114336,-200.66091425385736
-55.40914568942658,-36.67560161975228,-151.11751786310998
-56.14745883032069,-35.12623044659153,-161.82807495817713
-55.28989842034941,-36.262720534075626,-217.64869614964937
-56.900747031687494,-37.6638884038749,-111.01544288944642
-59.77631386620512,-36.34074301202169,-459.57955721395143
-59.60641500606031,-39.51645208658383,-221.23784784698847
-58.79520523244264,-39.15070577510281,-234.0236533449205
-59.04395128651868,-36.652119654139426,-411.4672927954444
-57.98617304669118,-36.22652662619928,-278.61121100051133
-55.53172310421941,-36.43559241161531,-464.872354345597
-56.174980894363614,-38.96131939037606,-464.55999992683945
-56.346828125670335,-35.369534298745826,-271.23019752101993
-58.33167595388332,-36.02855176967461,-175.34286084119128
-57.2754395211001,-39.329993607459,-302.337222665839
-56.262055421955516,-38.466211313422775,-352.935188453226
-55.22798828715975,-38.57905582419202,-495.2896767030678
-57.64898448840614,-37.84021936807978,-329.57606658491346
-55.2249201342508,-36.585784657820206,-492.33986442494825
-59.99737405662116,-38.68468379816399,-107.97548815584098
-57.79764296983761,-35.07164419404952,-118.1343680222487
-57.819970765347286,-36.92522988314924,-422.57090294437285
-58.308503120673684,-39.002843078467116,-425.521072467144
-59.238235403453636,-37.245370217679884,-132.3694171230194
-56.57309316687011,-36.0600906478106,-144.3089153720047
-56.5536957756238,-36.51504038991136,-113.53420464301249
-55.5193612111795,-36.995169409332256,-259.4932947472047
-56.810921993457946,-35.60069810622978,-379.3727590365171
-59.54276588489411,-37.237538535133424,-175.72095416492584
-59.53999290023366,-39.24156538309497,-211.24171458629561
-56.29906685247428,-39.68489153775158,-307.57630878529517
-56.448311047968176,-38.90407281169813,-369.8176659160583
-57.81913863115652,-35.995109697107864,-419.6912118818376
-56.49033995415368,-35.6791032370517,-92.24837191915512
-55.05631034357508,-35.28400661292007,-444.6856266933718
-59.32624516493266,-39.27942425958775,-221.10922626544667
-58.44322469911778,-39.143613460342515,-306.0758513751132
-59.98183263152347,-39.305268385824014,-322.98176701880664
-57.066204537378354,-38.91747786289914,-204.83267319153921
-57.39793726409279,-39.97468437631711,-230.88734962353183
-58.94613447741901,-37.17408878177735,-271.9364243340499
-57.053056517304505,-38.0937816702235,-284.33602796708794
-58.25569622294026,-37.91165953187817,-284.722654117925
-55.008166957712895,-36.72538473103079,-343.40246944587943
-58.48431189790133,-36.126328662310165,-280.5037338676283
-56.38181820463461,-36.979524801740396,-337.40664409215793
-57.940230860245244,-36.74402254003264,-120.71877989424357
-59.104673166456884,-35.69088841795781,-239.49811075180622
-58.72083465547885,-36.394503959364016,-395.28188232355484
-57.011836733751636,-36.070276014360275,-340.3757001515476
-59.81000168564602,-39.83343233124978,-67.3868697319392
-58.64825248777988,-36.149307370886085,-384.63229771876337
-58.67719417891345,-39.441760469819464,-184.29832750227615
-59.25334531965677,-35.930891685585074,-371.0042733402152
-59.90571940187153,-39.548172964242866,-273.7077987231088
-55.653856294827555,-35.26188857225859,-339.7328340826612
-59.19721551400988,-39.46726704306816,-226.35658509493462
-59.420043999724086,-37.86365974003328,-212.61996011567473
-59.689591363229894,-35.438497032427684,-94.76040481774164
-57.02702467402327,-39.66138479296605,-329.4467462941563
-58.136683392285235,-35.53144747021074,-326.36311080980397
-58.22511404747557,-38.932870452030514,-366.2829336859751
-56.76105737834034,-35.486161899760305,-197.85711167923026
-57.659696636955346,-37.452898783100245,-290.3818466698484
-59.65715881007033,-37.09887351074649,-381.04405335175954
-58.49601682432949,-39.803620973355905,-315.4312094767098
-57.87312303632941,-37.57447859131053,-159.54699801635834
-58.78109334817915,-35.72889881546605,-167.90478538941815
-59.863539915804296,-36.13728750365671,-236.52968630491864
-56.789559119645276,-35.39084387338543,-305.47048537321126
-55.82815270618195,-38.69903109822687,-409.17625587149195
-59.00219295708952,-35.6416662596103,-165.1738638001152
-55.8064187327263,-35.14895511952338,-207.39100753636907
-59.01865988923247,-36.249897634030916,-194.17532777107374
-56.33772617576435,-38.98464432005572,-179.29488898956689
-56.33382222433136,-37.94530241530687,-140.72351830240916
-55.663873561577375,-38.235370126386755,-221.69300499640718
-56.527058226474345,-35.832811776880725,-251.1379199765568
-55.29464229449534,-36.07743961907214,-95.94284327490703
-59.86940970273113,-36.752159285155145,-346.4709862387486
-59.79338330127752,-38.28775616517328,-260.73010030844745
-57.078994231407265,-38.22923269827263,-221.04459502107935
-56.93075113955963,-39.61083438638377,-489.2594018026585
-56.26192977747955,-36.17925307935013,-91.74053569628055
-57.86443162396172,-35.65472355859152,-406.5300820657324
-56.41925687295463,-37.995312033656354,-242.60503020727214
-55.90602011130523,-35.89885963025747,-155.93341159744367
-58.61742453691412,-36.81387062270892,-173.60972300157593
-58.79333807665176,-35.279317202479845,-109.23562491109217
-57.17479290658971,-35.4689945456184,-110.69981436214879
-55.952076571069206,-36.54109762614159,-432.3195701108252
-56.71191247171519,-37.55994793717876,-146.20077132217142
-55.19962241665057,-38.95994359968723,-403.31336941405016
-59.65435067949005,-38.30394776592524,-436.7407931992972
-55.72776318929471,-35.0628598353342,-284.39873462800693
-56.09862115122137,-35.91611300627408,-325.8352929188772
-57.35460171197698,-38.95344188740408,-437.70047712434274
-59.936056334037545,-37.74651113104473,-357.7032716399959
-57.221160279101845,-36.9417492073057,-226.05917913520514
-58.917981762977725,-37.36071735347382,-43.63200986276635
-59.296449273403475,-36.54492672826374,-106.26093083968519
-58.25648598481955,-37.24845468267595,-428.8182651291354
-56.14187121358427,-38.35511453814184,-214.2245736699643
-58.826641242270135,-36.312557545854716,-82.05194296411538
-59.13892889627986,-39.49728866567162,-327.59530198861887
-56.14491881715289,-35.582509068315744,-454.85057167365744
-59.305232956237525,-39.99469578622415,-97.12576240265912
-58.789559167348045,-37.14552224740826,-394.34344917205334
-58.89134088735376,-38.27800939461747,-233.567808652517
-56.530149514727896,-36.90851566140976,-477.2452880528806
-57.677942438997434,-35.60966961328049,-476.4597190732126
-55.63028818465402,-36.17995613616233,-244.5000986465432
-57.88426064511367,-38.44828200604485,-457.14382291615334
-58.48715559257461,-38.849335636905224,-277.1381484356379
-57.15421373774107,-35.60727808742848,-245.62778283671213
-56.69738878034469,-37.81289708760177,-68.0393066893198
-58.07878862772518,-36.9507304224213,-456.84321076969366
-57.986780136807376,-36.90525321881246,-149.03761300701828
-59.01122811681911,-38.21585206273721,-406.21736761974336
-59.0073207317759,-37.30528921317738,-119.01994199318884
-58.356588368848904,-35.06087051425755,-476.06096427200873
-57.169654000502476,-38.40220698688705,-170.9319322163279
-58.622884770099624,-36.59536494588683,-442.65939625924
-59.88077373637296,-38.909230315452504,-344.3889638708903
-59.122191888889276,-36.49051437578455,-295.48391553754044
-57.19748860474734,-35.48801663666177,-245.56593858188944
-57.601967093078095,-37.472769318515745,-180.73297055957892
-56.09064790408345,-38.92161160927654,-334.84357324173465
-59.50622506349703,-36.88918180279714,-91.65417184611
-56.91921538850836,-35.80367937796369,-389.35570249033316
-55.20228443326417,-36.084960765601195,-246.77934557770752
-59.55417238531039,-36.23204708745729,-230.67061873162038
-55.73922288533249,-35.79361637322834,-464.022415091315
-56.96218133350452,-36.3532995104555,-241.9251792191808
-57.92810774479969,-35.73984036062353,-415.8786440468351
-55.97860047539312,-36.65968520790236,-65.06323484557582
-55.04137819093313,-39.87476562937976,-131.4503358443084
-56.590559207777424,-36.26514853270968,-283.03955499619525
-56.694535078798914,-38.408648176452,-473.02323976702303
-55.2774463723034,-36.01388016392861,-366.66547262161794
-57.85966255052973,-38.12696558040341,-109.95111222389667
-57.04796393451994,-35.35435782580994,-76.8061834628772
-55.45238728526346,-36.26394825216052,-469.029009982264
-57.022862279829205,-39.60191730067761,-151.30169968776457
-58.14057885512481,-37.501911009188035,-134.5738669095732
-55.68675719764575,-36.36570555566252,-288.44880145945257
-56.68978081210821,-39.42521257850511,-467.94990959804943
-58.650130037169745,-38.575263015148735,-279.86696961170554
-59.359250664329,-38.032479304184605,-100.13691897184327
-55.93453511645746,-39.032858878631174,-481.8373385649172
-56.10030846441938,-37.96746882938677,-418.63346264122754
-57.03051544852609,-38.72965399716599,-214.4175086358655
-56.97726666382649,-39.34776919098976,-198.93775169013202
-56.19048108958102,-36.30894373049951,-457.4513679308146
-57.698841003795984,-38.31267435210326,-216.46812323452113
-56.64942415428118,-39.850832990671364,-71.12432592710293
-55.56219704553338,-37.02307951917231,-288.2274964332552
-55.25077166728743,-36.748132845639404,-270.7825567666526
-55.941469101246,-35.8756674953529,-160.9130038563544
-55.51451927452428,-37.67154910697749,-410.6037401148019
-58.599531593737765,-39.52966169729127,-323.5095307958366
-55.99111627894985,-35.836756226972,-163.243091441273
-56.177292301724066,-38.02897621790833,-177.16708841956662
-55.515116525540634,-39.77905466546605,-135.61987098667709
-55.418462722463936,-36.74877736541087,-320.88551866782086
-56.75874676828374,-35.28502441828637,-237.15906445377846
-55.71359437787002,-37.31290314336161,-223.2309713181155
-57.19362841819166,-35.379969710213196,-367.9415339287391
-56.391009294588834,-37.212238506452735,-318.9672224161183
-55.47030164263724,-38.3381009811873,-215.2445469480236
-58.707463393320495,-35.86554562545806,-210.04323766385906
-57.36262628732806,-38.10531875060174,-388.3910905434475
-56.31691199442554,-37.86791263727541,-473.11968707188674
-58.79775946099051,-39.83384977364895,-311.9420268943016
-58.22101311096984,-38.330798196538154,-408.19237319991026
-59.48683624188653,-35.014607401727055,-316.5850767018929
-56.556427465132614,-37.92706678407013,-356.1206560752797
-56.956500748634696,-36.0771442371121,-364.98651667165126
-58.132093218644904,-38.61872964382721,-172.35835795599456
-59.12426503957133,-37.397142843242435,-99.37100317140117
-56.98967087378128,-38.149135662560866,-222.07576287647657
-56.043637325950414,-35.20260415704203,-426.1017319036402
-59.722907148829556,-38.95869232894822,-362.7562574919034
-59.269228141452125,-35.00596641902941,-209.84123906885694
-59.375586998016495,-38.560076994434546,-238.816388832369
-57.884980451061324,-36.33254394713979,-84.83078968594128
-55.41867929191642,-39.17313452905355,-185.99826518788808
-58.323546473849774,-38.482160070503056,-233.97893876668502
-57.62010133746049,-35.92662141219597,-166.3502950108449
-58.28632336410397,-37.1679079042832,-361.15149316479284
-59.0516105758525,-35.66352614654293,-247.91704132731917
-56.25729592256255,-37.99618117641967,-383.0528636309607
-58.405618623755636,-36.944716536579264,-320.35554390080864
-57.3636113189538,-35.18196759529067,-489.91568263060367
-55.988967441104585,-35.48731789676752,-399.711445403562
-58.7029522357981,-35.080397817022295,-371.54348883897785
-56.20527634176527,-35.53272746322563,-107.31117429183288
-59.15584420447989,-38.604484491442776,-459.67093296448365
-55.1064601209066,-35.27256225466889,-372.6337367578917
-57.595577676006414,-38.80802374239089,-41.88002225935708
-58.392278564288155,-36.74597088463494,-113.44173826229282
-56.438864563496956,-38.10640343149966,-252.14665039486889
-59.52437393414864,-38.225371539768524,-371.95352103776196
-57.45948470323776,-35.713038940097945,-248.77116569933952
-56.63991744184005,-36.58277498779869,-145.79777925651902
-59.97532719947373,-38.7628393443761,-222.83483216563405
-59.57549332007457,-39.20688370944034,-199.9696070841205
-57.6202933251532,-38.23767787346114,-188.94627596947046
-56.73617104325466,-38.16588485006955,-226.9981936973382
-55.445400022739015,-35.75808707285931,-206.38266694895069
-55.44351922554126,-36.666733220914224,-180.82589907304816
-57.937214812775025,-38.79546298997395,-443.64563775169273
-57.79287208241578,-38.02766266121045,-76.56326751282052
-59.07635086863972,-36.63640691967021,-451.2129531547802
-59.34372173571063,-35.04121527656159,-61.08788900981261
-59.161088185704486,-39.36379129226786,-197.08101397023526
-56.0662810030175,-36.38333662935915,-411.713809039884
-58.17355777611032,-39.262693375498664,-420.3301596932834
-58.72830199556137,-35.6834362291272,-195.47386004471392
-56.27931004181574,-35.42472644965111,-464.9228942678244
-59.04053270554632,-38.789392932642606,-448.02295894739376
-59.281384302631444,-37.49943173364325,-426.42749450669186
-59.50554004750164,-37.64190801648763,-369.7180971478181
-59.686560294847745,-35.379719005531804,-469.0221372702293
-55.32264017975281,-37.68032911706145,-63.41965535380338
-59.85899209015794,-36.49590270081535,-443.08862681815907
-55.84802695582073,-37.30763387389567,-318.34420291761865
-57.331286675521156,-39.5795979836177,-456.03184548293865
-57.23635788103441,-36.08141584244031,-234.46845905284204
-58.9583823392922,-39.102632562114984,-444.3640821781545
-55.2906465419891,-36.18224485781575,-209.54015468122904
-59.540224025801294,-38.21964254432003,-385.0939513635204
-59.73485942548361,-39.06862592182652,-320.59942479922034
-56.049527854683355,-38.29240166006779,-150.3924035518576
-56.5499262260399,-36.82268735104503,-155.27793612179988
-59.542087840847785,-38.63933263359159,-202.3763806334231
-57.966733896813764,-38.083774645942846,-376.8801900789126
-57.20848511395608,-35.18383290473418,-438.4434382390139
-58.168092749042074,-36.93602764247114,-432.8960807840635
-58.63813215463709,-37.167406953873204,-429.4105747385653
-55.26867492059922,-37.93101933075355,-267.6723958028081
-57.72382015226863,-39.24439150454935,-306.48528160852976
-56.9877880403707,-37.52715211508327,-305.5002305025977
-56.4754524054731,-37.20809041199497,-468.0623184846046
-55.66143951772541,-35.85028265560059,-209.4157218340074
-56.43075172821828,-38.569174565971906,-441.46819670258236
-56.63153120698574,-36.265444317596476,-166.1688641577922
-58.72671489681341,-38.05416770105525,-81.89603314783974
-55.35605096427768,-38.5483133693268,-446.3905278253131
-55.76269987214134,-38.742168328438055,-95.9167322557028
-55.15642590423892,-35.36301542187861,-330.9033373353408
-56.55586593223655,-35.78600542715048,-158.2301124366692
-58.79177669770545,-37.387987539405344,-77.91831573647343
-58.61447672522497,-38.37109850246735,-68.97697399009778
-55.663367712000046,-35.33436708428705,-68.92322959313607
-56.60943327947268,-36.22154626584495,-457.8233098213646
-59.54972990524629,-35.59119637820026,-159.6412133685173
-55.9552102297078,-39.8243056440364,-346.1872729901599
-56.490529155083536,-39.77944712630243,-263.68930177419327
-58.66044652004133,-38.033132428577076,-248.7363095813178
-57.7130680804772,-35.81928958293037,-466.6193239142811
-56.07984158220991,-35.93791414706219,-497.12155673748464
-59.186841970934694,-36.17905173907825,-337.7599700971892
-58.243726005530974,-38.91041541450329,-252.1184661091911
-57.68970457029695,-36.126351069983315,-318.9701785565156
-59.430445055495525,-38.56762896137685,-185.1517155306612
-59.0654172117734,-37.157950989149406,-157.5813657915425
-55.49250911258727,-37.63926368695414,-140.46946981865327
-57.3870377607188,-38.53701809242964,-140.92393557437055
-58.49356123025183,-37.00195920973727,-464.3857963573674
-58.28046657093935,-37.407955276898235,-281.56763281246754
-59.56275349193402,-36.76089792627984,-52.700108093661555
-57.603799238178965,-39.88084810303497,-237.24431297973254
-55.516896682769165,-35.703670735958724,-280.17842668838995
-55.07053402120789,-38.26203581083218,-476.22939849927474
-56.43818943636152,-39.013402563122604,-138.98255854128053
-56.72307853382971,-36.152521487461705,-497.2827238119965
-59.02205345294862,-37.090999411953625,-361.28786376989984
-58.4285876253971,-35.27517113962299,-467.0997300372252
-58.90513381772304,-39.157272961738585,-389.4428041838524
-57.98085135958105,-35.88423182836734,-394.5226969213181
-57.46626285417448,-38.81872146517272,-323.98470615199017
-56.24881445585591,-36.321587403203004,-336.7166127768058
-55.730378014817084,-37.37973082842752,-220.12029993593794
-55.17053495088445,-39.826066761399126,-233.2334242526544
-58.779588139505236,-38.02782763343425,-161.31751573112817
-55.747380590327225,-35.471869953286316,-230.6550663367466
-58.79580793540137,-36.42826983219813,-50.993200368502066
-56.39020361267753,-36.832280769866,-220.0243007043746
-57.26909147808245,-38.743628754841716,-426.3960591917097
-55.87915377186077,-39.695296674637184,-313.2695494351606
-57.221858341973295,-35.25356179041148,-212.5869290539107
-59.95992551824419,-39.78763223651593,-81.45394062550048
-59.03455680562424,-38.53713980934712,-423.5112003840902
-56.87080659891066,-37.26295295638356,-316.2786386134919
-59.523649679608866,-36.60340424296802,-470.91279285596113
-58.47810552140065,-39.59053331522077,-102.21883465261502
-57.06074468211525,-39.66239105424635,-125.59404659840385
-57.65237204181621,-36.48976255576161,-121.75875924117011
-58.76144439763932,-36.73715142952896,-328.0165244255242
-56.110521555233824,-39.63725485740113,-93.98071069098191
-56.70245069100497,-38.37570743080851,-156.44544074169494
-58.12060923255156,-38.44056557623663,-423.77212385988804
-55.24861022702384,-36.08435463567902,-379.44352229830395
-58.43198748427193,-36.558378382305705,-177.4495766803657
-57.94732089123891,-36.564908060112394,-115.98913109573394
-58.171825890096805,-39.588280436066704,-297.33878819256535
-58.51735475926451,-35.54359977993944,-294.7885196673802
-55.85676578751177,-36.99048550069496,-314.60273831376674
-57.454959069579964,-37.49388836475633,-436.5172262868509
-58.377941222366765,-36.99687311684033,-157.64424363692268
-56.72239206128625,-38.26320831720961,-56.05815753426646
-57.08924012086042,-35.56500110994295,-189.8014269408968
-57.91648329676908,-38.760414230543304,-58.78422696784801
-55.67979845079564,-38.25756571877244,-364.76137872407884
-57.62792566725222,-37.065606581826685,-146.5946174287891
-55.20745162544253,-39.07475569738291,-69.25208075254841
-58.17249346808714,-35.43546932220972,-256.623808837603
-59.38904156460564,-39.562038365908414,-94.42694664423584
-55.648523271903635,-36.731894459721964,-205.56649487623997
-58.31557035501906,-37.9295186968752,-180.08552372649353
-56.232423065663355,-35.15842739759909,-494.8634312489819
-59.4774821282166,-39.19983150895093,-160.5463225885256
-56.15041692258113,-35.70580948893196,-240.08611368144133
-57.15571802804088,-35.37363746225952,-307.61471056024135
-57.77008667036949,-39.06696674808861,-389.8280845379277
-57.67049594213574,-39.476693759709185,-61.259052787741865
-57.71181243084725,-37.91635153358175,-202.18165357742666
-57.06498772490935,-35.520497419112445,-80.89272270634723
-57.13219553210645,-37.97973469388301,-392.32803330892403
-56.670520067406265,-36.23652034189762,-246.48916538326998
-56.64684064240115,-35.67177051718643,-223.39493663300803
-55.551548079777334,-39.0986092363121,-61.30312669691084
-57.331112416036056,-36.014122290591715,-150.71055392141307
-56.30847574052635,-39.90487360491499,-492.093721337928
-55.59843921047256,-39.246141106527006,-389.892466258518
-56.20589835767072,-35.52956110898103,-185.30445829090036
-55.12036513642154,-35.75761542628423,-137.5307986121343
-56.388590971210974,-36.57645826931047,-354.79239783629856
-59.780657614281814,-38.64644431038126,-301.0523225949784
-55.29066884250709,-39.148572486378406,-304.46449345005766
-59.057905419574915,-36.32579190258602,-387.51085763516767
-58.82877724311285,-35.699434518671865,-125.77279820390957
-57.93285486909061,-35.57166279647877,-288.0311045020593
-57.24211386714258,-39.81542288552144,-76.29265770658618
-58.77355667063415,-38.0230204428617,-195.31432471476757
-57.325018007172055,-37.68476036006168,-440.18390427897606
-58.436750688287326,-37.678258702060845,-438.48210876682106
-56.45276105152751,-38.609189219828714,-162.9556075408395
-55.00047657477868,-38.62841486151343,-372.4619013920475
-55.9517780517218,-37.97227909412698,-230.92464091761346
-56.38018355926115,-38.75663609789981,-304.83277220090804
-57.59991493070329,-37.963803384329566,-324.2373166284251
-55.835752706266184,-36.12335130377732,-120.73060199698871
-57.68848779141575,-37.70993401125584,-175.65457580589677
-57.441242137726086,-37.69200945510635,-243.44897162681838
-58.29131330419706,-38.24879646762829,-59.13749815991139
-59.523597567358294,-36.00493589967282,-48.94569128058841
-56.64955380012255,-38.00577125358941,-438.60441056918694
-56.91330461440821,-36.11909161917412,-157.82006644491184
-56.090892533424025,-38.28993141645401,-55.803261299197786
-58.17008156707787,-38.78937858342353,-178.59624382304816
-59.33501586664377,-37.030184320852854,-206.9806455985279
-55.929558170399126,-38.90023739101052,-109.41333846974638
-57.963991798968266,-38.8817044857346,-363.0797886625038
-57.70073703503574,-39.07538111205546,-337.165280611853
-57.1725266441148,-36.25751600135993,-316.5523956537544
-58.060896829495945,-37.62374389944527,-336.35501420975606
-59.26419661937315,-37.54346162610429,-217.2326916015596
-55.5056100922889,-39.68552765143991,-385.4538353229737
-59.626840076709286,-39.697261087449164,-272.80971853263355
-56.10295577880202,-39.11299365803449,-417.31353740892905
-57.59630045273094,-37.303425552242324,-46.022981792842984
-55.49175456919033,-35.45685307765932,-426.32134374800063
-56.52018024262141,-35.191507153651585,-251.5490575403925
-58.050992960266335,-37.426163785161656,-48.68900686690884
-55.511594538308614,-36.74004570844455,-131.60334392605694
-55.98095691020013,-39.982726979726216,-231.82886175689436
-59.625745191057824,-39.92830996969469,-438.161509729728
-59.56730460043554,-37.49255370851206,-84.69304245171713
-59.858372977524326,-39.935387774976675,-175.29120791488722
-57.701780118553806,-36.825377760706715,-407.836452775198
-59.66969641665619,-37.29430271044244,-103.69994622065404
-55.0967963218422,-36.34079136550506,-467.76744435738567
-59.3975144159435,-35.31575077008906,-100.05326177842203
-58.010464321091696,-35.79857985477262,-91.73106630886899
-59.625933614080964,-35.92224449160656,-284.2259325029633
-57.54088132858519,-39.8243237774097,-407.72879488478003
-57.4862763051464,-36.57429822514146,-317.51669965659755
-55.91595482418215,-36.748243161047576,-428.85936772551446
-56.27009272643062,-38.6912170875951,-471.9995973126741
-58.76764162990753,-37.353410346836014,-391.7248013135239
-56.47745298328684,-39.53600319626466,-269.03566179968874
-57.46682531685418,-35.13657302096188,-152.51023798856494
-56.55433682695146,-36.99505490063907,-70.2085043034964
-55.85961378787355,-35.6143529686869,-76.66708639648826
-57.082273637900386,-39.16241847021459,-352.3431136945957
-55.13827434841718,-39.37557364326866,-398.01098005930123
-57.345272241544706,-35.77064260156182,-213.45094250549582
-59.33254974551678,-39.68123282665106,-117.9711518329232
-59.71169850790757,-35.743837986025774,-140.76954814035994
-55.69767250785341,-35.292401451684796,-255.58073512764008
-55.319689172766665,-35.4273109659017,-190.34052629268675
-59.422181419141374,-35.68053287924642,-55.227841682168055
-55.02008196987995,-39.43764788022741,-469.0398308422595
-56.93512395205551,-37.50209761372482,-150.3142646948648
-57.4373852419794,-36.944124882487685,-244.98646976506907
-56.47350670236435,-35.27169560330841,-398.0269629508937
-59.11869923541803,-39.70416951881755,-53.645458966541995
-56.71224706221051,-39.688491306550965,-496.3260669725622
-56.48327133504563,-38.9432219239415,-319.1015593501503
-57.139920839629525,-35.650621237966526,-391.3650360357991
-56.849059995222255,-37.30348741156155,-405.84950369101455
-57.58903934951944,-37.15042236358133,-397.0495884984306
-57.81920768855888,-37.47273248682797,-434.71097562376474
-55.956537844258335,-37.218048205898036,-430.2213167516842
-58.2591927251871,-38.9141215289327,-153.71633232308108
-59.16198876029157,-35.3048459769317,-307.82525046470306
-58.76558913942039,-37.55214379315146,-393.82011312707283
-59.389792947027594,-36.05324162830174,-309.87969547723145
-58.79563815609607,-36.78508620915568,-126.31328424946906
-55.30573447020084,-37.231061939451145,-331.2216544708092
-56.47215307062587,-36.46569013737576,-304.12480180397563
-55.75470527296832,-38.38466871866741,-346.6900800083671
-56.80700852027019,-37.38895038961931,-322.23427487774126
-57.450401361591126,-36.366001591447564,-201.6073156711528
-58.969262751916176,-37.89295544827438,-400.76490371008504
-57.45417697991968,-35.983790810963484,-262.20155896008714
-57.38537435851248,-36.80206860598446,-380.2891890400706
-58.409257149154016,-37.121361386438345,-235.64649087376694
-56.71380191758956,-37.515069940613465,-268.528666652294
-57.57285488220633,-37.749160792298674,-356.786521743807
-55.4230226960817,-38.5695212840224,-221.64720836803895
-57.92630992823493,-36.19259043324213,-240.48933114290736
-59.47704202956146,-38.85601431714531,-318.94680785163564
-59.63514916856211,-37.871299826458284,-464.0791389960965
-55.22734665879686,-37.601162307863476,-136.6911698928665
-57.98181600557064,-38.81509430727395,-41.90301097906286
-59.00404559569584,-38.77312787376841,-212.66831147644842
-56.35180124527558,-38.737429261363474,-94.75189413348023
-56.598433964422426,-38.68909831981513,-412.8230225979921
-55.998795788990925,-38.91851492504809,-433.59748215119754
-57.42766815787377,-38.3105752258059,-467.8796978520503
-55.37754325261117,-38.20341164286139,-382.9836584625884
-58.44185793268102,-39.4760406330265,-480.16310711574783
-55.07983924490715,-35.94397475992959,-397.78244567021284
-57.06546259976223,-38.83275521655963,-423.75493865841287
-57.973498321052475,-37.36049068514144,-140.84935141115756
-56.508995867102605,-35.25273951447129,-160.41450179781054
-58.878633778194214,-39.02316332576567,-226.06990431020367
-57.244326956475916,-38.684248983445826,-373.4515420985542
-58.60089804603761,-39.02998999921904,-197.37858201326023
-58.24957166716416,-37.78875200442685,-163.59775041470203
-57.25488747554443,-38.98796144174271,-112.87124004976887
-56.213540483868876,-38.588164922450915,-492.9324859402078
-56.105733178238744,-35.24356991620675,-373.6864662723367
-58.27422974251357,-39.355886808057065,-131.79932954224859
-56.171165435862235,-39.40622726559302,-154.63826979006222
-59.432071384229396,-35.55114987375289,-131.05603950586794
-59.37197540238205,-36.51940282160405,-98.25722575796969
-55.35733824283036,-38.490672195966056,-396.81102741955976
-59.88015427483861,-38.259037285186416,-461.68993489181463
-59.48801975188574,-35.24985266396034,-491.152001870863
-58.74589069885138,-38.57496043284379,-433.6710747656067
-58.54372810445764,-35.90333610642432,-331.20873991724307
-56.16709986338148,-37.104255968032426,-202.33290490333815
-56.97978746046151,-36.77883065730357,-483.0637060524036
-56.50815835571471,-36.374820952218705,-335.1841727594701
-56.928702688854806,-39.800779713956,-298.7263421881604
-58.019918493462285,-35.117854879781675,-56.61575764767947
-57.427387543677526,-39.82156528170369,-387.8625594462873
-58.25640293654239,-39.766038402278326,-435.04230634769624
-59.922276662033255,-39.885583597218506,-55.50151258272545
-58.03714697400483,-39.43022121099725,-302.4757385105386
-59.55811970357324,-36.711364914348394,-100.55300928980962
-56.20725713568406,-39.399339404123744,-463.05000011230084
-55.829103618065545,-35.66822168336273,-251.10542645145495
-58.86502332910309,-39.3500061904049,-135.49802956896673
-56.76453013013112,-35.701121441418984,-337.50169325467346
-58.11865688060434,-38.118405859920394,-313.3182671327144
-58.23446237263117,-38.21649017056954,-337.94528678365435
-57.193735687267775,-35.8732432822188,-260.9575590768534
-56.570856370091334,-39.027259829893914,-280.01048662981253
-59.8870171111407,-39.73473782270119,-135.24287330580367
-59.35112248316859,-38.32879460577232,-87.87301333961231
-55.4322090983171,-36.58903382188901,-204.3980748421265
-59.56015322005605,-37.09803946381187,-298.93353449095446
-58.67227733946741,-37.224320450699,-62.14044539925958
-56.87641562348067,-38.158970792975616,-399.045331469287
-57.69607882343267,-37.767946517309426,-367.65868423800185
-57.54906589783618,-37.93708782049372,-206.55184266673345
-58.433687112303225,-38.792895805699494,-253.42506220886028
-59.83986876024854,-38.97369811549623,-442.7525135607658
-58.47289945026237,-39.43607074297644,-78.8445875911737
-58.43476163804282,-37.35260046021267,-474.9274811554248
-55.259759376651324,-36.98253283055305,-211.17996841458356
-58.60201354504152,-36.31006004534934,-239.11836260628178
-59.39336165067092,-35.69050641291625,-276.8845129148912
-58.55090179884623,-37.71017776274531,-426.4268620143018
-57.26233499218655,-38.12706070924469,-332.18043479881
-55.00216219689286,-39.449685852364894,-215.0367777932572
-55.344407658778,-38.961803905382844,-375.0356741078904
-58.28693769681601,-35.18047810432914,-180.15156741925426
-55.64892455970286,-38.20666152072589,-505.1316980185437
-58.9365556398976,-36.16153889913946,-159.14306328419573
-59.370561362326754,-38.36440132249249,-381.0338660876608
-55.21535921150608,-36.39155974691698,-182.70521351629134
-55.62561793706286,-36.09195109306709,-363.89347754971607
-56.808241353526945,-36.47471744056988,-458.85951228498595
-55.88249222609883,-39.19569178674004,-275.24075474476695
-59.25085299551138,-36.855814218502296,-135.40919443354025
-57.54272321767804,-37.103137643809006,-137.81444759630574
-58.099869624693284,-37.26765073960203,-376.12502737489183
-55.1258074542495,-37.41695957405719,-402.58688829854896
-55.91999413942747,-37.30964565044781,-488.6971058729087
-57.5556384689947,-38.449982309558465,-399.7715431640222
-58.02299123799617,-37.76225763085317,-130.66694403231688
-57.300414503152744,-37.8834350738486,-138.80885971765653
-56.6081742933331,-35.635582479856524,-171.0680123815053
-55.030063129543706,-38.368554932196616,-319.39713343185866
-58.3077378186585,-39.33754105581135,-65.77709337542586
-58.57011933056132,-35.85200245420833,-222.52769606920472
-59.91189195487232,-36.28339406284348,-202.33824928119725
-55.30626957712113,-39.6796989397344,-67.60037489365116
-58.39649955884344,-38.27699879106459,-74.72861027178656
-57.20089193136849,-35.649480060952165,-354.94156217328907
-56.408762916884626,-35.19642662794376,-385.92658537664323
-57.18585055154446,-35.22642957576616,-317.89883457492425
-56.30267425742847,-39.7814145903215,-216.3981903153115
-58.34553725454145,-39.42655391398967,-328.06519859982575
-57.612482121234095,-38.05670925924754,-285.0490690681495
-58.46003829275353,-35.548909335431404,-308.10291207639926
-59.338967428698325,-35.51539816003997,-483.83934099337955
-57.14249931174362,-36.98342405443376,-460.26877571089994
-57.47348319593189,-35.4972606617406,-450.865919509021
-56.02768125969452,-38.81347328227213,-256.7900718783298
-59.59987891143748,-37.363839195224664,-241.21186821630957
-58.314482042642,-38.04497222333761,-87.24493978309297
-56.71691627754959,-36.67448243442344,-249.97143659877216
-56.07779385469329,-36.172496578630934,-483.638896176993
-56.07464588957193,-36.71367833696521,-213.38499002699618
-55.5392264060184,-36.40322144767715,-302.1034129359385
-57.037515434821245,-39.48026774721196,-260.07059531922323
-55.584378934784176,-37.29423096478727,-89.13865014998663
-59.91729171974266,-39.83953177022667,-492.2809253590363
-59.81026292740588,-36.24901776985642,-209.45154964906993
-55.807528620046575,-38.388019620930265,-74.72985914711799
-56.35322115996057,-39.35517839525289,-233.5864264300935
-56.606913966755464,-39.796996231769064,-311.01696164060996
-57.49627805415463,-37.737759643216,-338.52110229009213
-59.62166524425626,-37.531917858480504,-184.31127644901056
-56.49817817492236,-36.6354446287612,-382.8059919648537
-58.32451770255716,-38.94634728940101,-340.20623401528456
-56.271143740504954,-35.9806909541892,-256.6466546604202
-56.74155935076093,-39.459545262646124,-174.9463401308235
-55.57880623658031,-38.79718348083576,-282.77350518834356
-58.02734051459543,-36.20462144494727,-167.93809924294064
-57.87588149889913,-37.690223591624054,-254.29473062592137
-59.619243830589014,-37.49716682419059,-117.7282829302019
-57.614281605194805,-35.042508015190236,-190.3450836309291
-59.502346102124854,-37.88766965004231,-250.47637993930056
-57.1560872862565,-36.4005897710359,-414.6269547770449
-56.481856010912985,-39.92155167708252,-472.8352831708571
-59.215132691485714,-37.74382224210464,-176.3792149068686
-56.06898943947221,-38.3826919905567,-267.47292244814565
-55.0996030259326,-38.071948195288655,-250.5430249015761
-55.991037733418516,-39.04433809200627,-121.61519324126655
-57.32826342210674,-35.170491953029114,-331.60511322810106
-55.84253269365621,-38.84466632160078,-318.6826071698734
-59.97813534021682,-38.21472348878685,-170.1189307241195
-59.93457529318317,-35.89841990955385,-94.14096479444838
-59.26626637958354,-35.39968518032354,-213.2762490693682
-58.463505309797085,-39.2954214102638,-182.70800748877858
-55.53850589192503,-38.82026064297529,-167.15361669704276
-58.315543408046814,-35.17947539043324,-88.73887886759177
-57.18641691330655,-36.463567272669955,-68.13890246104371
-56.93982569028623,-36.79695022937378,-235.7692862464273
-55.22456844213741,-35.86654912520519,-196.39761114514675
-56.84679023292233,-39.743737406180486,-56.93494625572331
-58.364286073458146,-39.62657091873933,-59.986896265515995
-59.43274731809929,-37.40107036378186,-304.17073765564646
-59.32801064038816,-39.6486778047849,-436.2707166516876
-55.295644092976154,-39.63151762201149,-356.13983060748643
-56.67175116050284,-37.984771508492976,-137.09489116665128
-57.4556275278028,-37.7399964131848,-329.1876541342008
-56.9988883101461,-35.63440240631127,-277.08193572675697
-55.842109158950215,-35.73315356306996,-362.9265957933002
-58.392093285489985,-37.72417133483259,-405.0406185151732
-58.611421268687515,-36.951916730028444,-330.58606828908285
-58.35657459116216,-37.35662181930376,-136.85295228059866
-58.061359747095224,-38.400502506173474,-309.72380462652575
-59.48980475564678,-39.37301455728996,-287.8756516075877
-57.047805061373815,-36.76086942757031,-147.21305256790257
-56.51360414804494,-38.3129850830309,-58.46654162854749
-57.82516935227016,-35.51882009925888,-287.36413739379793
-56.3966480051351,-39.525792902846135,-498.7316025995133
-57.47505748081568,-37.05889262428871,-135.593112756808
-56.72904651431611,-37.36107436558047,-330.6690432354015
-59.58990341605645,-36.14890897419945,-262.153112104176
-58.350955605184836,-35.209820764506425,-235.8525955323523
-59.128045441173015,-38.577638387940006,-245.7363964254759
-55.141937573961116,-38.40055451253136,-494.0947244008722
-55.728968338174404,-37.319047352398826,-304.8245828113286
-56.7464728261785,-35.921570848030754,-176.04635275482948
-59.62449069019021,-35.24503394353131,-154.47772229240095
-59.67034733433391,-39.53636992239211,-57.18301160163072
-57.55475920233269,-37.148278585514305,-452.2254749427358
-59.758812307373255,-38.15562986239571,-66.22688343698475
-56.212624952936665,-39.8460860374778,-132.71306257522755
-56.31893624134238,-36.26377380888277,-186.94213470949842
-55.97014195524776,-37.24161973423358,-446.4714960850303
-57.43080553876012,-39.112017016036404,-401.1179445480046
-57.88652179400202,-38.02710976041256,-476.4551450557822
-57.48937842720089,-35.02021834378867,-254.45035025802534
-56.38397707105893,-38.747559964154895,-284.2341132702053
-58.65688074835742,-35.58429550744621,-105.56615270081235
-57.33569104200574,-38.160954712597174,-179.92891051770775
-59.1430309903617,-39.953146466733905,-206.37259863794978
-56.52644643148948,-36.571326886375175,-435.72305303788664
-58.70332512624314,-35.58980521374029,-427.0554480022237
-58.536647733245154,-35.01213066153127,-115.3837657674954
-59.104896489678445,-36.4724599162562,-76.59353121840547
-59.94282275852967,-36.82497257226228,-167.2915627362894
-59.725088382878546,-36.74697562940567,-385.4898320507437
-58.002454373764124,-38.943041765686374,-460.17194637759036
-58.1407580892408,-39.98202248910108,-457.7366975130856
-55.54229671524388,-38.12005013958059,-300.4725279069709
-58.116025058435646,-39.51491412544828,-42.37831485921274
-57.23347876484395,-38.132084306334335,-193.07244740716914
-57.07571795517857,-39.49518306493442,-168.88194204348596
-58.50566373760125,-35.80225743290343,-187.10794498598548
-59.94898565172621,-35.80940908650478,-205.7217025133493
-55.173293234399715,-38.04222983040301,-92.62608299999057
-58.29304137474368,-39.211423881059,-169.07539357554538
-59.83758269941455,-37.06261839309421,-112.29810720992188
-56.62583067618493,-35.28538687450161,-268.08834781620277
-55.996400991389244,-36.37454745491166,-492.19332589435794
-57.75046639120061,-39.05992205685328,-229.366900639057
-57.29958616085671,-37.38246830838842,-386.8615682369719
-57.05290086152072,-36.14833352873681,-213.330610816018
-56.27345464535055,-39.4721500388242,-95.4230243207648
-59.8153960727878,-39.21965201987535,-342.7831286650456
-56.901666506077255,-36.6521059925448,-98.949949269956
-59.17013390777163,-39.37458496506817,-265.2897906756198
-56.959012239091976,-39.96714759017495,-391.50243009844866
-58.392500080759916,-37.63119140168794,-270.606847071654
-59.22131212021809,-38.78241801448606,-325.0620523087204
-57.28334687727422,-38.71338100336631,-218.18516736363006
-55.79561773736696,-35.63337067262226,-436.2020780731637
-59.5639871692115,-38.8837679116796,-81.4629330008597
-59.285737460427264,-39.293378956872104,-335.7163276019822
-55.14595577551444,-39.690287090537524,-295.4129656821575
-59.56758526071203,-38.785239489896604,-104.73212045502618
-59.43264169869752,-39.93660852668284,-94.71395293684654
-55.06855039234972,-36.912697635054535,-409.05706270468363
-57.56442045590606,-38.9307660765623,-469.22699514679243
-56.90283052391537,-38.77994889559046,-401.0784298613765
-59.557488136676376,-37.82940055054011,-222.47600738378088
-56.68947662193546,-36.57562639529324,-79.73848363469894
-59.12444222367513,-39.46236447147717,-183.78817842570504
-59.152483691651874,-38.7602094746259,-216.87808535719253
-55.227755005958436,-35.82874939160789,-127.8763414095381
-59.020456515408455,-38.04363376328621,-452.912969632764
-57.27065409244829,-39.82244638503744,-389.8719472296143
-56.68656523006185,-36.72588486084165,-88.92180370081904
-59.52803659856916,-35.35794204772756,-317.93859102886535
-57.52211232805691,-37.562572446014784,-151.2178072135795
-55.9495259349568,-35.92343583039572,-252.1974143486966
-55.876632583608554,-37.69582647460822,-383.4518017243984
-56.37071654125173,-37.099134941729105,-416.2945449496977
-58.494600629853835,-36.188715828847826,-309.94816053621616
-58.60175048525046,-36.12889193412655,-246.20874761627192
-59.4519240003651,-36.63009077768315,-128.27520866992387
-56.019319503429855,-38.29648269558962,-217.59202707116518
-56.62116463548183,-35.38098263475169,-174.66355236185902
-59.36835209503571,-36.44270683047947,-150.21771624642574
-59.6693970044233,-35.64275460374961,-229.39264215782023
-56.94116311269212,-39.22661832257774,-482.9363986500204
-57.67244792913531,-37.85100452195341,-201.11839936540443
-55.81550105149411,-35.88963554165183,-197.8783917356953
-57.23274140966675,-39.070494624550854,-64.44228131871202
-56.22832691811914,-37.67239893417813,-385.26784838287625
-55.58834966507919,-35.75936217511361,-390.55246025591066
-59.97017245352366,-37.91855933204912,-274.118967168927
-55.10606971360568,-36.06034855733599,-437.93368605964065
-58.26366474636939,-36.337656745435254,-465.1579858224915
-59.361202443920675,-39.4405166691134,-142.62875225034816
-56.61951596809365,-38.91924636216731,-269.30589758167946
-58.67140991522009,-35.95699336044705,-302.6809510940555
-56.85904911941742,-38.87302490685747,-284.3139769867001
-56.83784732786386,-36.51592282653026,-118.99405911346115
-57.56026573639825,-36.68414671681795,-324.0055774248469
-56.999874683325686,-38.13718920329474,-208.64398397791948
-58.1606500115227,-39.96734762807137,-264.0906592024535
-56.184840097878364,-36.414926760376275,-77.48694483410866
-58.14363650101641,-37.330654453756466,-405.52116521033037
-56.37677530110952,-38.24967124550129,-331.22405579525423
-57.748847850179324,-37.317948341686055,-91.24176856640241
-57.01209964400948,-38.05028769297622,-312.6889417791689
-56.66909892475648,-38.776111986181256,-421.5683475901306
-59.594201709457764,-36.12378924155608,-212.10370255074798
-55.01333367112129,-36.73865190036969,-386.08547061507517
-58.78084542084003,-37.74403185530506,-263.67557699611865
-56.33874889392527,-38.672523959542346,-210.65576205187108
-57.24695365645516,-35.2245458175003,-189.12027063892995
-56.01168478556202,-39.8227112626369,-162.004991133612
-57.27154626190631,-39.46209264531224,-310.164231684253
-56.35851579744981,-38.78721008172696,-69.64925170443422
-56.15890588953571,-36.14133726797396,-169.85872598117473
-57.714692070060984,-36.30414210632011,-54.74730090675434
-57.842398614482946,-37.05189326957584,-192.62413979119177
-58.550084858897776,-39.960219419417946,-443.46216274172923
-57.91059736770931,-39.16345664824702,-387.2566870146449
-56.01677787036176,-39.66548237543438,-98.3079187807605
-58.13767823163372,-38.611635325571086,-354.33795847247575
-59.409759487630026,-37.84044984015693,-235.76258340480544
-57.15390248598151,-38.48148695396864,-141.7838247403882
-55.157927423985946,-37.81686291227594,-488.1876627957762
-58.947780979650666,-39.9327041300635,-372.01451422364624
-59.18739442534181,-38.83520677302254,-278.68689448188803
-57.49254347579848,-37.236267793333575,-42.15187464011543
-59.39778848458169,-36.56998620981002,-304.109189571443
-56.832825501535375,-39.30816065667007,-485.57446170879945
-58.2749349041886,-35.17472360352162,-220.51246146876952
-58.98049184640693,-37.68633849317573,-355.41112411753704
-56.347912235073785,-36.26888976343288,-459.9883044098029
-57.548905535648565,-38.15456609099047,-353.2034200367614
-55.18474600844464,-36.945485089678606,-114.96665463797316
-55.637585505397126,-36.713311198128416,-467.4238428089316
-55.90077962117064,-39.01762047197717,-394.4038737985212
-56.56130011302349,-38.543129072769624,-438.5066634912921
-56.05484875161589,-37.18805760038415,-219.0088557768521
-57.54162212892595,-38.39951492464052,-268.5192344365994
-55.12475480128932,-37.74293808368365,-376.397640209253
-57.18242436265194,-35.04890227302203,-473.3056749649848
-57.86839337367797,-35.47428301826256,-80.15444126327974
-55.84829439512698,-39.08258263984954,-327.34495931853104
-59.693699283142,-39.552324725359156,-126.3889965987338
-58.73307058536846,-39.2934721268403,-269.1551392649192
-57.11292565037401,-36.634681657045206,-347.7188968002144
-56.31712512833235,-36.95640945816098,-182.5438016215569
-56.398912918355954,-39.61168328418182,-194.97257932140542
-59.073398870429706,-36.2579109675869,-433.08482230177657
-55.95923952939385,-39.98727445576696,-470.27031866593893
-57.307861674578824,-37.05971050855963,-427.9686545183086
-56.08146051818064,-36.27658408816318,-103.41048621126028
-58.68580802288973,-35.34128482755719,-50.19505278297077
-55.45342756130979,-35.763610234341364,-273.502537361256
-57.40119711541557,-39.021749694383026,-100.6902990599353
-56.286015727535485,-37.94902664171264,-467.6517565312049
-59.268000829253154,-36.16023732232429,-345.53732172105435
-58.65490131377583,-39.821858706641436,-388.4174239017086
-55.450124735515104,-38.90494686420243,-382.5072560543148
-59.26415807658708,-36.64187247020044,-290.1912512369566
-57.26460070630707,-38.22551570019195,-145.16565685109788
-59.771957301525305,-37.85982895915836,-210.27109436502718
-55.79219829899931,-36.521746797925154,-264.07823596548764
-58.5130215200758,-37.24002534392606,-469.53517809766436
-57.94526286586966,-39.76208283457382,-347.00692004769695
-56.15393773456212,-39.88104809581238,-404.1717598564986
-56.257094377079746,-37.96535712824297,-140.3759548468267
-58.53541325034571,-37.109328466749595,-123.55722779377044
-55.91980150054444,-36.33202665423832,-265.6610734536107
-57.212682885004014,-36.11361436033061,-281.38765825569857
-56.580093307354474,-38.359356355636876,-412.08360040589145
-59.543955298061036,-36.96356744625269,-355.64733184617285
-57.47208970112633,-35.99245253708279,-339.2828352956162
-57.08451327761431,-35.653055664950074,-477.09390319138305
-55.68715011612103,-37.169231987253156,-502.74629988693044
-55.12900828887252,-35.70161998869702,-378.1122616874415
-59.958563225858235,-38.19292814682114,-256.7760768639495
-57.91089163433102,-36.352403106999176,-184.67955957134913
-57.06436375164208,-35.67528703137491,-312.4325945226415
-58.78046981337389,-36.4215197763132,-73.0961531310562
-55.73105737286696,-38.799541521600105,-453.25209272333296
-56.53719039684027,-39.15363395519751,-176.9089545093587
-57.02386502785139,-39.69272899203701,-300.1922606477312
-56.483159203145334,-38.40002982620758,-187.0177412115378
-56.802757878795695,-38.463565284036775,-259.1735575443135
-55.11144262566464,-39.238556189022084,-374.0859259002401
-55.87785013834826,-36.363193169276,-203.38897768721696
-58.871184348141135,-37.22836436132656,-250.41147543920542
-58.00733271543079,-36.500229938498286,-377.1187818298108
-55.597710850353835,-36.99443895391228,-142.2463307311557
-56.896456508816364,-35.374085655257005,-208.363941290635
-58.83720144748612,-39.40815614742037,-323.6875795266005
-58.75743141152159,-37.05734966153293,-129.90717013175168
-56.18768808284048,-38.76004161996248,-159.2788883114881
-59.83978884294547,-37.421324073047465,-118.45500015938133
-55.47557986631348,-37.01246072277961,-138.05206732529757
-55.86504534038062,-37.32904731929247,-166.049536887829
-58.85611779300609,-38.0443560463309,-43.9404968296442
-56.46128887671448,-37.12235565092202,-481.17917285753924
-59.704027365809004,-38.94944297069736,-436.41877992917387
-58.6167938698848,-39.145079197950594,-255.32196079093382
-56.34371642270845,-36.270165785129045,-431.49276560753725
-57.748655859397566,-39.89259484661375,-120.48515102548416
-56.2355755335663,-38.983696078875894,-366.7401572999728
-55.65624089934114,-38.93707982326898,-348.9411169084069
-55.07928874692005,-39.173543779811155,-218.5093691978474
-55.45974441418883,-38.25369251963729,-72.4584070671091
-59.25116870176955,-36.95135654522225,-217.60981496156305
-58.69668441230734,-36.72909178854318,-103.14376031232804
-58.245975846502446,-37.41807943789899,-362.1339891275644
-57.04830202134013,-39.285599533261546,-396.8110833573498
-55.660534534149484,-37.343833322731655,-495.65336816933876
-56.01418497335543,-35.80484139547649,-284.75883194791595
-59.254052599377104,-35.753939822915186,-425.01077929765034
-58.30606051992305,-36.66793974345036,-133.76782425323563
-59.410036230305245,-39.709729578163305,-481.1865929273747
-58.29465489717961,-35.71632350704897,-462.7664411128188
-58.788470479559415,-38.88846264974797,-452.33665400794933
-55.02909950222719,-36.46051920534885,-456.1492215019829
-55.960716677669396,-37.940516246291836,-60.570995067871394
-56.188463220713274,-37.34895626639552,-345.7298360235691
-57.93660306520111,-36.12819471010058,-433.4172620856562
-55.69929262924329,-36.10813630710844,-142.64222714196512
-56.51599757528706,-38.73629927629767,-109.37486663078784
-57.401455304331535,-35.24809267917825,-152.79836370828048
-57.59535058393466,-37.78501492272768,-335.4839372042792
-58.47108848090257,-38.10779219574762,-257.41665491980973
-55.80196617237041,-36.74833538777538,-337.48262256563896
-59.398656174917264,-39.719534916550714,-492.8126066614817
-56.79406390763248,-37.04982825968952,-274.570032813383
-59.68813974539341,-36.71700807409211,-496.6513516230519
-58.67187560552292,-38.910869879544826,-479.73584412467653
-57.06496179586853,-39.884548874843,-361.9126356390115
-59.62853023449427,-39.90021579020871,-345.7973147543563
-59.78764252665375,-36.307978991079324,-80.31517755030553
-59.300083960913355,-39.837376318253206,-72.57795410006864
-59.76655840383582,-36.47231511817934,-119.10138761722453
-57.55229913440815,-39.84447609590863,-162.6770069149434
-55.397153399718725,-38.31592299532658,-117.79729330396911
-55.530182736708866,-39.97392073873273,-293.73307419570085
-57.939299700607236,-35.44540697211751,-337.94994611270454
-58.18994180605185,-37.35445828804316,-440.13774776161836
-57.34682992667877,-38.029647478895725,-53.32718002236988
-55.537354776282065,-35.423831806730234,-95.01781150154092
-59.41881645133916,-35.06323699741368,-350.99744165104187
-55.59767154935611,-37.38085112087685,-319.55376161184086
-56.60470957177426,-38.834567965222504,-81.89394043297449
-55.95425140401128,-37.163862377395674,-414.45804940534623
-57.26936101657411,-35.83726752845564,-275.9240935420785
-59.81052664295413,-38.73737160930972,-493.2933260221985
-59.57991125227905,-35.95732654501337,-218.72486227623477
-57.66133869437962,-35.947900546916905,-142.3022032091306
-56.50803130969875,-38.421496012126,-304.31038277185434
-59.533312357513225,-37.6049999470158,-491.71233569354115
-59.746217840315346,-39.301074176191655,-435.0049203976987
-59.92805449044844,-35.14480952756996,-181.31451258671345
-58.15186840380452,-39.61088524436089,-248.5998917617483
-59.09002181199988,-35.353467055477324,-439.10339763981256
-56.64269200472283,-35.0334981013082,-280.3033264485912
-59.88435800994938,-39.40679809218293,-83.90435346317189
-59.82868364161306,-36.69965661242604,-498.8938282604386
-59.009444008731464,-35.10803756063174,-293.6430870072618
-55.03084070427682,-36.80140117126318,-401.45424344642413
-57.12796641198032,-37.946625212686286,-433.9738785851229
-56.7924379686731,-37.863906462972835,-353.61038517925704
-56.37131726184824,-36.30227452878231,-162.55999092823626
-59.94303736558018,-35.93005053604401,-294.51171751650514
-59.27974561250224,-35.81973525513618,-217.99473308976806
-58.12672815705054,-36.84801728710738,-194.77795203112623
-59.54127491017856,-38.72561489224122,-285.16084209980266
-59.15761378773311,-36.02202636712383,-249.79830370974344
-55.16409076637336,-36.97939908487944,-193.1102192168926
-55.03327699624965,-37.587471183483096,-305.77446367008724
-55.74138353376152,-38.054395402481035,-204.332327903944
-58.194635141772345,-39.837882985764836,-336.3282446007964
-55.980206724788914,-37.489360231748236,-459.76477027457184
-56.88258539129997,-37.37374964334412,-356.92883292242743
-55.67788274020482,-39.98667497148433,-214.71451300920376
-56.95116703202851,-38.868706230987364,-426.09561129728127
-57.29294061745406,-36.07162312148591,-416.70662601990307
-56.99353298330702,-35.220209678710326,-406.90026993049173
-58.76449190814282,-39.55763456745983,-473.9852558406655
-55.85965936395421,-36.71612898762828,-285.657252582194
-58.83953340471719,-36.891483507834906,-43.607658060554385
-56.13724779868606,-39.540187440175806,-358.56820150389785
-58.07342247722067,-37.27770498612802,-270.238731968153
-58.09091416448677,-39.77237252113529,-436.1725087060107
-57.11733169692046,-39.281923567453504,-175.0979390906861
-58.69529657644459,-37.8881896626704,-251.2363890463045
-55.41631812964406,-38.30221313978872,-318.95821840155077
-56.90704944235896,-39.68587874813989,-394.3325303582297
-58.52214685555801,-35.08614965308795,-60.3513037157867
-55.94357779071942,-35.76671490898676,-276.95239931952733
-55.671855138816575,-38.76305773279137,-218.13635754664259
-59.612010529790595,-35.31388163672887,-426.3708099378849
-57.49072213709907,-35.30961858433711,-67.59322242227833
-59.45748533393711,-35.32206514807318,-99.47073058220523
-56.475700269706344,-39.327531225109006,-286.7039592568874
-55.04551797880795,-36.40954685646958,-212.8092732740155
-58.65915996171154,-38.30165022657194,-224.69455582568904
-57.62926307143692,-39.109703025834015,-316.1804390155245
-59.63312758959786,-37.27220250433602,-460.75346154655375
-57.3447003065274,-38.93028960340396,-298.7393286574456
-55.719478802655914,-36.28229482288866,-372.7815747040572
-57.93970368126282,-36.27730369782363,-172.09769501925484
-56.607259879285,-39.26523137534527,-462.3780121789527
-57.929713378230446,-39.116083080676944,-58.90493071955629
-56.04118507679773,-35.53310398737855,-429.52373282513787
-57.19277332877862,-36.05901395750527,-274.5665128944118
-56.59088362513927,-38.46938069358314,-281.6294017506127
-58.08788377575695,-36.94422051396805,-329.0733688423098
-56.63578772441428,-35.151530027724526,-196.94614325653646
-55.33085736506655,-35.96375830297242,-87.32089460336778
-59.5331915434473,-36.03058474127632,-281.20327991302986
-56.58753722351685,-35.95906386923605,-448.2147874561422
-55.66914700967842,-35.17578308977842,-325.5562204195893
-56.8505913984042,-35.48359690589548,-81.89602227960707
-58.61585117124317,-39.39131852258865,-489.800720705406
-56.81237113153681,-38.34723816334397,-354.6851740353795
-59.23949090009084,-39.21806370185092,-242.599638928203
-56.00623716455758,-35.20683847072339,-290.8062414819318
-59.71984397838589,-37.314395518692855,-481.0858728416986
-59.9551280846941,-35.59814336324888,-132.80164477920462
-56.07163922844897,-35.488112106586144,-164.67042986600796
-58.192963629704,-39.40227370049078,-294.4832463449536
-55.186914918609574,-39.454440673290684,-108.84065130976055
-58.92203145055308,-39.58175871989118,-143.4899201382859
-57.106363575431935,-35.62335912939892,-86.45021317747823
-58.70057430781997,-38.63274545277054,-155.65983402346964
-57.14227299857444,-35.7332468552685,-248.27992883621695
-55.75587973913874,-37.08461061093385,-313.1271000740232
-55.6202535909995,-39.295277014558195,-200.1355351559964
-56.15192159722336,-35.63705440399629,-353.70526628932384
-58.66623847720916,-36.54515918686565,-390.78106933675525
-57.11000241156539,-39.58930208520125,-434.15287729520026
-55.33362903191294,-36.19309810148724,-320.7764782702271
-55.65925371382872,-36.80590371443094,-180.2315758483732
-57.43351532457429,-35.40109425356085,-104.53641511875534
-55.98661616880084,-38.9979470327403,-73.26012810847962
-56.74708408454487,-39.56838209568594,-480.6902361951282
-58.13648040321919,-36.44205453289222,-193.8946683170173
-56.02659187844068,-38.138241306793276,-68.8324594581789
-55.286210914283075,-37.57761351387351,-497.845363738971
-56.62942866449385,-37.110469231134665,-66.0394175511414
-59.6388781892819,-38.302225700512764,-188.66530823582636
-58.601907827251736,-38.15119279503766,-480.77086683388546
-56.15709828196717,-36.090211316479454,-100.6521394423303
-56.2896688561969,-35.49599435812648,-184.70244542679208
-56.01904827366691,-38.49069333585178,-315.4204290560081
-56.17547145852837,-35.539828973231934,-95.06936137318179
-57.38897119828068,-36.47106404186988,-125.01283077094104
-56.19493790605142,-39.35469241876546,-82.8874126075063
-59.40432216423051,-36.46085915671293,-153.63901271481197
-58.557575045123855,-38.841489434549295,-70.25619047179904
-56.738870868462826,-36.910407657000725,-141.89878657276367
-58.61876254182021,-36.53267551267557,-299.8254532727766
-57.89991971897449,-36.2732921051127,-186.93963287463382
-58.623517249735,-36.77205451969175,-48.899248401385265
-59.61556137331257,-36.2624573195238,-245.89987691142753
-58.08184254850764,-37.85276140775992,-482.76054365538045
-58.58869683001036,-36.947208800108164,-98.28787485544868
-55.53316756003716,-35.87157245405216,-288.9995061875561
-56.907413746487634,-37.625495999310125,-169.61493329349574
-56.94993543759811,-39.98255891402453,-150.95839660554424
-57.097214104476905,-36.59061161633546,-367.67706649076104
-58.090192571754514,-35.18221344055439,-242.9979678037167
-59.976010530466056,-35.80953174115364,-408.2227048423739
-58.72326551233735,-36.34935164298456,-279.68920857397825
-59.85390956968341,-36.13319933628595,-202.42821289798405
-58.64942282287516,-38.26094626340352,-272.15318042570345
-56.68004208336136,-39.617678146542104,-361.3014919632864
-57.68784431983383,-39.099193498665755,-358.05910292542234
-55.86806131644894,-36.619367569414685,-402.12847926795683
-57.03593005467005,-39.56283531028104,-102.48787861044237
-56.86937614798668,-36.97389670839349,-351.7110723266112
-56.9315965873843,-37.41484854960066,-293.07115408139185
-59.167051500409684,-35.116059707656234,-228.43398332433043
-58.517469564194094,-39.46539476467292,-301.3283265719567
-58.39348926356567,-37.612028891401884,-294.95965019097
-57.01002403680706,-38.83545693395403,-215.14609101514378
-55.690946297022556,-35.8933283464867,-286.3761917419156
-58.148885568698184,-38.35851973111534,-310.24116646573646
-58.19273046545713,-38.60156295958883,-102.59554050624683
-56.42707258175989,-35.54662389251051,-336.066002328389
-58.64017698597868,-38.69701449387324,-248.92432461192845
-57.39454859132236,-35.580584490353445,-148.1714318411868
-58.74438785159298,-39.711682630952815,-223.67854816017032
-55.883785424005,-35.130626106727085,-483.7917239495803
-59.70682945213578,-36.2471410023256,-263.97441913444266
-55.62691669838084,-39.586161213190174,-297.87257509887263
-57.67125892158887,-36.05831706166626,-264.8347865206344
-55.271265871717574,-37.458847906155704,-498.48269053223476
-59.51231734134604,-37.637646468132765,-397.4804247283336
-59.38984809884364,-35.953312327499134,-383.4484895948425
-55.033970776940755,-36.44143513833455,-459.5518728380692
-59.102113396606896,-37.47455303334766,-412.0491199551495
-55.087804692449524,-37.32738898489951,-245.26515208210125
-58.19013589952006,-37.17337981888759,-448.4240102094868
-56.277435380903846,-37.66500676100489,-237.9251332387273
-58.269102781840715,-35.18555258704766,-90.74439604822683
-56.22550722829782,-36.834333961014956,-391.4666164229386
-57.669188810103016,-36.41099088595692,-353.916744597508
-57.25902313471308,-38.345437180506984,-100.04219566244822
-55.3451651235715,-39.86276405012932,-207.96549889718597
-58.880664912677744,-35.93947048012249,-333.6786606903619
-56.838842365359014,-37.891216536827784,-434.60107686516557
-55.352782974336726,-37.028558623286116,-468.0324406950778
-59.89667883147358,-39.55483813857523,-437.17456545974846
-57.530509876025064,-39.051589132112845,-117.73687865730525
-58.89351225845839,-36.515168041009545,-266.49487858071484
-58.58812256443438,-37.96314315559497,-161.5393589871914
-57.129727148538,-35.383149319625794,-455.2031146635475
-58.26718240303367,-38.908267357035044,-87.72629078132351
-58.277263180202844,-38.697135281134706,-162.4238179327198
-57.94454118484107,-36.362240326573925,-146.8533379211513
-55.79238772694995,-38.00142731554529,-111.94974067082835
-55.78085166726818,-38.48837428920214,-157.55284308146713
-59.5539838198267,-38.323443485275426,-316.3357705861156
-56.5416794007552,-36.035854774157244,-71.09204506747663
-56.87911700982186,-37.012852311582435,-223.8210357553476
-59.77595143888232,-36.82832011593016,-303.625023179896
-57.727220116824,-38.631864968027244,-336.2712131679478
-58.686379276010626,-35.51036990809574,-203.73019037577552
-59.54252707351597,-38.260609000477,-349.8771860985864
-56.983370431976894,-35.60416873384775,-219.2106615230449
-56.95088702829164,-36.828133442529,-278.2994412121433
-56.29682432918912,-36.774376229842126,-261.65071294745206
-56.18897447856148,-35.73158396851365,-62.35117334347439
-55.8503206175801,-38.642341379765504,-501.5779800651254
-58.45566606668716,-39.12773131270202,-86.69123218553254
-55.86024364310194,-35.333554455430985,-179.70743951360356
-55.8024838133535,-38.057508201899,-244.78307137063018
-55.09094193894351,-38.16199359004155,-69.85314088442885
-57.466378734532135,-35.92337059516649,-361.78288355992646
-57.3381588321639,-37.07539669092692,-107.19101269678895
-58.18241825166651,-37.473613833651946,-65.52935496971168
-56.07012480635721,-36.033130591627035,-421.92873374984663
-55.133635614153434,-39.064183110498085,-479.8274562905635
-58.6717383329863,-39.91757498749588,-302.02008321109673
-55.63958354033125,-38.49739588705101,-435.82697788669617
-59.42554927499673,-38.96048938380197,-171.8791632567053
-59.687802873072165,-35.55171964333065,-156.76514877414215
-56.5760369756531,-38.089999421096444,-343.1899207894706
-55.36925233149456,-39.92106176605046,-98.07775648555383
-58.28637940477445,-37.09961465789788,-446.48945651623137
-56.027501000786266,-35.51154285492028,-155.89768301590334
-59.175061948020655,-35.32110974948263,-284.1656044323142
-58.01308750399365,-35.178021706087065,-421.58535708372233
-58.662331267791004,-35.45053935387074,-187.64861243139782
-55.512900225290274,-38.52913330575139,-193.3363547597744
-59.39590219043687,-39.144685369721195,-47.24708802875827
-57.163799693016784,-38.697244911351554,-379.8120352290586
-58.1942915740737,-39.88765154958425,-140.84853405931912
-55.570411127270845,-39.52721465624514,-383.9234054105271
-59.883664271712135,-38.71555429853958,-141.07451864744633
-58.85012557097349,-39.89314102786269,-200.765126999774
-56.27005045211543,-38.90012416267772,-481.6467215579602
-58.25000040153704,-36.966880657271865,-422.5751626640799
-57.30679738095742,-38.81841209746616,-200.49441224816312
-57.90951331515438,-39.420919052707134,-364.1511567855599
-55.35375056629381,-37.99505557690068,-176.06328659468764
-56.72912546885276,-35.57711145205987,-481.1798693374021
-57.40226056486719,-36.370812685905776,-211.52085486254637
-55.33710137478228,-39.19281433206289,-432.78108075134514
-56.79357579750123,-35.63235453334709,-172.0914747321955
-55.04259327735846,-36.2075108882933,-183.91963475486264
-56.948589836965226,-37.98481166631493,-305.3230969650708
-59.763652080442704,-39.82111876456236,-417.2530522606358
-55.40798009154205,-36.63541394317998,-496.6445384221154
-55.46690644539975,-35.58809759892038,-136.89551763928583
-55.745949962818315,-37.85254068709174,-395.80372405875164
-58.296892838370155,-39.513265722316994,-150.45763265496527
-59.699317917146466,-38.182466298126116,-114.05096752597312
-56.78202084532752,-37.018889255428526,-262.488682787465
-57.86159944198833,-37.09733847962943,-45.731013567823354
-56.12634779807217,-37.25782008700789,-253.0040483135548
-59.78686689165185,-39.59889215602376,-302.52190910132583
-59.31727367075783,-38.38236966771677,-65.0282598452177
-57.77325429127464,-35.54788580410426,-257.90722412419
-55.755566400046824,-35.34567951593897,-359.82383624031337
-58.78693278194367,-37.068938973998385,-139.40442048201382
-56.76410681845254,-37.24580492179522,-333.6084280976026
-58.13018851986635,-39.665535828297386,-355.9141019528397
-59.24540201196022,-35.870399041801356,-322.8767881471591
-58.96914413603113,-35.72999133585852,-490.2146937807063
-55.46139378140364,-38.29472054022542,-441.43862688183145
-57.85502417860872,-37.79692819720486,-97.36405520023321
-59.54206052617326,-37.96031206898314,-383.9290965006527
-59.44940379026946,-39.76223908466742,-287.82147658439516
-59.90940571723058,-38.52557933610001,-288.6437023626771
-58.18210577387045,-35.50374405565938,-466.75560030974725
-57.21314450985107,-35.56266525438635,-382.18918358391943
-55.810950676949,-35.65041994172648,-388.5391316024956
-56.771404504871924,-38.913214048094545,-447.0914275810116
-58.777510523998544,-39.22079233304892,-388.31842873616495
-58.4883720781918,-37.02872799019604,-95.5475564088227
-56.02654093053588,-35.35432037358565,-132.22247259272578
-57.12181164498996,-38.20223641680314,-106.63396288860774
-56.12781615424853,-37.25129585893559,-65.11930195722084
-59.44548993035807,-39.711180637230264,-295.33866647758026
-56.998485098989406,-35.97580174218226,-468.26436544886246
-55.033282730820446,-37.70617496218603,-271.17443016123786
-56.36865098694762,-37.131328766457514,-417.5009439566238
-56.904319882892366,-37.14998521324622,-260.7797789035496
-57.326423303699734,-38.225396728419526,-71.75180888433442
-59.259511636147046,-39.3076630388884,-392.5900457385674
-57.252848161921385,-37.23684784035168,-455.4887805921363
-59.667562519962864,-36.18416337701632,-132.432559294739
-55.82167578426258,-39.27749716956864,-253.15645214220282
-55.31383203255574,-36.67913478487691,-69.14082065084
-55.67622513927459,-39.55853890325994,-115.21193661207832
-57.737811937059014,-37.8583754849835,-434.05822955069164
-56.3995694695794,-39.893500388939415,-341.7872174885068
-58.06303903315207,-36.3448507417842,-193.42335302651878
-57.84464762207462,-35.43151094306783,-189.45614909242718
-57.64728019300355,-36.3219458792003,-303.7168967854491
-56.785441272775124,-36.96606871806395,-243.08974267358437
-58.2351803555122,-37.103041027708684,-94.9870910864532
-56.90511465840636,-37.420236784305814,-216.09917185673334
-56.91316709436036,-38.79359018512095,-306.62931157845503
-56.83519492253511,-37.176379885276425,-122.65187065850792
-55.37331274657428,-37.18175420301886,-196.07406248984321
-57.37910939778592,-36.2439412712039,-458.46331269800675
-56.77509125991186,-39.98364446801171,-360.5428178411606
-59.53266011098654,-35.841906777445345,-117.16902255244727
-56.078752498140595,-35.5776060736238,-478.2498053985562
-57.2274698709129,-35.35833360010641,-63.53420425285778
-56.10131210985277,-37.55805886206873,-353.9658729509665
-55.234067500656856,-39.51409845370575,-95.00075785302258
-55.51478001946001,-37.97247271402899,-500.11550115499756
-56.279422284495595,-36.428813667916465,-123.44061463844311
-57.37214655120398,-39.34420583800697,-300.9685433854531
-57.4072065049022,-35.71667769581655,-80.91743524878498
-59.816563777969655,-38.18302387166489,-113.55727233730276
-55.6800899226175,-36.455467181331564,-200.67321208940925
-57.018986557027205,-39.677020402800295,-481.76044300813305
-58.18579437867536,-39.60359076881146,-88.23433858687237
-58.71454256878309,-37.850609085620334,-195.19004321581002
-59.78321823323035,-35.021853108688944,-387.8902723253858
-57.079815209227,-35.420314188443015,-156.90566798417507
-58.326030592726156,-39.70221139355836,-344.15495775215203
-57.65274668763181,-39.691814987922584,-292.9517890550074
-58.56085635647716,-38.768520231972204,-207.51483780975005
-58.5348455504166,-37.35607437128083,-115.97155192842786
-55.50426261211312,-38.11391524318656,-403.2868132588721
-57.462487976443406,-38.30284790991723,-433.28408691224524
-57.87247067911467,-35.49310100532631,-415.95321469319157
-59.69411998663833,-36.151905865606366,-461.7953579669247
-55.53079077154904,-35.64688274561322,-493.105316446736
-57.14485551331296,-39.061255286908235,-64.37890847915341
-57.65601559978228,-37.39137519312595,-421.46002876326094
-56.528901294295856,-37.53411891189694,-345.9195567587627
-58.31832364485448,-35.78709499850133,-349.17877955675584
-55.528138414872224,-38.06111493602025,-354.52556948406135
-55.733055043304354,-37.28200583679109,-412.75970261686894
-57.68182753103649,-38.99240528469216,-214.61101545355447
-59.76498714289183,-37.50157587767759,-342.938773039661
-58.30558633826233,-39.045009959842886,-273.80316953625913
-55.90184090866763,-35.517594575027346,-348.1063231011697
-56.40711397231819,-38.24556582706716,-423.7064250116312
-56.27762539658204,-39.36828929690876,-168.02207095161492
-59.657769218755405,-39.111296504901496,-52.424278575335
-58.35048430303296,-39.8474217746696,-372.4794870148261
-57.44093283022502,-36.44074146820583,-277.7533468393794
-58.07097177266192,-38.888422817567815,-257.7773886782254
-57.22246494842931,-36.74550728925243,-166.06404468732572
-59.98186884808573,-37.57908074924591,-142.7516269057627
-59.385843662493784,-39.11996280726644,-483.8553053482105
-59.37391946860348,-35.27298238443389,-198.22828148967983
-56.58424195767987,-39.42634836149024,-118.06227753626058
-56.62322136296274,-37.045413528347304,-127.84284596406387
-56.799710217295555,-37.706920821186294,-353.29739509329056
-58.92722710833812,-38.72804862234365,-63.92369181544015
-58.75745364138896,-35.239566692076465,-488.6197885707185
-58.77073240926585,-39.41119080178948,-226.67341216101624
-56.34294265719764,-35.04539407541023,-437.9267100739267
-57.97590371863883,-38.171739664957336,-381.20603774190164
-57.26204107439647,-36.84025958474,-294.00761538069645
-58.25872787989133,-39.08893502087764,-98.8696076751385
-59.47512730465806,-37.97285366049806,-257.7233632619095
-59.28327996628563,-36.09479229953166,-361.0614773867686
-56.640497061758616,-37.581323681988415,-293.85820016503806
-57.12595835151934,-39.6929805979371,-147.2846961752966
-59.80998995698194,-37.50927044012594,-116.8231216350378
-59.08776693722423,-36.01690321721359,-245.8291675581381
-59.755039610663786,-38.2947966699376,-474.1693864092277
-55.4849786124151,-36.71317753968588,-426.39390399072005
-56.297921813002716,-36.669327362275936,-227.54734028789858
-55.5091095841036,-38.14858381311543,-477.34282954581886
-58.297871943508206,-38.96604788793866,-228.95523022274662
-56.72475884209688,-37.89460300092298,-466.0459437526376
-56.63684973152887,-38.99912832746027,-404.3161522138121
-59.838814811728646,-38.29402228411454,-402.5933108570372
-57.35639779830265,-35.6721667030854,-238.01320966997758
-58.505957532354834,-35.135165145850145,-227.68099677744772
-56.731363523205744,-36.22294018333039,-483.4048809325679
-55.85864646108224,-39.64574930591273,-93.00264488995667
-59.11628464186753,-35.1226331520807,-255.51015357476246
-58.6766348878808,-36.57497350993695,-297.5384071404304
-59.121972529533195,-36.27291424965797,-218.19758378915736
-56.50914111959815,-37.47332371768492,-392.5641299798082
-59.53324593961613,-36.45466106617061,-269.5726570474525
-57.036322465836605,-36.422668957151046,-193.90857804985305
-55.97117729223333,-38.837961183943264,-67.86427157908868
-58.44233990409675,-36.28893223438714,-267.4475256648821
-58.036779915477595,-36.916697735796795,-387.515533113176
-55.00672654883866,-38.78007242079927,-90.05466555073193
-57.805672475642176,-38.04340693243489,-308.9045319166593
-55.421602284861905,-38.95915121214002,-493.6753487726313
-55.85706328341565,-36.69185489629309,-194.8741014511794
-57.897737903827526,-39.756027960611625,-135.48025815097097
-55.132470222374195,-38.8031148081057,-372.1648319855195
-57.75157111938482,-36.581944133216794,-412.6417517473803
-59.26656901151463,-36.479209257285525,-457.6727935566544
-57.98578837963563,-39.29466103695196,-301.4014664070069
-58.756338005445656,-35.13977249903906,-354.4642311067528
-56.46099361222886,-38.828873511517685,-160.29531848597514
-57.31369077371118,-35.962082905817724,-223.82978807784582
-57.71603331586913,-39.97630347976579,-73.26745287083679
-59.76698804318906,-36.63690436447136,-461.8144978120515
-55.4825747827845,-36.75854484393725,-170.22193624045912
-55.503031613575594,-39.554568280955145,-373.9182464318743
-57.98870532155085,-35.1916674992722,-263.65167159976795
-55.39826466277847,-35.84798603890289,-401.875554353301
-59.2596648550627,-36.743285938725194,-458.9173150325922
-57.118795537279276,-38.74686534246352,-191.70519516164768
-55.8499470114166,-37.044178497642896,-265.6397936238551
-59.217192328851574,-38.91859381232785,-153.90381888773283
-57.25961443155261,-36.95226868421995,-193.72051020020285
-55.428738334936625,-35.62356577795496,-366.01590471931223
-56.91076567457728,-39.79770337293271,-285.4982626262161
-55.88494155402733,-36.642379108523215,-343.8038549343421
-56.55736708862278,-35.59752351495462,-298.95770608074935
-59.12223606492484,-35.39560152366882,-487.5235606756085
-59.89876093199452,-37.0668588174711,-145.4870512681385
-55.02405717943024,-38.58674722087967,-271.2881492878922
-58.81017801393034,-39.5921956937079,-277.8800953603881
-59.752300121031496,-36.475484216601636,-160.92279844776738
-58.79006978692607,-39.96501072867073,-423.8814411124885
-59.91209628825828,-37.66010372031859,-404.558499779492
-56.01817856596635,-37.622101545750255,-105.86641491927801
-56.05129032493176,-39.306131775905044,-339.52525757737783
-58.25962666955003,-37.83780321315042,-102.89753843200732
-55.62139174222025,-35.71737988762838,-262.61290297165567
-59.363539091315154,-35.391393274054536,-102.07720753849054
-56.2411053485849,-39.79119886524365,-141.39301244782556
-59.6181699437457,-36.951314499897286,-228.53241312029033
-55.95638683048231,-36.32508653483792,-130.30801957144962
-55.69575506043774,-38.62854507123601,-323.8575648221078
-57.69693860171737,-35.28554925626484,-405.78901936403366
-56.2589974710184,-38.38346239468205,-254.90471533792703
-58.00718858991154,-38.75833101272283,-127.62111335479206
-55.727548895177364,-38.97713368713609,-68.77613144371577
-58.05744809806854,-38.99027570495608,-189.45215283121706
-59.873299923683625,-35.08237079710139,-359.28731560295364
-59.388060165765566,-39.107787704885475,-428.80672949018145
-59.96366466271646,-38.4282869418961,-405.5459058216851
-56.82416566580065,-38.02579900890931,-425.87225688470846
-59.14063537511519,-35.053253877576765,-418.1990684996468
-57.62707859514351,-35.15771589431904,-166.94353006935373
-56.443056518791884,-38.86383518772784,-248.69800785361886
-55.56767091322635,-36.73998126957746,-308.8399273063051
-59.70631049105993,-37.654194141947194,-101.8548853213931
-55.941099850606484,-36.76497225466023,-474.5068351681753
-58.30263521878516,-35.37671320304154,-337.88357102688644
-57.460298576627366,-35.89021079364643,-254.97224909782787
-57.215226637725074,-37.73091981428353,-454.52902592207545
-55.62938700407222,-35.33838227785261,-433.4378982779047
-58.3758688284235,-35.92245182825709,-360.19465039885665
-56.282713803816705,-37.74302037311354,-399.93521411526757
-56.05811996180819,-38.24202161058953,-385.57353283969826
-56.806814488536595,-36.64668503243593,-135.4455083500056
-58.95239583978539,-37.393618821135185,-127.57034653505494
-58.137370484088535,-39.59509600829394,-347.01866434005365
-56.0905751340408,-36.05640752849082,-235.58804901668643
-56.79848001481907,-35.11515494319154,-210.26299650450164
-56.4317731026681,-37.018459573415164,-143.48764373349948
-56.428925698443024,-39.46933280657814,-311.51278230115895
-56.69814852757133,-37.138333254584445,-69.40786893155962
-57.03425446629259,-38.65782330560927,-230.88418196703583
-56.97401806229335,-36.11017173159483,-49.928111437939194
-59.530678938944966,-39.8092530571045,-277.4963139408381
-55.64269758574663,-38.86696259102543,-192.81412110122648
-55.91329854591002,-38.502129067715956,-376.87704613475296
-57.01657347534466,-36.04981552057326,-363.6382241315759
-56.84365553416847,-38.77076886640958,-217.0789143252453
-57.76413483723418,-37.92778103365061,-270.98904067335803
-57.868934798006464,-35.62115279620001,-323.3951517126873
-59.87707441048035,-39.87181568506636,-323.7280633667892
-56.603854254544764,-37.76442848958608,-495.3414260885391
-55.44384588046515,-38.74981357748101,-259.06382358635665
-55.80904451367621,-35.30064663874747,-364.05967085110706
-59.153550699639425,-39.807177842503584,-335.85765124033145
-57.06813150705584,-35.79435275429093,-189.9947064537034
-58.347091525780066,-37.81540457520816,-276.5103555618933
-58.69660298692812,-37.261468361985145,-63.71385853141279
-59.13831093486007,-37.6079693896834,-373.4208880185369
-58.61669841215544,-37.789007927673275,-407.6642747844237
-59.27215502335321,-38.74361736242646,-105.15503462273709
-59.98394293551548,-37.44652636391161,-314.1646985883883
-55.893442360492024,-39.42807124703693,-466.8041324221387
-57.04979786571822,-37.236650192323474,-126.87520717725552
-58.22911232834593,-37.53638151987283,-431.81664962596994
-57.703890274771965,-36.044652221895916,-283.1670001247097
-57.929944117335964,-37.234594067543604,-146.77101461239047
-56.631673110191805,-36.14574431768772,-154.3744546993122
-56.933610405342456,-39.51001494963146,-147.40082131145704
-56.18212496374032,-35.31310981303512,-423.13304297661875
-55.68409036876356,-36.162903705998865,-418.1169532196552
-56.43790451166817,-39.66505529267214,-333.3686240033728
-55.04922155869619,-36.82162784372677,-287.26531187549136
-55.40929386578733,-37.18161077954914,-98.3757863679196
-55.111921263222634,-35.5377973584842,-445.2036890649021
-57.259911626469666,-36.014171892700716,-304.3153333255174
-59.31195514767278,-35.272624193116386,-250.6766100457374
-55.648344776623475,-36.322705103742855,-386.07276118463614
-57.137413777541425,-36.47065804002253,-363.85887631875926
-57.8043335794626,-39.86105305304302,-89.43016251591662
-56.19594115848954,-36.430655850168186,-344.53401597341457
-57.77574646770355,-35.059852553234506,-161.2319084712168
-59.04590973353211,-38.84894439385854,-176.8154685097843
-59.054269497823256,-38.072513338028294,-399.84329371966163
-59.55584943881974,-35.37027839681224,-317.41515568142546
-56.81623860351031,-39.5927314029618,-446.2125610520747
-58.493596415706236,-35.2006359760011,-396.3335895479498
-55.82630940504107,-39.79267023742927,-341.26241846954883
-58.53560467936283,-38.03819171882123,-188.17960222415573
-58.26615825829314,-39.126410840155565,-407.7758535215901
-59.197383007326565,-37.192738476754855,-68.14916507978748
-56.53620444203629,-39.4876604899245,-377.72213168016873
-57.71978174933795,-37.48098458536862,-191.75460639650493
-55.62252996706092,-35.987691273263174,-462.58772849190933
-56.9211631333581,-39.89747693880758,-389.458477523287
-59.29722362674417,-36.656929192840735,-301.0886849720314
-55.909441532829625,-39.556738902016654,-84.85821344374864
-58.42936911571773,-38.87095205585769,-252.13231497173857
-56.10005361147761,-37.622941179248336,-365.0993505197847
-57.882248311174,-35.67860392442192,-460.6733193234219
-59.51211076300588,-38.73776267656811,-392.46749028000426
-55.5842179666251,-38.47140047032571,-203.52710654120017
-58.194545626991435,-36.196631304471325,-58.79133131546851
-58.15067386069824,-36.18794126844499,-245.31825047086303
-57.106885966245265,-37.601032892670545,-459.880017651441
-55.751613964000434,-37.0331417329461,-417.6923291028403
-55.91229020983954,-36.41310241241259,-502.4498846273518
-55.59285268652164,-39.651385393411935,-447.0477671574423
-57.12805495594518,-35.868249600946605,-318.3556420470081
-58.222218828496366,-36.74384603192165,-413.52363787763034
-55.777465656391904,-36.22131213924982,-236.53579335767677
-55.584263949690865,-39.00099073842551,-250.4046677555571
-57.93354133490493,-37.72345863633874,-61.724269524396504
-55.14552780548185,-38.76184281646903,-458.30618293137167
-58.69004852562234,-37.471521374765075,-105.4664871415159
-56.84116475972143,-35.93470642497151,-268.7984389515828
-56.954265589504885,-37.90158584021214,-92.45271593903372
-55.731622540700116,-39.10090946458368,-345.0139025916714
-56.85902232473464,-37.32255544412268,-167.78782591958614
-55.65455929579998,-39.5378494759205,-361.3617152236247
-55.11033375011077,-36.23235280228142,-427.8520270334909
-59.52588284993118,-39.16472420617934,-373.55503213160966
-57.457135497809624,-37.560342289116875,-137.60035393520693
-59.926121521892505,-35.7807876353524,-90.91159660566468
-59.45339868459046,-35.946782502657975,-115.05840510682654
-55.308018654172535,-36.16550878432477,-256.2806470412402
-57.01942367028074,-37.999650646162124,-398.5407934540817
-59.93542400024776,-39.9941982790162,-125.54256214895702
-58.70003415336121,-35.35168423933839,-257.02400337913224
-59.641751422710605,-38.18519101477492,-213.4426571321698
-57.77202701058915,-37.38745611626887,-295.30358728917713
-57.73358041643259,-39.671122821050936,-215.5739550361556
-55.13041296964684,-35.2890939013366,-204.94051978780277
-55.91849839309649,-35.826511953908,-101.0543462430658
-59.7267866884724,-39.71206262467164,-206.36009461495365
-59.387061131480344,-38.02712800579307,-99.81249288273517
-59.88327501287772,-35.65309219952551,-129.59947333100544
-59.92431796336823,-39.87242032515407,-150.05560435578766
-58.81480149376633,-35.913238980668986,-287.1631902359592
-57.37097434777192,-35.193898770056656,-161.3855946426837
-58.8163266906992,-37.99496444535631,-349.0727874534256
-58.80177833774683,-36.411983123826154,-156.50099953367942
-59.34130361992911,-35.64292472877838,-381.94558057361075
-56.356340412253424,-39.65971747947876,-472.9652262281821
-55.996849635687624,-35.061975410662946,-374.57519916987326
-55.86539253295106,-39.989000087011036,-63.21391408805425
-59.123698517949094,-39.43075119841408,-148.07100626134863
-59.58327713700442,-38.48413706976583,-391.8625217854841
-56.71871634558753,-38.48394357126638,-277.3980510548115
-56.595564669114374,-36.455743905627116,-484.62344181868184
-56.82758180729241,-37.89004132986922,-364.94130068702265
-55.761893258425964,-36.555811770809775,-220.6006842481781
-55.40876284355367,-37.130025514350855,-205.7215400010837
-56.9855200922992,-37.68267691982667,-466.9563764758696
-57.956587933737275,-37.3987207720894,-281.93485938588674
-58.17093754816791,-38.29760490673112,-281.6360497047747
-56.506138197952545,-39.96416045179801,-76.98915143267233
-56.41014815455628,-39.303687640293845,-496.50761551813
-57.381408151332195,-37.13525600262252,-158.3494993142661
-59.22468935297465,-36.24991769276575,-240.00505757101178
-55.2333395990018,-36.10340096078147,-495.926807828958
-59.66754888244958,-39.57814710340541,-356.60928912676104
-59.00416484340451,-38.68130365997918,-154.29934616019742
-57.242122176351856,-39.180945430034335,-319.2529177505525
-56.613318628951745,-37.29551452311998,-171.73503667945798
-59.742391128799646,-38.70680592467994,-150.9539987672993
-55.219592238653824,-37.550741882632984,-480.92876407844994
-56.76560326969888,-36.93023714631976,-231.49880655618762
-55.321633641017804,-38.64868910559438,-292.1651896377924
-59.417678282076906,-39.00673488153263,-188.68557590260278
-58.02150333701614,-35.53740024672224,-69.21353689636935
-57.64192821874034,-38.89126167302192,-322.85757325466994
-57.34646767003821,-37.676469313163,-275.6339810022058
-57.66929342158375,-38.45462482172468,-228.69777814385762
-59.232614355312684,-38.897560181417866,-137.62876012551925
-59.194538104595985,-36.15114756883822,-281.49488595736005
-59.79768292399154,-38.61922141904916,-255.55125927957994
-56.0447415127096,-37.618690081181455,-75.3697922755161
-57.005430916152555,-36.04022838067215,-467.3954301760619
-59.946580961243896,-37.694083426000425,-214.59708341533425
-56.029205858661356,-35.22092600790965,-452.17914393249504
-56.37848292397728,-38.89841686082294,-183.92358204302542
-57.706559110358924,-36.455154019461915,-193.79038836629928
-59.28054725295322,-39.14666422221799,-427.78857741508557
-58.98797467103979,-38.52732037840863,-76.84551893693464
-59.05498441200234,-35.6775521614023,-459.0408708310752
-56.986424750029684,-38.315650996596574,-153.4332006234338
-55.72446511419793,-37.56192317348922,-123.4529724898864
-56.03051850896655,-37.11486065742556,-234.93699728059784
-59.831144182563555,-38.375328289100885,-461.25432448924323
-58.774383584060466,-35.02082579398957,-62.3886189663777
-56.27936364528009,-35.29468044098575,-475.91745615065565
-59.5047264542196,-39.81017479251911,-154.0654056590616
-55.11363110342765,-37.31031950503272,-498.8730690173634
-57.81764918262035,-39.33260057933612,-368.79584613236835
-55.32216888787058,-38.85706331883353,-328.89857965668523
-59.24377870842955,-39.11651562568124,-324.8384245481249
-58.89044033460426,-38.432389528214124,-100.203217826096
-58.05834483557417,-35.520788856859554,-259.6090738867766
-58.04972457112494,-39.481204008988186,-372.7427568917838
-55.99399300775427,-39.05594724326273,-483.50576134354617
-57.63425449433,-37.84891034636694,-325.57686926224153
-58.26413311430706,-39.8735968554585,-143.72530416121688
-56.9697431871082,-35.684314540012544,-120.47860620294215
-58.24103551833157,-37.3909835221613,-354.1669149325544
-57.948253109807766,-37.040580234642455,-367.5756534090868
-55.87851519362515,-35.145136646108355,-78.66564318271877
-56.23326373552312,-38.187725325316116,-400.756836850911
-59.10962441826061,-38.86059962303796,-60.84557795712085
-58.5645414891909,-38.28830081713328,-78.65657879845408
-58.02215155058685,-36.57371537690908,-62.80477000868342
-59.218098013774465,-38.22400521657893,-352.6080695893316
-56.944557760077615,-38.390981267130755,-297.75738456923506
-56.40467393070787,-36.275674083531534,-209.80026672861564
-59.36776346913573,-38.15499758096788,-250.32023966998142
-56.445985738385616,-39.234771346406994,-143.45786016771206
-58.26228332580073,-36.89977625612184,-246.09797050396756
-56.26842001228735,-35.78478279283046,-486.7379125711957
-57.15651637240464,-36.295342811971274,-109.34334586450805
-59.26818465673456,-39.44769954505854,-301.35348184048644
-55.19717688504605,-36.13291080900678,-354.4575132415486
-57.10411112828452,-37.79636238065894,-185.63893952595197
-57.691506909868416,-35.92704150846198,-377.46277468050437
-58.00632620349968,-38.14042900703065,-92.88798231992403
-59.97066745710764,-37.97108270262149,-387.3742245169264
-56.77676825305322,-38.19736116069155,-230.27983841520398
-59.8861289310329,-36.957532213337814,-493.27793094073905
-59.46552327870812,-35.49870584712585,-175.29540654370592
-57.39272038544394,-35.56984377919215,-307.5324161971986
-59.58925031547876,-39.84275794891085,-300.0669577101223
-57.84696906041958,-39.86558365435214,-356.2913919440406
-57.32861385793794,-37.508586998681416,-474.0206114744198
-55.81706438006652,-38.10087334642531,-314.86354713734937
-55.891242542326864,-36.88067994779364,-455.6486995825053
-57.41271946239515,-35.47578525520894,-364.872825567376
-57.79016606055965,-38.1738999689731,-112.770659068332
-57.86874360560847,-39.79172981811202,-256.6339393437611
-59.957615423626464,-37.54287270642651,-320.0110292939915
-58.16966897336367,-39.74033819777727,-170.3198569774168
-56.031849299496464,-35.496798951754144,-412.04258136674196
-57.28810792424267,-36.28056590615576,-165.46237854821507
-58.01475149249462,-37.59474710383693,-443.02182844042613
-57.64946612794946,-37.72100747968207,-144.23779881089965
-58.302495508162366,-36.660159346995954,-308.2381819655134
-59.43642051336313,-39.191746268859944,-293.0696843966317
-59.4055741776585,-36.432271347376776,-364.4511347361414
-59.67495727641224,-39.10985928656821,-110.72391836491568
-56.51671885758682,-37.35751669868306,-411.3012803678329
-59.56674013247776,-38.616444360678756,-248.29248370426177
-57.753339624860445,-36.06450707630775,-459.9604319628744
-57.93827731208896,-35.710232285032326,-190.31062422541225
-59.92455985930597,-35.21189000172653,-236.73759630293895
-55.467610623513785,-39.795593855366874,-432.4842102464965
-55.342209047105776,-37.69818399605358,-113.30493866719608
-58.169644208762456,-37.625532610845475,-146.78210474490322
-59.251309400163095,-36.62415460058446,-119.10720363473185
-56.95563258257978,-36.51188231001134,-109.73971765885494
-58.76682478889003,-36.942750641859675,-182.79306640876305
-56.52076272538852,-38.3015305918602,-202.97753543466447
-59.17991850487373,-35.73721832361235,-47.90674112610136
-56.28369157897571,-38.42911099289234,-295.86548632826464
-56.53244755304004,-36.286475104922815,-401.1879712544282
-55.892730328859656,-38.73408875913439,-59.75317867648548
-57.102629030893524,-36.75028497289402,-467.68565160084773
-59.18323847649,-35.563451665861294,-492.04171046853696
-57.55519106020276,-36.22953311444756,-115.3239001130928
-58.068107406344005,-36.426301377324506,-168.32246328334662
-58.396690277376486,-37.70541694786912,-233.55770113321995
-58.101807427071336,-36.40295457446347,-144.84038510656185
-59.164816649361114,-36.41792978484744,-322.16444195229343
-58.50187642078583,-35.726402832500135,-383.6189276386173
-56.53333726899775,-36.891331713575546,-113.9710217710717
-55.77809391724474,-35.34364741886787,-421.9722807909446
-58.08111854813096,-37.85073855008446,-309.52275925601475
-56.2030732093865,-36.22137813350765,-492.7168919919083
-57.78842394232607,-37.0433410858806,-417.2580344779741
-58.508305708684034,-36.50275805438212,-476.0516572132378
-59.96948446672686,-39.79976285351924,-147.09643964985383
-57.948456112143475,-38.884964327408284,-339.6667419271695
-59.63212592457008,-38.99178639503465,-348.51513199164987
-56.31816706613169,-36.80800412620207,-461.5490994847533
-56.1247377050035,-35.569036333563496,-137.3017699232763
-55.817301275674765,-38.91829162535754,-214.27063313770196
-55.01648060019057,-39.63431391083567,-89.53176967549766
-59.572919448848324,-37.84748953849768,-50.31068595855303
-56.9815391471534,-38.10401394712015,-433.81067266483586
-56.331986644098095,-36.39805422334427,-89.17103367042995
-55.48553387765522,-38.24288893814365,-92.39454970564088
-57.74266792312693,-37.63462549406318,-267.83423123576415
-59.322324238829935,-36.35268575269819,-383.264264903455
-55.89720091533043,-36.70328609157913,-266.45491585905916
-55.08325589712562,-35.440409678547546,-313.58449737756104
-56.1689336245099,-35.44480780820827,-356.43376377073247
-56.609067778003556,-38.521572095160224,-229.03398503588502
-58.214243547719924,-38.22393424447237,-288.10564720309793
-58.578930594611975,-36.5279574676235,-377.6248588657569
-55.91236855406786,-38.15673158072778,-438.09934705481203
-55.16125675236795,-37.146214846860985,-242.02790331920932
-55.462151824461074,-39.76174419755376,-65.14092140938381
-57.55513802482801,-39.18377424112596,-476.07325684896256
-56.446490380211344,-37.00148821304966,-347.5400321069327
-57.56953727804957,-35.55157055796165,-209.29459870979667
-57.74760831574378,-39.830157068991205,-368.5676493078573
-57.231857802511485,-35.005912953070606,-258.6516574273468
-57.396752873048335,-37.20232959338368,-170.92889385135143
-59.28544717248925,-35.20975383545516,-104.02461592224131
-56.18378060759437,-35.83317015494415,-251.25927817756389
-56.08224624277297,-36.78015820047068,-455.2882385914465
-56.73267889740878,-38.744795492040076,-133.8257142379021
-59.29210955173735,-39.09307648979849,-353.5990484987756
-58.841694073801165,-38.34169107879585,-185.97116622359403
-56.250504234273805,-36.000453860877116,-413.7257590354211
-57.50018833086228,-38.69775637845888,-371.36940028357907
-59.26091645268834,-38.241807654632524,-140.85182070231122
-57.15684827057161,-38.27717892717727,-236.771170222408
-59.89240859081726,-35.953959681872576,-98.2755556045391
-55.70121984493773,-39.36348067944708,-260.993111792285
-58.46546727061135,-36.49153861520796,-421.0962967682945
-57.574756696083355,-38.328813645224045,-182.82651286552112
-57.41002592584651,-37.33879231085196,-100.69790883728915
-58.908951106615845,-36.68650805255598,-387.71050088734285
-57.85306783726811,-35.255641344366914,-278.5690497623425
-58.22746459265752,-35.356564717960374,-128.34742919615442
-56.70994987169762,-38.07331759777854,-53.92057200595833
-58.921893845881996,-37.74506250725963,-84.4523487689097
-59.69064936428411,-36.76085482755294,-207.48064027173788
-58.94376136520704,-36.97260127936614,-202.76687377169742
-59.95905370774551,-35.60059197818439,-424.6642423374046
-58.49416354352819,-35.17830326951868,-377.49099718709334
-59.96017960986434,-36.82376853968694,-59.1537928805738
-59.75496902718145,-39.080531302591524,-428.7872333317768
-57.989899478250585,-37.7873274160807,-398.8301790369369
-58.29961072876997,-38.22450756048529,-308.40226056342306
-55.093387004515414,-39.36424371405766,-87.43922130750207
-55.43570224180161,-38.76271574535639,-419.0419259411558
-58.64143055292074,-38.846606705419916,-469.4010785095352
-57.10703260547548,-36.38932802290822,-308.34050960033125
-59.74483328468725,-39.91354066232188,-397.6387292790062
-56.7852288181883,-35.303752466246856,-208.418715615242
-59.266568967216024,-37.004827330144565,-291.43738457895637
-59.96906549721792,-37.9614293415706,-138.0955409743993
-55.61413127382565,-39.21490678429974,-331.2065070260966
-59.782296288010556,-35.67589948926393,-132.18684295863244
-56.45925953218326,-36.293100234397656,-220.74594229800286
-55.7642700152704,-37.80501536950151,-160.82750313450492
-58.68413798049883,-37.68214439899201,-117.69157043447171
-59.87819128479925,-36.82113245312025,-495.418627023232
-56.68227774285851,-36.12804329553939,-254.52936942501833
-56.288621199853296,-39.661424595481876,-143.2232819020619
-57.728241933213525,-35.630677423907514,-208.80960033058017
-59.317410588279984,-37.033123333111654,-380.9007676943483
-55.26339580957929,-36.615439401620954,-151.58338930360563
-55.31662008588255,-36.909647960059395,-392.654572587067
-56.14471784138364,-36.45969586486336,-413.3178390943454
-56.50374853756015,-37.94034388845492,-150.397958087397
-59.62930903878963,-35.139751911621346,-301.33581492641764
-55.622122729062625,-37.45539188145527,-171.2281169669018
-57.643778430768755,-36.43082828056115,-361.27847724689724
-58.22345336173164,-35.404356970385514,-427.62069797145625
-55.11115597924933,-37.16572691878904,-326.8633608447401
-55.94475749792495,-37.01532620990745,-303.4777285688114
-58.14156306898703,-37.11209481109772,-387.7462530117108
-57.464568659376035,-37.644473237060545,-111.04010036122766
-57.981086032355904,-38.729281664262366,-444.8432220400872
-56.034732497083176,-36.9477085669942,-248.65571833807618
-57.1828679777862,-39.39911509017304,-389.8824060971947
-59.649128788953114,-37.30355874204189,-144.0783393946002
-58.46708997181509,-35.89773180969549,-70.0503269422257
-58.86472034763482,-39.1319496205961,-483.9469565222293
-57.485516680140776,-37.88201215606463,-387.17104457603875
-57.45213427383368,-37.705983212377326,-471.0769362522048
-56.05327684690016,-36.07248809106859,-380.41130649256
-56.41117593499644,-38.01209570251665,-420.8934288298403
-58.30759345059101,-39.87855881619139,-431.30297553703076
-59.40668162315004,-38.370999384824266,-118.68920141545736
-57.82756354968205,-35.33531889372682,-422.23532512311454
-55.31524361947081,-39.92691177760639,-338.5149833153942
-57.80901500345466,-37.74160250443328,-357.52371478119557
-59.995097259463805,-38.86679455359891,-83.15464346423764
-59.85648450410217,-39.788543284750126,-466.3331924665638
-58.109042872402405,-36.014054552318605,-369.7265535766357
-57.810631762669516,-39.32029062183543,-461.58386895468203
-55.95939093330602,-35.96221709579674,-397.00988695322724
-59.81150890077157,-38.10767886045567,-235.15101706873494
-57.547030227413636,-39.03432659296327,-155.50230689227354
-56.95509842512418,-39.25367881356694,-354.388487670314
-55.716127505972416,-35.763746373821405,-97.61026387830299
-58.17695277530759,-36.805631945212994,-261.4541798162099
-59.62244528549073,-39.61431922240505,-158.61898219908537
-56.21795909752976,-37.30344435696248,-392.4806906790179
-55.493953613105404,-38.45971190122469,-284.738857936985
-59.07525741165151,-39.45573318776042,-375.47150040886606
-57.155043369443895,-36.20119803402728,-490.844276297605
-56.35707623851412,-37.12822919496275,-308.61271206306316
-59.32011420048758,-39.12131472093707,-447.2901989923701
-59.643720227713544,-38.626297691060756,-251.7147605116388
-57.7628051530037,-37.40133711880234,-406.4209074223089
-55.292170815071344,-36.55724730678247,-62.532259257207656
-57.83703500472139,-39.77237535890345,-255.2357882654461
-57.20303096002955,-35.29949301338896,-74.8774858037249
-56.468496149431836,-38.100764709728686,-474.77606050250114
-59.29889166356863,-35.97759207876294,-123.4339871008756
-58.56013829009858,-39.65214038098719,-487.86417584845725
-55.82053631585829,-35.16930076737556,-284.6225245585442
-55.899176183172834,-37.4009772000734,-419.1486159888198
-57.23432349843546,-39.67596021894923,-143.15348204705688
-59.630712984651495,-37.92716042588727,-391.49205867620816
-55.235188830794385,-37.82314769320289,-507.8012636647632
-56.01244144612308,-36.36950426733319,-369.2978691187929
-56.577465368422224,-37.7213516242176,-318.2217080379036
-55.70526425456782,-35.0506642658749,-477.90701709093344
-55.57120109682968,-35.80539931636139,-65.57480417148795
-58.8261823848305,-38.234159844570975,-408.4613468896401
-57.818861184731354,-35.56267289132191,-86.52339872397893
-56.59599741521644,-36.700916917932226,-307.2648354547748
-57.13539962011637,-37.42179572598598,-399.67126784160575
-56.3076471540025,-35.281182887274134,-498.14299965469655
-57.8713869073604,-37.324039272897,-302.57192446961955
-58.804776866039866,-35.46746381986163,-454.7596900986238
-55.61673497204554,-39.704775991424945,-397.0910995229459
-58.265557037859395,-36.37565077292861,-324.43730548670527
-57.35348742471362,-35.57121439732557,-248.6161747143798
-59.27000913364842,-39.90398366863826,-430.1354932957442
-58.231619676400555,-38.73017444606634,-143.62107473921617
-55.19405772938893,-36.09155986157919,-417.3797703346398
-59.59862194295621,-38.570534607589686,-422.15634204242934
-57.58766306842803,-35.49475477240375,-404.74796956660555
-57.32386583492964,-36.98032740531689,-206.45805629244504
-59.436620871582114,-39.858557328527674,-286.7483821911026
-56.87287351276915,-35.89366106625814,-317.1783152080866
-55.52500218659817,-38.19759392645695,-412.90659023286696
-57.010148678299686,-37.0432355151639,-327.76055717060046
-59.32332418514876,-35.00919036949024,-196.4013812735176
-57.12368068942108,-36.20904002383193,-98.67098620468181
-58.22542347324783,-35.136392498243445,-206.77896992547775
-59.61562393078374,-37.24780140233614,-129.32427269033604
-57.16756180675526,-38.469331666884116,-399.0716911049557
-57.64896433420883,-36.3521557511314,-427.66934259309005
-55.43809462341477,-39.07650509293107,-294.50148549914576
-57.51224306158148,-35.81768009083325,-97.99405058193769
-57.18616233734141,-38.16303814006959,-394.7882973858018
-57.10396279201647,-38.50528425132374,-317.8848676474342
-57.48868173041361,-38.569794088552854,-449.7398476050929
-55.05406352736716,-35.09235114709023,-436.1005766489589
-58.00175019336769,-35.631986793102335,-106.64634356420314
-56.374720312330766,-35.056157704614456,-400.4725532884427
-59.31350580238881,-39.95842743347638,-61.03081731585409
-56.042535827776106,-36.515681147922706,-189.99436042204994
-59.920466689566794,-37.99711827335258,-208.7070362967465
-57.2168467347402,-38.19194601897223,-482.74632923718184
-55.91232462845971,-37.207384992054436,-145.10382257435685
-56.24974891480877,-37.48389475187371,-344.62655303175814
-55.61434372282757,-39.18360021970307,-400.0777385698416
-55.66926030795954,-35.58054647946338,-175.81379102711276
-58.209616021592055,-38.43147250300696,-60.653989453292446
-55.34894104484792,-36.66603387523302,-97.41501352569796
-58.74418269528602,-37.033705077775906,-48.37524338761223
-59.35927324266991,-36.788383173931045,-344.3758904299122
-57.455246651513036,-38.33615008532215,-202.68924382967398
-57.90521653724429,-35.316869202967155,-460.10249627164825
-59.30496068756533,-35.819372638348256,-77.62779164677262
-56.811986117502066,-35.305130426068814,-317.9223166990798
-57.713080765188494,-38.675676931451214,-354.6801643772505
-57.08265886611441,-37.290972366757345,-52.51989907433217
-59.206947821105715,-36.695138109174756,-419.08902910486376
-59.30271556977791,-36.780577071289635,-318.4068759357446
-58.67140663754584,-35.9641081999342,-68.62270982621584
-57.45846106790722,-38.9723687214639,-360.03155741705314
-58.69975059428887,-37.163838201457395,-237.46281528721263
-58.305998490278085,-35.285514555011844,-374.4925403311014
-59.79705566625399,-35.32091930952524,-282.3557914502677
-55.338483106677245,-38.909959125352565,-263.4526262063503
-58.51941797430355,-36.12574613880938,-186.7461934403109
-57.17018667099161,-38.44573897552339,-136.03084843360975
-55.94691581210582,-36.65045688953914,-75.843048189994
-57.90554749220074,-36.02612263838641,-318.5083836196522
-57.44782339958981,-39.56171633978144,-358.9737402278341
-59.781548363865845,-38.77917776978268,-271.10762550493723
-58.40748260434456,-35.355699203270554,-230.19929025981898
-59.721831816112,-35.38518592638617,-242.1409053155084
-56.38990164432797,-38.29222697877038,-241.34817351928015
-56.31652714939392,-35.77040923061229,-160.4722866086988
-56.407377532237696,-35.14722359165769,-362.9182522065641
-55.98902187808712,-35.93888543233196,-440.0973870216663
-55.28361861311953,-36.11653773010002,-443.8551937083751
-59.53600034200923,-35.73919947480521,-482.92257942911135
-56.45027670707199,-37.70428111862079,-349.29621891195904
-57.93522202863462,-37.72646128973299,-293.43222925755765
-59.227509214168826,-35.65661745693213,-80.5780559906763
-58.24035933621075,-38.78832823229352,-195.4373801822689
-58.58499933101217,-35.446202977428285,-287.8191041048221
-57.75316587726552,-35.70330137621922,-448.99376718874305
-59.215594808122276,-37.2387757423381,-327.2936128456018
-55.118361192266946,-38.41751495566834,-151.08655971566048
-59.32043055241888,-38.83174131428457,-495.32128757425926
-55.238746991932366,-37.80063599567115,-84.88523061140927
-55.26491815188082,-37.060792797843064,-383.1183854611671
-56.09916974116437,-35.65116588978176,-328.92050297270026
-59.008322902390546,-36.56272274215113,-454.1115480811661
-55.70616575140816,-37.697442914574836,-452.91528306838705
-57.517750583084954,-37.7626239691171,-289.77452080744604
-55.803689174898075,-35.0018967876172,-112.58697084767934
-58.54873780299233,-35.549002112001375,-398.74637008197743
-59.27725143611803,-36.0646153784664,-126.19210342587252
-58.45014140562398,-38.10779571793366,-188.7037325267328
-56.27476682407934,-36.51107791567124,-458.3250957651982
-56.023894875209294,-39.50184837760727,-409.5194074436551
-57.72956286801015,-38.69752470027841,-197.67088579700578
-59.120512470320044,-39.93443244690781,-418.7836929434517
-56.13252147274871,-38.27748851975663,-370.8963353600439
-57.104583710215636,-37.3197995023901,-390.7468891764557
-58.485443789558126,-35.436896245849425,-400.90131384534413
-58.51052895099227,-36.73555471952803,-259.8294295782696
-59.02530617254295,-36.292890971058966,-239.7942328191479
-55.668742718352,-39.728752739733885,-346.6199261166739
-59.340433045031354,-35.01406966751104,-191.00161187482675
-58.294560745983695,-38.32521432494695,-464.406946188727
-57.281609851770106,-36.688881580776126,-133.7338572090141
-56.411043039367044,-35.9375837142728,-158.92268883830988
-55.08072485914064,-38.052265047745514,-352.9485519035648
-57.59115630613412,-38.067814506262465,-70.1950397764006
-57.363917128410094,-38.2318444744926,-46.56489304913582
-56.732125712883274,-39.92964059076595,-397.1240555269839
-57.27081394202418,-36.23996688031569,-274.84473757361314
-56.51177267363343,-39.51498310668322,-311.7501431070314
-55.97195157533959,-35.556116016671716,-220.64484890945587
-58.610670373431844,-36.903219442089025,-89.58944208663617
-59.995863422596585,-39.790060497263504,-492.5076494616156
-57.15810911062658,-35.342905958951754,-352.9944292901176
-58.99628367064894,-35.680857630277835,-427.5089408386676
-58.518728766503834,-35.27730324643326,-382.235782213792
-57.471183751341975,-39.37091889633836,-90.89695960279985
-59.990996721920425,-39.574778330935644,-340.0128449017737
-56.79998215810847,-39.373219526388375,-433.77769998448355
-57.60020315698171,-38.25072215878524,-468.4689046588042
-57.83344017409281,-38.526375082755315,-397.0272353931296
-59.6433138488785,-39.5498425552759,-85.58799127185911
-59.89279212576878,-38.86023625542339,-216.537279630409
-56.34197212805104,-38.18932167825176,-357.28750233733814
-56.56495878749043,-38.0758016112388,-159.69946691608925
-58.79642757951301,-36.645661518817256,-487.6326322117235
-58.047605974978424,-35.4814042519419,-372.4543536304369
-58.62259838490271,-35.81038880453118,-183.66525062690133
-58.928103779159386,-36.77244539762749,-151.92138586441308
-58.70202968282199,-39.054372683032035,-47.18678684475275
-59.99171668581762,-35.886013604735055,-457.1196246951532
-57.621688689654334,-36.10792615618098,-213.58713444978213
-58.28243685292482,-38.01797011311883,-306.8667941309056
-57.3139666817346,-37.76197205579676,-311.7825062501157
-59.27645513473585,-37.92130332873328,-292.51034217338105
-57.782551155008804,-39.011955392998104,-364.7742546317773
-58.85430509098613,-39.68256091517774,-75.51450483900051
-56.4021735347117,-36.79911306782524,-412.5134438094821
-58.26429016026516,-37.696915676725006,-461.8554615928689
-55.464133550768835,-38.2028099709651,-231.29550450271626
-57.023279191676174,-35.78903934176694,-465.64153998698777
-56.157674426077804,-38.73260313224782,-411.91770543193604
-55.23852565394214,-38.83824717620044,-387.32013379466423
-59.38227767392935,-39.96686618609811,-131.5235260555499
-59.4234772899609,-35.18068775352166,-145.7753315126384
-57.20155219905596,-38.994772851266916,-157.45568866306408
-55.481878340209676,-35.788486043365864,-446.2522436245641
-58.0978025327918,-38.724952082416266,-122.96821357675339
-59.39660996515604,-36.39082897949817,-170.1927209882885
-58.77055153140684,-36.10886957265481,-446.87966641346156
-58.20638235024902,-39.72052711750793,-479.75947039560674
-55.00153088854413,-39.413917643164794,-278.817407204245
-55.59658554821157,-36.22458781358972,-113.11346176448347
-55.456550120899735,-36.7240914340473,-257.3339430084422
-57.518001250649505,-36.55812763217217,-436.3650138077209
-55.94060799693206,-35.40691105836316,-487.174897958218
-56.210988738607945,-39.61187077430996,-351.04323607870583
-55.993950842948365,-39.86120606093469,-237.3200425802831
-55.73289414585342,-38.075156731348194,-163.7221138727279
-55.51436860152146,-36.91511080672664,-156.9197279444716
-59.27164729779093,-37.20029305321464,-364.33112324511626
-58.523296035884684,-39.18437127363213,-212.20742181482382
-56.76117972194165,-35.30749718595777,-248.73103893575853
-59.175214202439896,-35.031328174464086,-166.67220963920045
-57.40308024773145,-38.3725961530206,-195.36240867117192
-56.44793532748048,-38.75841614049353,-375.5914293675899
-59.581977944227496,-36.9785170812636,-268.5956742944303
-58.600164062485106,-36.60142217451918,-338.8661261456581
-57.1577208583405,-37.65636497809174,-438.5652140453465
-56.013696884732774,-39.322755689247174,-187.24378864902795
-58.831841893947406,-35.48145887820422,-392.75751124662986
-58.67211670143454,-35.255670379890994,-411.29280012834084
-56.6103779646679,-37.12491940565573,-338.7971774599922
-57.91648178760283,-35.226285169652066,-221.65215390034632
-58.71105923216086,-37.21108507271377,-237.7347256301993
-57.097056899810745,-37.895975197270424,-483.10387531405655
-58.18190998576145,-37.130880986049405,-85.49146854199526
-56.60433292452503,-38.210801753477085,-432.9495588113243
-59.79516851583141,-36.20340375451931,-172.04607985702094
-59.390397329104594,-35.25962327217389,-111.06143119757014
-55.071713672898746,-39.46101947917746,-242.9796270459806
-58.40005636692308,-37.10768530242548,-110.23450345293203
-55.42804355752247,-35.68879162209945,-91.78669075701232
-57.63402667783458,-36.184862794338144,-225.01486541789058
-57.1522054741341,-35.801549698117796,-383.0819915500544
-58.45914660491093,-39.93843687870301,-130.25737908786138
-56.523335676586974,-37.781720037467664,-375.81380267682266
-55.361492430764606,-35.81739332302607,-85.25242128190988
-56.923767903722336,-35.852588875539105,-217.0324764535347
-55.480834673510245,-37.582931704209656,-122.13467425729323
-58.635964667047624,-38.43416571014927,-426.9753653865277
-55.37914010834414,-36.384891253846476,-280.86280104274476
-55.408876523372605,-37.15449159887258,-341.185868102041
-58.617666619429734,-36.229709585296284,-371.8004926240972
-57.772287595815285,-36.18237659845615,-55.475214226398386
-59.22691569390871,-35.403519819765506,-485.05471396077877
-57.256865457287354,-38.183061987499194,-117.60165826263382
-56.21307595152905,-37.237297411412605,-350.28072227768416
-58.35178022241787,-36.28876166206717,-144.82138140917016
-57.43465921688221,-39.194286427551084,-363.7078741829602
-55.78944793229166,-39.673643796165045,-60.29131835923164
-57.033057764895275,-37.22131100245415,-54.611610405692275
-56.69500566591306,-35.05551328930517,-486.0881457645588
-55.09926572379182,-36.43183761617198,-139.50754573086456
-57.23746678103311,-38.515349190389585,-159.5367307565512
-58.36654292777171,-36.66804179703772,-304.1044029813282
-58.7570780991649,-38.84618744834976,-190.62645970653824
-55.24238311121273,-38.58989331263434,-109.5307980388826
-55.583912171299886,-36.250797108574815,-350.3646908913974
-57.24893796853304,-35.74424667687593,-335.9376640960816
-55.130334722418326,-38.81183731635418,-70.0436796078288
-55.95223442482802,-36.782340734622764,-347.2683424124303
-55.74832932440856,-37.651977649206785,-478.2848254463069
-56.54838577926039,-39.63352619399738,-284.19335791846936
-59.01230844576391,-36.635060466474044,-443.0270236374581
-57.73292342880808,-35.11442094254417,-129.608770478367
-56.494258965202484,-38.42840341494098,-330.0796115383644
-58.89410259258873,-37.893373630055656,-117.34346980678787
-58.79671808458726,-36.757828304303345,-374.68796537369207
-58.52058044369069,-39.9440046878364,-92.70563121505673
-59.40229321362279,-38.25364448100571,-309.6224202787908
-55.608860258235495,-37.01788828015861,-325.87590751564926
-59.82134148033506,-36.29686073450754,-135.5326526436079
-55.91181375827479,-39.93914254089513,-114.25099445618619
-58.57717063080942,-39.99155335559952,-297.1292844546481
-59.399209531296556,-35.28036764053198,-295.761829964825
-58.21181921406829,-37.39514689196132,-180.11700337122886
-59.23431390731296,-38.09361089927026,-260.8936866670235
-56.34625886504681,-39.38263591110303,-245.041288948759
-56.04401665057373,-37.6996600965862,-164.94797601090238
-57.38134155147683,-38.73646901253036,-321.6405403503375
-55.81893894717245,-35.41650524264759,-374.3915632969464
-57.555739751789034,-35.33159906492981,-148.92580386949098
-58.43673473841919,-36.08099761862351,-348.9022851781271
-59.58434177169931,-37.4322184536582,-468.6580404341462
-57.29225836545933,-36.91205176687578,-364.32518421950596
-58.06271492711397,-36.82203885725425,-129.85628861587233
-58.838145542421614,-38.658239354639576,-208.8254657522239
-58.32145380574216,-35.72775274855618,-84.80966678938185
-56.30470703567774,-39.449736271589856,-471.8283401649784
-59.30382764362826,-37.798539528315715,-236.39958804743557
-58.562407912557866,-39.08805524196045,-466.60944601077364
-58.30481714439133,-36.17751878712329,-470.7486626096345
